task_id,trial_id,input,target,x,y,x_name,y_name,x_description,y_description,pair_id,source_file,bin_id,bin_left,bin_right,sample_stage,seed
1,0,[7.0],7.9,7.0,7.9,altitude,temperature (average over 1961-1990),altitude,temperature (average over 1961-1990),pair0001,/Users/aj9225/Local/meta-learning-ecological-priors-from-llms/functionlearning/data/cause-effects/pairs/pair0001.txt,0,0.0,370.0,density,3653403230
1,1,[81.0],7.9,81.0,7.9,altitude,temperature (average over 1961-1990),altitude,temperature (average over 1961-1990),pair0001,/Users/aj9225/Local/meta-learning-ecological-priors-from-llms/functionlearning/data/cause-effects/pairs/pair0001.txt,0,0.0,370.0,density,3653403230
1,2,[157.0],8.9,157.0,8.9,altitude,temperature (average over 1961-1990),altitude,temperature (average over 1961-1990),pair0001,/Users/aj9225/Local/meta-learning-ecological-priors-from-llms/functionlearning/data/cause-effects/pairs/pair0001.txt,0,0.0,370.0,density,3653403230
1,3,[109.0],9.6,109.0,9.6,altitude,temperature (average over 1961-1990),altitude,temperature (average over 1961-1990),pair0001,/Users/aj9225/Local/meta-learning-ecological-priors-from-llms/functionlearning/data/cause-effects/pairs/pair0001.txt,0,0.0,370.0,density,3653403230
1,4,[144.0],9.9,144.0,9.9,altitude,temperature (average over 1961-1990),altitude,temperature (average over 1961-1990),pair0001,/Users/aj9225/Local/meta-learning-ecological-priors-from-llms/functionlearning/data/cause-effects/pairs/pair0001.txt,0,0.0,370.0,density,3653403230
1,5,[443.0],9.2,443.0,9.2,altitude,temperature (average over 1961-1990),altitude,temperature (average over 1961-1990),pair0001,/Users/aj9225/Local/meta-learning-ecological-priors-from-llms/functionlearning/data/cause-effects/pairs/pair0001.txt,1,370.0,740.0,density,3653403230
1,6,[344.5],8.1,344.5,8.1,altitude,temperature (average over 1961-1990),altitude,temperature (average over 1961-1990),pair0001,/Users/aj9225/Local/meta-learning-ecological-priors-from-llms/functionlearning/data/cause-effects/pairs/pair0001.txt,0,0.0,370.0,coverage,3653403230
1,7,[1486.0],3.3,1486.0,3.3,altitude,temperature (average over 1961-1990),altitude,temperature (average over 1961-1990),pair0001,/Users/aj9225/Local/meta-learning-ecological-priors-from-llms/functionlearning/data/cause-effects/pairs/pair0001.txt,4,1480.0,1850.0,coverage,3653403230
1,8,[692.0],6.0,692.0,6.0,altitude,temperature (average over 1961-1990),altitude,temperature (average over 1961-1990),pair0001,/Users/aj9225/Local/meta-learning-ecological-priors-from-llms/functionlearning/data/cause-effects/pairs/pair0001.txt,1,370.0,740.0,density,3653403230
1,9,[440.0],6.9,440.0,6.9,altitude,temperature (average over 1961-1990),altitude,temperature (average over 1961-1990),pair0001,/Users/aj9225/Local/meta-learning-ecological-priors-from-llms/functionlearning/data/cause-effects/pairs/pair0001.txt,1,370.0,740.0,density,3653403230
1,10,[4.0],8.4,4.0,8.4,altitude,temperature (average over 1961-1990),altitude,temperature (average over 1961-1990),pair0001,/Users/aj9225/Local/meta-learning-ecological-priors-from-llms/functionlearning/data/cause-effects/pairs/pair0001.txt,0,0.0,370.0,density,3653403230
1,11,[846.0],5.6,846.0,5.6,altitude,temperature (average over 1961-1990),altitude,temperature (average over 1961-1990),pair0001,/Users/aj9225/Local/meta-learning-ecological-priors-from-llms/functionlearning/data/cause-effects/pairs/pair0001.txt,2,740.0,1110.0,density,3653403230
1,12,[42.0],7.9,42.0,7.9,altitude,temperature (average over 1961-1990),altitude,temperature (average over 1961-1990),pair0001,/Users/aj9225/Local/meta-learning-ecological-priors-from-llms/functionlearning/data/cause-effects/pairs/pair0001.txt,0,0.0,370.0,density,3653403230
1,13,[185.0],9.3,185.0,9.3,altitude,temperature (average over 1961-1990),altitude,temperature (average over 1961-1990),pair0001,/Users/aj9225/Local/meta-learning-ecological-priors-from-llms/functionlearning/data/cause-effects/pairs/pair0001.txt,0,0.0,370.0,density,3653403230
1,14,[792.0],6.8,792.0,6.8,altitude,temperature (average over 1961-1990),altitude,temperature (average over 1961-1990),pair0001,/Users/aj9225/Local/meta-learning-ecological-priors-from-llms/functionlearning/data/cause-effects/pairs/pair0001.txt,2,740.0,1110.0,coverage,3653403230
1,15,[496.0],7.7,496.0,7.7,altitude,temperature (average over 1961-1990),altitude,temperature (average over 1961-1990),pair0001,/Users/aj9225/Local/meta-learning-ecological-priors-from-llms/functionlearning/data/cause-effects/pairs/pair0001.txt,1,370.0,740.0,density,3653403230
1,16,[2960.0],-4.8,2960.0,-4.8,altitude,temperature (average over 1961-1990),altitude,temperature (average over 1961-1990),pair0001,/Users/aj9225/Local/meta-learning-ecological-priors-from-llms/functionlearning/data/cause-effects/pairs/pair0001.txt,7,2590.0,2960.0,coverage,3653403230
1,17,[43.0],8.0,43.0,8.0,altitude,temperature (average over 1961-1990),altitude,temperature (average over 1961-1990),pair0001,/Users/aj9225/Local/meta-learning-ecological-priors-from-llms/functionlearning/data/cause-effects/pairs/pair0001.txt,0,0.0,370.0,density,3653403230
1,18,[1213.0],2.9,1213.0,2.9,altitude,temperature (average over 1961-1990),altitude,temperature (average over 1961-1990),pair0001,/Users/aj9225/Local/meta-learning-ecological-priors-from-llms/functionlearning/data/cause-effects/pairs/pair0001.txt,3,1110.0,1480.0,coverage,3653403230
1,19,[818.0],6.1,818.0,6.1,altitude,temperature (average over 1961-1990),altitude,temperature (average over 1961-1990),pair0001,/Users/aj9225/Local/meta-learning-ecological-priors-from-llms/functionlearning/data/cause-effects/pairs/pair0001.txt,2,740.0,1110.0,density,3653403230
1,20,[585.0],7.4,585.0,7.4,altitude,temperature (average over 1961-1990),altitude,temperature (average over 1961-1990),pair0001,/Users/aj9225/Local/meta-learning-ecological-priors-from-llms/functionlearning/data/cause-effects/pairs/pair0001.txt,1,370.0,740.0,coverage,3653403230
1,21,[42.0],8.4,42.0,8.4,altitude,temperature (average over 1961-1990),altitude,temperature (average over 1961-1990),pair0001,/Users/aj9225/Local/meta-learning-ecological-priors-from-llms/functionlearning/data/cause-effects/pairs/pair0001.txt,0,0.0,370.0,density,3653403230
1,22,[567.0],6.4,567.0,6.4,altitude,temperature (average over 1961-1990),altitude,temperature (average over 1961-1990),pair0001,/Users/aj9225/Local/meta-learning-ecological-priors-from-llms/functionlearning/data/cause-effects/pairs/pair0001.txt,1,370.0,740.0,density,3653403230
1,23,[5.0],9.1,5.0,9.1,altitude,temperature (average over 1961-1990),altitude,temperature (average over 1961-1990),pair0001,/Users/aj9225/Local/meta-learning-ecological-priors-from-llms/functionlearning/data/cause-effects/pairs/pair0001.txt,0,0.0,370.0,density,3653403230
14,0,[75.0],25.0,75.0,25.0,horsepower,mpg,horsepower,mpg,pair0014,/Users/aj9225/Local/meta-learning-ecological-priors-from-llms/functionlearning/data/cause-effects/pairs/pair0014.txt,1,69.0,92.0,density,2735729614
14,1,[95.0],20.0,95.0,20.0,horsepower,mpg,horsepower,mpg,pair0014,/Users/aj9225/Local/meta-learning-ecological-priors-from-llms/functionlearning/data/cause-effects/pairs/pair0014.txt,2,92.0,115.0,density,2735729614
14,2,[145.0],13.0,145.0,13.0,horsepower,mpg,horsepower,mpg,pair0014,/Users/aj9225/Local/meta-learning-ecological-priors-from-llms/functionlearning/data/cause-effects/pairs/pair0014.txt,4,138.0,161.0,density,2735729614
14,3,[110.0],18.6,110.0,18.6,horsepower,mpg,horsepower,mpg,pair0014,/Users/aj9225/Local/meta-learning-ecological-priors-from-llms/functionlearning/data/cause-effects/pairs/pair0014.txt,2,92.0,115.0,density,2735729614
14,4,[170.0],13.0,170.0,13.0,horsepower,mpg,horsepower,mpg,pair0014,/Users/aj9225/Local/meta-learning-ecological-priors-from-llms/functionlearning/data/cause-effects/pairs/pair0014.txt,5,161.0,184.0,density,2735729614
14,5,[86.0],23.0,86.0,23.0,horsepower,mpg,horsepower,mpg,pair0014,/Users/aj9225/Local/meta-learning-ecological-priors-from-llms/functionlearning/data/cause-effects/pairs/pair0014.txt,1,69.0,92.0,density,2735729614
14,6,[76.0],30.0,76.0,30.0,horsepower,mpg,horsepower,mpg,pair0014,/Users/aj9225/Local/meta-learning-ecological-priors-from-llms/functionlearning/data/cause-effects/pairs/pair0014.txt,1,69.0,92.0,coverage,2735729614
14,7,[82.0],31.0,82.0,31.0,horsepower,mpg,horsepower,mpg,pair0014,/Users/aj9225/Local/meta-learning-ecological-priors-from-llms/functionlearning/data/cause-effects/pairs/pair0014.txt,1,69.0,92.0,density,2735729614
14,8,[158.0],13.0,158.0,13.0,horsepower,mpg,horsepower,mpg,pair0014,/Users/aj9225/Local/meta-learning-ecological-priors-from-llms/functionlearning/data/cause-effects/pairs/pair0014.txt,4,138.0,161.0,coverage,2735729614
14,9,[115.0],21.5,115.0,21.5,horsepower,mpg,horsepower,mpg,pair0014,/Users/aj9225/Local/meta-learning-ecological-priors-from-llms/functionlearning/data/cause-effects/pairs/pair0014.txt,3,115.0,138.0,coverage,2735729614
14,10,[105.0],18.0,105.0,18.0,horsepower,mpg,horsepower,mpg,pair0014,/Users/aj9225/Local/meta-learning-ecological-priors-from-llms/functionlearning/data/cause-effects/pairs/pair0014.txt,2,92.0,115.0,density,2735729614
14,11,[150.0],14.0,150.0,14.0,horsepower,mpg,horsepower,mpg,pair0014,/Users/aj9225/Local/meta-learning-ecological-priors-from-llms/functionlearning/data/cause-effects/pairs/pair0014.txt,4,138.0,161.0,density,2735729614
14,12,[193.0],9.0,193.0,9.0,horsepower,mpg,horsepower,mpg,pair0014,/Users/aj9225/Local/meta-learning-ecological-priors-from-llms/functionlearning/data/cause-effects/pairs/pair0014.txt,6,184.0,207.0,coverage,2735729614
14,13,[67.0],38.0,67.0,38.0,horsepower,mpg,horsepower,mpg,pair0014,/Users/aj9225/Local/meta-learning-ecological-priors-from-llms/functionlearning/data/cause-effects/pairs/pair0014.txt,0,46.0,69.0,density,2735729614
14,14,[68.0],30.0,68.0,30.0,horsepower,mpg,horsepower,mpg,pair0014,/Users/aj9225/Local/meta-learning-ecological-priors-from-llms/functionlearning/data/cause-effects/pairs/pair0014.txt,0,46.0,69.0,coverage,2735729614
14,15,[208.0],11.0,208.0,11.0,horsepower,mpg,horsepower,mpg,pair0014,/Users/aj9225/Local/meta-learning-ecological-priors-from-llms/functionlearning/data/cause-effects/pairs/pair0014.txt,7,207.0,230.0,coverage,2735729614
14,16,[116.0],25.4,116.0,25.4,horsepower,mpg,horsepower,mpg,pair0014,/Users/aj9225/Local/meta-learning-ecological-priors-from-llms/functionlearning/data/cause-effects/pairs/pair0014.txt,3,115.0,138.0,density,2735729614
14,17,[65.0],34.1,65.0,34.1,horsepower,mpg,horsepower,mpg,pair0014,/Users/aj9225/Local/meta-learning-ecological-priors-from-llms/functionlearning/data/cause-effects/pairs/pair0014.txt,0,46.0,69.0,density,2735729614
14,18,[74.0],36.0,74.0,36.0,horsepower,mpg,horsepower,mpg,pair0014,/Users/aj9225/Local/meta-learning-ecological-priors-from-llms/functionlearning/data/cause-effects/pairs/pair0014.txt,1,69.0,92.0,density,2735729614
14,19,[100.0],16.0,100.0,16.0,horsepower,mpg,horsepower,mpg,pair0014,/Users/aj9225/Local/meta-learning-ecological-priors-from-llms/functionlearning/data/cause-effects/pairs/pair0014.txt,2,92.0,115.0,density,2735729614
14,20,[76.0],41.5,76.0,41.5,horsepower,mpg,horsepower,mpg,pair0014,/Users/aj9225/Local/meta-learning-ecological-priors-from-llms/functionlearning/data/cause-effects/pairs/pair0014.txt,1,69.0,92.0,density,2735729614
14,21,[95.0],21.1,95.0,21.1,horsepower,mpg,horsepower,mpg,pair0014,/Users/aj9225/Local/meta-learning-ecological-priors-from-llms/functionlearning/data/cause-effects/pairs/pair0014.txt,2,92.0,115.0,coverage,2735729614
14,22,[77.0],25.4,77.0,25.4,horsepower,mpg,horsepower,mpg,pair0014,/Users/aj9225/Local/meta-learning-ecological-priors-from-llms/functionlearning/data/cause-effects/pairs/pair0014.txt,1,69.0,92.0,density,2735729614
14,23,[175.0],13.0,175.0,13.0,horsepower,mpg,horsepower,mpg,pair0014,/Users/aj9225/Local/meta-learning-ecological-priors-from-llms/functionlearning/data/cause-effects/pairs/pair0014.txt,5,161.0,184.0,coverage,2735729614
18,0,[6.37],7.0,6.37,7.0,age of child in years,concentration of GAG (the units have been lost),age of child in years,concentration of GAG (the units have been lost),pair0018,/Users/aj9225/Local/meta-learning-ecological-priors-from-llms/functionlearning/data/cause-effects/pairs/pair0018.txt,2,4.4175,6.626250000000001,density,2195314464
18,1,[5.67],8.8,5.67,8.8,age of child in years,concentration of GAG (the units have been lost),age of child in years,concentration of GAG (the units have been lost),pair0018,/Users/aj9225/Local/meta-learning-ecological-priors-from-llms/functionlearning/data/cause-effects/pairs/pair0018.txt,2,4.4175,6.626250000000001,density,2195314464
18,2,[0.65],19.2,0.65,19.2,age of child in years,concentration of GAG (the units have been lost),age of child in years,concentration of GAG (the units have been lost),pair0018,/Users/aj9225/Local/meta-learning-ecological-priors-from-llms/functionlearning/data/cause-effects/pairs/pair0018.txt,0,0.0,2.20875,density,2195314464
18,3,[1.37],12.1,1.37,12.1,age of child in years,concentration of GAG (the units have been lost),age of child in years,concentration of GAG (the units have been lost),pair0018,/Users/aj9225/Local/meta-learning-ecological-priors-from-llms/functionlearning/data/cause-effects/pairs/pair0018.txt,0,0.0,2.20875,density,2195314464
18,4,[0.82],13.8,0.82,13.8,age of child in years,concentration of GAG (the units have been lost),age of child in years,concentration of GAG (the units have been lost),pair0018,/Users/aj9225/Local/meta-learning-ecological-priors-from-llms/functionlearning/data/cause-effects/pairs/pair0018.txt,0,0.0,2.20875,density,2195314464
18,5,[3.03],11.5,3.03,11.5,age of child in years,concentration of GAG (the units have been lost),age of child in years,concentration of GAG (the units have been lost),pair0018,/Users/aj9225/Local/meta-learning-ecological-priors-from-llms/functionlearning/data/cause-effects/pairs/pair0018.txt,1,2.20875,4.4175,coverage,2195314464
18,6,[0.02],32.6,0.02,32.6,age of child in years,concentration of GAG (the units have been lost),age of child in years,concentration of GAG (the units have been lost),pair0018,/Users/aj9225/Local/meta-learning-ecological-priors-from-llms/functionlearning/data/cause-effects/pairs/pair0018.txt,0,0.0,2.20875,coverage,2195314464
18,7,[7.62],7.7,7.62,7.7,age of child in years,concentration of GAG (the units have been lost),age of child in years,concentration of GAG (the units have been lost),pair0018,/Users/aj9225/Local/meta-learning-ecological-priors-from-llms/functionlearning/data/cause-effects/pairs/pair0018.txt,3,6.626250000000001,8.835,coverage,2195314464
18,8,[3.98],8.6,3.98,8.6,age of child in years,concentration of GAG (the units have been lost),age of child in years,concentration of GAG (the units have been lost),pair0018,/Users/aj9225/Local/meta-learning-ecological-priors-from-llms/functionlearning/data/cause-effects/pairs/pair0018.txt,1,2.20875,4.4175,density,2195314464
18,9,[10.81],11.7,10.81,11.7,age of child in years,concentration of GAG (the units have been lost),age of child in years,concentration of GAG (the units have been lost),pair0018,/Users/aj9225/Local/meta-learning-ecological-priors-from-llms/functionlearning/data/cause-effects/pairs/pair0018.txt,4,8.835,11.043750000000001,density,2195314464
18,10,[9.86],5.0,9.86,5.0,age of child in years,concentration of GAG (the units have been lost),age of child in years,concentration of GAG (the units have been lost),pair0018,/Users/aj9225/Local/meta-learning-ecological-priors-from-llms/functionlearning/data/cause-effects/pairs/pair0018.txt,4,8.835,11.043750000000001,coverage,2195314464
18,11,[15.06],3.2,15.06,3.2,age of child in years,concentration of GAG (the units have been lost),age of child in years,concentration of GAG (the units have been lost),pair0018,/Users/aj9225/Local/meta-learning-ecological-priors-from-llms/functionlearning/data/cause-effects/pairs/pair0018.txt,6,13.252500000000001,15.461250000000001,coverage,2195314464
18,12,[0.0],23.0,0.0,23.0,age of child in years,concentration of GAG (the units have been lost),age of child in years,concentration of GAG (the units have been lost),pair0018,/Users/aj9225/Local/meta-learning-ecological-priors-from-llms/functionlearning/data/cause-effects/pairs/pair0018.txt,0,0.0,2.20875,density,2195314464
18,13,[4.85],6.6,4.85,6.6,age of child in years,concentration of GAG (the units have been lost),age of child in years,concentration of GAG (the units have been lost),pair0018,/Users/aj9225/Local/meta-learning-ecological-priors-from-llms/functionlearning/data/cause-effects/pairs/pair0018.txt,2,4.4175,6.626250000000001,density,2195314464
18,14,[5.29],7.5,5.29,7.5,age of child in years,concentration of GAG (the units have been lost),age of child in years,concentration of GAG (the units have been lost),pair0018,/Users/aj9225/Local/meta-learning-ecological-priors-from-llms/functionlearning/data/cause-effects/pairs/pair0018.txt,2,4.4175,6.626250000000001,coverage,2195314464
18,15,[0.86],14.8,0.86,14.8,age of child in years,concentration of GAG (the units have been lost),age of child in years,concentration of GAG (the units have been lost),pair0018,/Users/aj9225/Local/meta-learning-ecological-priors-from-llms/functionlearning/data/cause-effects/pairs/pair0018.txt,0,0.0,2.20875,density,2195314464
18,16,[17.23],2.2,17.23,2.2,age of child in years,concentration of GAG (the units have been lost),age of child in years,concentration of GAG (the units have been lost),pair0018,/Users/aj9225/Local/meta-learning-ecological-priors-from-llms/functionlearning/data/cause-effects/pairs/pair0018.txt,7,15.461250000000001,17.67,coverage,2195314464
18,17,[11.9],8.1,11.9,8.1,age of child in years,concentration of GAG (the units have been lost),age of child in years,concentration of GAG (the units have been lost),pair0018,/Users/aj9225/Local/meta-learning-ecological-priors-from-llms/functionlearning/data/cause-effects/pairs/pair0018.txt,5,11.043750000000001,13.252500000000001,density,2195314464
18,18,[14.95],3.8,14.95,3.8,age of child in years,concentration of GAG (the units have been lost),age of child in years,concentration of GAG (the units have been lost),pair0018,/Users/aj9225/Local/meta-learning-ecological-priors-from-llms/functionlearning/data/cause-effects/pairs/pair0018.txt,6,13.252500000000001,15.461250000000001,density,2195314464
18,19,[16.01],2.0,16.01,2.0,age of child in years,concentration of GAG (the units have been lost),age of child in years,concentration of GAG (the units have been lost),pair0018,/Users/aj9225/Local/meta-learning-ecological-priors-from-llms/functionlearning/data/cause-effects/pairs/pair0018.txt,7,15.461250000000001,17.67,density,2195314464
18,20,[1.07],17.2,1.07,17.2,age of child in years,concentration of GAG (the units have been lost),age of child in years,concentration of GAG (the units have been lost),pair0018,/Users/aj9225/Local/meta-learning-ecological-priors-from-llms/functionlearning/data/cause-effects/pairs/pair0018.txt,0,0.0,2.20875,density,2195314464
18,21,[4.09],12.6,4.09,12.6,age of child in years,concentration of GAG (the units have been lost),age of child in years,concentration of GAG (the units have been lost),pair0018,/Users/aj9225/Local/meta-learning-ecological-priors-from-llms/functionlearning/data/cause-effects/pairs/pair0018.txt,1,2.20875,4.4175,density,2195314464
18,22,[12.8],3.9,12.8,3.9,age of child in years,concentration of GAG (the units have been lost),age of child in years,concentration of GAG (the units have been lost),pair0018,/Users/aj9225/Local/meta-learning-ecological-priors-from-llms/functionlearning/data/cause-effects/pairs/pair0018.txt,5,11.043750000000001,13.252500000000001,coverage,2195314464
18,23,[8.04],6.4,8.04,6.4,age of child in years,concentration of GAG (the units have been lost),age of child in years,concentration of GAG (the units have been lost),pair0018,/Users/aj9225/Local/meta-learning-ecological-priors-from-llms/functionlearning/data/cause-effects/pairs/pair0018.txt,3,6.626250000000001,8.835,density,2195314464
19,0,[1.8333333],48.1666667,1.8333333,48.1666667,duration of erruption in minutes,time to the next erruption in minutes,duration of erruption in minutes,time to the next erruption in minutes,pair0019,/Users/aj9225/Local/meta-learning-ecological-priors-from-llms/functionlearning/data/cause-effects/pairs/pair0019.txt,1,1.4104166375,1.987499975,coverage,1158725111
19,1,[4.6666667],77.3333333,4.6666667,77.3333333,duration of erruption in minutes,time to the next erruption in minutes,duration of erruption in minutes,time to the next erruption in minutes,pair0019,/Users/aj9225/Local/meta-learning-ecological-priors-from-llms/functionlearning/data/cause-effects/pairs/pair0019.txt,6,4.295833325,4.8729166625,density,1158725111
19,2,[4.4666667],86.5333333,4.4666667,86.5333333,duration of erruption in minutes,time to the next erruption in minutes,duration of erruption in minutes,time to the next erruption in minutes,pair0019,/Users/aj9225/Local/meta-learning-ecological-priors-from-llms/functionlearning/data/cause-effects/pairs/pair0019.txt,6,4.295833325,4.8729166625,density,1158725111
19,3,[1.7666667],47.2333333,1.7666667,47.2333333,duration of erruption in minutes,time to the next erruption in minutes,duration of erruption in minutes,time to the next erruption in minutes,pair0019,/Users/aj9225/Local/meta-learning-ecological-priors-from-llms/functionlearning/data/cause-effects/pairs/pair0019.txt,1,1.4104166375,1.987499975,density,1158725111
19,4,[1.8666667],76.1333333,1.8666667,76.1333333,duration of erruption in minutes,time to the next erruption in minutes,duration of erruption in minutes,time to the next erruption in minutes,pair0019,/Users/aj9225/Local/meta-learning-ecological-priors-from-llms/functionlearning/data/cause-effects/pairs/pair0019.txt,1,1.4104166375,1.987499975,density,1158725111
19,5,[4.7833333],88.2166667,4.7833333,88.2166667,duration of erruption in minutes,time to the next erruption in minutes,duration of erruption in minutes,time to the next erruption in minutes,pair0019,/Users/aj9225/Local/meta-learning-ecological-priors-from-llms/functionlearning/data/cause-effects/pairs/pair0019.txt,6,4.295833325,4.8729166625,density,1158725111
19,6,[4.4666667],75.5333333,4.4666667,75.5333333,duration of erruption in minutes,time to the next erruption in minutes,duration of erruption in minutes,time to the next erruption in minutes,pair0019,/Users/aj9225/Local/meta-learning-ecological-priors-from-llms/functionlearning/data/cause-effects/pairs/pair0019.txt,6,4.295833325,4.8729166625,density,1158725111
19,7,[4.2166667],71.7833333,4.2166667,71.7833333,duration of erruption in minutes,time to the next erruption in minutes,duration of erruption in minutes,time to the next erruption in minutes,pair0019,/Users/aj9225/Local/meta-learning-ecological-priors-from-llms/functionlearning/data/cause-effects/pairs/pair0019.txt,5,3.7187499875,4.295833325,density,1158725111
19,8,[1.8333333],55.1666667,1.8333333,55.1666667,duration of erruption in minutes,time to the next erruption in minutes,duration of erruption in minutes,time to the next erruption in minutes,pair0019,/Users/aj9225/Local/meta-learning-ecological-priors-from-llms/functionlearning/data/cause-effects/pairs/pair0019.txt,1,1.4104166375,1.987499975,density,1158725111
19,9,[4.15],86.85,4.15,86.85,duration of erruption in minutes,time to the next erruption in minutes,duration of erruption in minutes,time to the next erruption in minutes,pair0019,/Users/aj9225/Local/meta-learning-ecological-priors-from-llms/functionlearning/data/cause-effects/pairs/pair0019.txt,5,3.7187499875,4.295833325,density,1158725111
19,10,[2.05],47.95,2.05,47.95,duration of erruption in minutes,time to the next erruption in minutes,duration of erruption in minutes,time to the next erruption in minutes,pair0019,/Users/aj9225/Local/meta-learning-ecological-priors-from-llms/functionlearning/data/cause-effects/pairs/pair0019.txt,2,1.987499975,2.5645833125,density,1158725111
19,11,[4.2833333],72.7166667,4.2833333,72.7166667,duration of erruption in minutes,time to the next erruption in minutes,duration of erruption in minutes,time to the next erruption in minutes,pair0019,/Users/aj9225/Local/meta-learning-ecological-priors-from-llms/functionlearning/data/cause-effects/pairs/pair0019.txt,5,3.7187499875,4.295833325,coverage,1158725111
19,12,[4.45],74.55,4.45,74.55,duration of erruption in minutes,time to the next erruption in minutes,duration of erruption in minutes,time to the next erruption in minutes,pair0019,/Users/aj9225/Local/meta-learning-ecological-priors-from-llms/functionlearning/data/cause-effects/pairs/pair0019.txt,6,4.295833325,4.8729166625,density,1158725111
19,13,[3.5166667],81.4833333,3.5166667,81.4833333,duration of erruption in minutes,time to the next erruption in minutes,duration of erruption in minutes,time to the next erruption in minutes,pair0019,/Users/aj9225/Local/meta-learning-ecological-priors-from-llms/functionlearning/data/cause-effects/pairs/pair0019.txt,4,3.14166665,3.7187499875,density,1158725111
19,14,[5.0333333],87.9666667,5.0333333,87.9666667,duration of erruption in minutes,time to the next erruption in minutes,duration of erruption in minutes,time to the next erruption in minutes,pair0019,/Users/aj9225/Local/meta-learning-ecological-priors-from-llms/functionlearning/data/cause-effects/pairs/pair0019.txt,7,4.8729166625,5.45,density,1158725111
19,15,[0.8333333],48.1666667,0.8333333,48.1666667,duration of erruption in minutes,time to the next erruption in minutes,duration of erruption in minutes,time to the next erruption in minutes,pair0019,/Users/aj9225/Local/meta-learning-ecological-priors-from-llms/functionlearning/data/cause-effects/pairs/pair0019.txt,0,0.8333333,1.4104166375,coverage,1158725111
19,16,[5.45],83.55,5.45,83.55,duration of erruption in minutes,time to the next erruption in minutes,duration of erruption in minutes,time to the next erruption in minutes,pair0019,/Users/aj9225/Local/meta-learning-ecological-priors-from-llms/functionlearning/data/cause-effects/pairs/pair0019.txt,7,4.8729166625,5.45,coverage,1158725111
19,17,[4.5],75.5,4.5,75.5,duration of erruption in minutes,time to the next erruption in minutes,duration of erruption in minutes,time to the next erruption in minutes,pair0019,/Users/aj9225/Local/meta-learning-ecological-priors-from-llms/functionlearning/data/cause-effects/pairs/pair0019.txt,6,4.295833325,4.8729166625,coverage,1158725111
19,18,[3.45],69.55,3.45,69.55,duration of erruption in minutes,time to the next erruption in minutes,duration of erruption in minutes,time to the next erruption in minutes,pair0019,/Users/aj9225/Local/meta-learning-ecological-priors-from-llms/functionlearning/data/cause-effects/pairs/pair0019.txt,4,3.14166665,3.7187499875,coverage,1158725111
19,19,[2.6],55.4,2.6,55.4,duration of erruption in minutes,time to the next erruption in minutes,duration of erruption in minutes,time to the next erruption in minutes,pair0019,/Users/aj9225/Local/meta-learning-ecological-priors-from-llms/functionlearning/data/cause-effects/pairs/pair0019.txt,3,2.5645833125,3.14166665,coverage,1158725111
19,20,[2.5666667],67.4333333,2.5666667,67.4333333,duration of erruption in minutes,time to the next erruption in minutes,duration of erruption in minutes,time to the next erruption in minutes,pair0019,/Users/aj9225/Local/meta-learning-ecological-priors-from-llms/functionlearning/data/cause-effects/pairs/pair0019.txt,3,2.5645833125,3.14166665,density,1158725111
19,21,[1.8333333],51.1666667,1.8333333,51.1666667,duration of erruption in minutes,time to the next erruption in minutes,duration of erruption in minutes,time to the next erruption in minutes,pair0019,/Users/aj9225/Local/meta-learning-ecological-priors-from-llms/functionlearning/data/cause-effects/pairs/pair0019.txt,1,1.4104166375,1.987499975,density,1158725111
19,22,[2.2166667],62.7833333,2.2166667,62.7833333,duration of erruption in minutes,time to the next erruption in minutes,duration of erruption in minutes,time to the next erruption in minutes,pair0019,/Users/aj9225/Local/meta-learning-ecological-priors-from-llms/functionlearning/data/cause-effects/pairs/pair0019.txt,2,1.987499975,2.5645833125,coverage,1158725111
19,23,[4.25],84.75,4.25,84.75,duration of erruption in minutes,time to the next erruption in minutes,duration of erruption in minutes,time to the next erruption in minutes,pair0019,/Users/aj9225/Local/meta-learning-ecological-priors-from-llms/functionlearning/data/cause-effects/pairs/pair0019.txt,5,3.7187499875,4.295833325,density,1158725111
23,0,[46.0],83.0,46.0,83.0,age,weight,age,weight,pair0023,/Users/aj9225/Local/meta-learning-ecological-priors-from-llms/functionlearning/data/cause-effects/pairs/pair0023.txt,4,41.5,51.875,density,1322117303
23,1,[71.0],72.0,71.0,72.0,age,weight,age,weight,pair0023,/Users/aj9225/Local/meta-learning-ecological-priors-from-llms/functionlearning/data/cause-effects/pairs/pair0023.txt,6,62.25,72.625,coverage,1322117303
23,2,[57.0],72.0,57.0,72.0,age,weight,age,weight,pair0023,/Users/aj9225/Local/meta-learning-ecological-priors-from-llms/functionlearning/data/cause-effects/pairs/pair0023.txt,5,51.875,62.25,coverage,1322117303
23,3,[34.0],60.0,34.0,60.0,age,weight,age,weight,pair0023,/Users/aj9225/Local/meta-learning-ecological-priors-from-llms/functionlearning/data/cause-effects/pairs/pair0023.txt,3,31.125,41.5,coverage,1322117303
23,4,[47.0],94.0,47.0,94.0,age,weight,age,weight,pair0023,/Users/aj9225/Local/meta-learning-ecological-priors-from-llms/functionlearning/data/cause-effects/pairs/pair0023.txt,4,41.5,51.875,density,1322117303
23,5,[58.0],65.0,58.0,65.0,age,weight,age,weight,pair0023,/Users/aj9225/Local/meta-learning-ecological-priors-from-llms/functionlearning/data/cause-effects/pairs/pair0023.txt,5,51.875,62.25,density,1322117303
23,6,[7.0],21.0,7.0,21.0,age,weight,age,weight,pair0023,/Users/aj9225/Local/meta-learning-ecological-priors-from-llms/functionlearning/data/cause-effects/pairs/pair0023.txt,0,0.0,10.375,coverage,1322117303
23,7,[48.0],62.0,48.0,62.0,age,weight,age,weight,pair0023,/Users/aj9225/Local/meta-learning-ecological-priors-from-llms/functionlearning/data/cause-effects/pairs/pair0023.txt,4,41.5,51.875,coverage,1322117303
23,8,[36.0],75.0,36.0,75.0,age,weight,age,weight,pair0023,/Users/aj9225/Local/meta-learning-ecological-priors-from-llms/functionlearning/data/cause-effects/pairs/pair0023.txt,3,31.125,41.5,density,1322117303
23,9,[68.0],53.0,68.0,53.0,age,weight,age,weight,pair0023,/Users/aj9225/Local/meta-learning-ecological-priors-from-llms/functionlearning/data/cause-effects/pairs/pair0023.txt,6,62.25,72.625,density,1322117303
23,10,[76.0],54.0,76.0,54.0,age,weight,age,weight,pair0023,/Users/aj9225/Local/meta-learning-ecological-priors-from-llms/functionlearning/data/cause-effects/pairs/pair0023.txt,7,72.625,83.0,density,1322117303
23,11,[57.0],59.0,57.0,59.0,age,weight,age,weight,pair0023,/Users/aj9225/Local/meta-learning-ecological-priors-from-llms/functionlearning/data/cause-effects/pairs/pair0023.txt,5,51.875,62.25,density,1322117303
23,12,[29.0],57.0,29.0,57.0,age,weight,age,weight,pair0023,/Users/aj9225/Local/meta-learning-ecological-priors-from-llms/functionlearning/data/cause-effects/pairs/pair0023.txt,2,20.75,31.125,density,1322117303
23,13,[68.0],59.0,68.0,59.0,age,weight,age,weight,pair0023,/Users/aj9225/Local/meta-learning-ecological-priors-from-llms/functionlearning/data/cause-effects/pairs/pair0023.txt,6,62.25,72.625,density,1322117303
23,14,[33.0],58.0,33.0,58.0,age,weight,age,weight,pair0023,/Users/aj9225/Local/meta-learning-ecological-priors-from-llms/functionlearning/data/cause-effects/pairs/pair0023.txt,3,31.125,41.5,density,1322117303
23,15,[17.0],54.0,17.0,54.0,age,weight,age,weight,pair0023,/Users/aj9225/Local/meta-learning-ecological-priors-from-llms/functionlearning/data/cause-effects/pairs/pair0023.txt,1,10.375,20.75,density,1322117303
23,16,[26.0],43.0,26.0,43.0,age,weight,age,weight,pair0023,/Users/aj9225/Local/meta-learning-ecological-priors-from-llms/functionlearning/data/cause-effects/pairs/pair0023.txt,2,20.75,31.125,coverage,1322117303
23,17,[30.0],78.0,30.0,78.0,age,weight,age,weight,pair0023,/Users/aj9225/Local/meta-learning-ecological-priors-from-llms/functionlearning/data/cause-effects/pairs/pair0023.txt,2,20.75,31.125,density,1322117303
23,18,[19.0],65.0,19.0,65.0,age,weight,age,weight,pair0023,/Users/aj9225/Local/meta-learning-ecological-priors-from-llms/functionlearning/data/cause-effects/pairs/pair0023.txt,1,10.375,20.75,coverage,1322117303
23,19,[40.0],65.0,40.0,65.0,age,weight,age,weight,pair0023,/Users/aj9225/Local/meta-learning-ecological-priors-from-llms/functionlearning/data/cause-effects/pairs/pair0023.txt,3,31.125,41.5,density,1322117303
23,20,[55.0],105.0,55.0,105.0,age,weight,age,weight,pair0023,/Users/aj9225/Local/meta-learning-ecological-priors-from-llms/functionlearning/data/cause-effects/pairs/pair0023.txt,5,51.875,62.25,density,1322117303
23,21,[80.0],70.0,80.0,70.0,age,weight,age,weight,pair0023,/Users/aj9225/Local/meta-learning-ecological-priors-from-llms/functionlearning/data/cause-effects/pairs/pair0023.txt,7,72.625,83.0,coverage,1322117303
23,22,[44.0],88.0,44.0,88.0,age,weight,age,weight,pair0023,/Users/aj9225/Local/meta-learning-ecological-priors-from-llms/functionlearning/data/cause-effects/pairs/pair0023.txt,4,41.5,51.875,density,1322117303
23,23,[45.0],67.0,45.0,67.0,age,weight,age,weight,pair0023,/Users/aj9225/Local/meta-learning-ecological-priors-from-llms/functionlearning/data/cause-effects/pairs/pair0023.txt,4,41.5,51.875,density,1322117303
42,0,[234.0],16.8,234.0,16.8,days of the year,"mean daily temperature of Furtwangen (Schwarzwald), Germany",days of the year,"mean daily temperature of Furtwangen (Schwarzwald), Germany",pair0042,/Users/aj9225/Local/meta-learning-ecological-priors-from-llms/functionlearning/data/cause-effects/pairs/pair0042.txt,5,229.125,274.75,density,175979944
42,1,[196.0],16.1,196.0,16.1,days of the year,"mean daily temperature of Furtwangen (Schwarzwald), Germany",days of the year,"mean daily temperature of Furtwangen (Schwarzwald), Germany",pair0042,/Users/aj9225/Local/meta-learning-ecological-priors-from-llms/functionlearning/data/cause-effects/pairs/pair0042.txt,4,183.5,229.125,density,175979944
42,2,[20.0],1.6,20.0,1.6,days of the year,"mean daily temperature of Furtwangen (Schwarzwald), Germany",days of the year,"mean daily temperature of Furtwangen (Schwarzwald), Germany",pair0042,/Users/aj9225/Local/meta-learning-ecological-priors-from-llms/functionlearning/data/cause-effects/pairs/pair0042.txt,0,1.0,46.625,density,175979944
42,3,[174.0],17.5,174.0,17.5,days of the year,"mean daily temperature of Furtwangen (Schwarzwald), Germany",days of the year,"mean daily temperature of Furtwangen (Schwarzwald), Germany",pair0042,/Users/aj9225/Local/meta-learning-ecological-priors-from-llms/functionlearning/data/cause-effects/pairs/pair0042.txt,3,137.875,183.5,density,175979944
42,4,[341.0],5.0,341.0,5.0,days of the year,"mean daily temperature of Furtwangen (Schwarzwald), Germany",days of the year,"mean daily temperature of Furtwangen (Schwarzwald), Germany",pair0042,/Users/aj9225/Local/meta-learning-ecological-priors-from-llms/functionlearning/data/cause-effects/pairs/pair0042.txt,7,320.375,366.0,density,175979944
42,5,[142.0],10.6,142.0,10.6,days of the year,"mean daily temperature of Furtwangen (Schwarzwald), Germany",days of the year,"mean daily temperature of Furtwangen (Schwarzwald), Germany",pair0042,/Users/aj9225/Local/meta-learning-ecological-priors-from-llms/functionlearning/data/cause-effects/pairs/pair0042.txt,3,137.875,183.5,density,175979944
42,6,[256.0],14.0,256.0,14.0,days of the year,"mean daily temperature of Furtwangen (Schwarzwald), Germany",days of the year,"mean daily temperature of Furtwangen (Schwarzwald), Germany",pair0042,/Users/aj9225/Local/meta-learning-ecological-priors-from-llms/functionlearning/data/cause-effects/pairs/pair0042.txt,5,229.125,274.75,density,175979944
42,7,[118.0],3.9,118.0,3.9,days of the year,"mean daily temperature of Furtwangen (Schwarzwald), Germany",days of the year,"mean daily temperature of Furtwangen (Schwarzwald), Germany",pair0042,/Users/aj9225/Local/meta-learning-ecological-priors-from-llms/functionlearning/data/cause-effects/pairs/pair0042.txt,2,92.25,137.875,density,175979944
42,8,[345.0],-3.0,345.0,-3.0,days of the year,"mean daily temperature of Furtwangen (Schwarzwald), Germany",days of the year,"mean daily temperature of Furtwangen (Schwarzwald), Germany",pair0042,/Users/aj9225/Local/meta-learning-ecological-priors-from-llms/functionlearning/data/cause-effects/pairs/pair0042.txt,7,320.375,366.0,density,175979944
42,9,[318.0],-0.4,318.0,-0.4,days of the year,"mean daily temperature of Furtwangen (Schwarzwald), Germany",days of the year,"mean daily temperature of Furtwangen (Schwarzwald), Germany",pair0042,/Users/aj9225/Local/meta-learning-ecological-priors-from-llms/functionlearning/data/cause-effects/pairs/pair0042.txt,6,274.75,320.375,density,175979944
42,10,[130.0],5.0,130.0,5.0,days of the year,"mean daily temperature of Furtwangen (Schwarzwald), Germany",days of the year,"mean daily temperature of Furtwangen (Schwarzwald), Germany",pair0042,/Users/aj9225/Local/meta-learning-ecological-priors-from-llms/functionlearning/data/cause-effects/pairs/pair0042.txt,2,92.25,137.875,density,175979944
42,11,[94.0],-0.8,94.0,-0.8,days of the year,"mean daily temperature of Furtwangen (Schwarzwald), Germany",days of the year,"mean daily temperature of Furtwangen (Schwarzwald), Germany",pair0042,/Users/aj9225/Local/meta-learning-ecological-priors-from-llms/functionlearning/data/cause-effects/pairs/pair0042.txt,2,92.25,137.875,coverage,175979944
42,12,[251.0],9.8,251.0,9.8,days of the year,"mean daily temperature of Furtwangen (Schwarzwald), Germany",days of the year,"mean daily temperature of Furtwangen (Schwarzwald), Germany",pair0042,/Users/aj9225/Local/meta-learning-ecological-priors-from-llms/functionlearning/data/cause-effects/pairs/pair0042.txt,5,229.125,274.75,coverage,175979944
42,13,[319.0],1.5,319.0,1.5,days of the year,"mean daily temperature of Furtwangen (Schwarzwald), Germany",days of the year,"mean daily temperature of Furtwangen (Schwarzwald), Germany",pair0042,/Users/aj9225/Local/meta-learning-ecological-priors-from-llms/functionlearning/data/cause-effects/pairs/pair0042.txt,6,274.75,320.375,coverage,175979944
42,14,[279.0],11.0,279.0,11.0,days of the year,"mean daily temperature of Furtwangen (Schwarzwald), Germany",days of the year,"mean daily temperature of Furtwangen (Schwarzwald), Germany",pair0042,/Users/aj9225/Local/meta-learning-ecological-priors-from-llms/functionlearning/data/cause-effects/pairs/pair0042.txt,6,274.75,320.375,density,175979944
42,15,[7.0],-8.0,7.0,-8.0,days of the year,"mean daily temperature of Furtwangen (Schwarzwald), Germany",days of the year,"mean daily temperature of Furtwangen (Schwarzwald), Germany",pair0042,/Users/aj9225/Local/meta-learning-ecological-priors-from-llms/functionlearning/data/cause-effects/pairs/pair0042.txt,0,1.0,46.625,coverage,175979944
42,16,[61.0],-0.8,61.0,-0.8,days of the year,"mean daily temperature of Furtwangen (Schwarzwald), Germany",days of the year,"mean daily temperature of Furtwangen (Schwarzwald), Germany",pair0042,/Users/aj9225/Local/meta-learning-ecological-priors-from-llms/functionlearning/data/cause-effects/pairs/pair0042.txt,1,46.625,92.25,coverage,175979944
42,17,[81.0],-1.3,81.0,-1.3,days of the year,"mean daily temperature of Furtwangen (Schwarzwald), Germany",days of the year,"mean daily temperature of Furtwangen (Schwarzwald), Germany",pair0042,/Users/aj9225/Local/meta-learning-ecological-priors-from-llms/functionlearning/data/cause-effects/pairs/pair0042.txt,1,46.625,92.25,density,175979944
42,18,[72.0],2.0,72.0,2.0,days of the year,"mean daily temperature of Furtwangen (Schwarzwald), Germany",days of the year,"mean daily temperature of Furtwangen (Schwarzwald), Germany",pair0042,/Users/aj9225/Local/meta-learning-ecological-priors-from-llms/functionlearning/data/cause-effects/pairs/pair0042.txt,1,46.625,92.25,density,175979944
42,19,[321.0],-0.8,321.0,-0.8,days of the year,"mean daily temperature of Furtwangen (Schwarzwald), Germany",days of the year,"mean daily temperature of Furtwangen (Schwarzwald), Germany",pair0042,/Users/aj9225/Local/meta-learning-ecological-priors-from-llms/functionlearning/data/cause-effects/pairs/pair0042.txt,7,320.375,366.0,coverage,175979944
42,20,[2.0],-1.1,2.0,-1.1,days of the year,"mean daily temperature of Furtwangen (Schwarzwald), Germany",days of the year,"mean daily temperature of Furtwangen (Schwarzwald), Germany",pair0042,/Users/aj9225/Local/meta-learning-ecological-priors-from-llms/functionlearning/data/cause-effects/pairs/pair0042.txt,0,1.0,46.625,density,175979944
42,21,[146.0],16.5,146.0,16.5,days of the year,"mean daily temperature of Furtwangen (Schwarzwald), Germany",days of the year,"mean daily temperature of Furtwangen (Schwarzwald), Germany",pair0042,/Users/aj9225/Local/meta-learning-ecological-priors-from-llms/functionlearning/data/cause-effects/pairs/pair0042.txt,3,137.875,183.5,coverage,175979944
42,22,[227.0],15.0,227.0,15.0,days of the year,"mean daily temperature of Furtwangen (Schwarzwald), Germany",days of the year,"mean daily temperature of Furtwangen (Schwarzwald), Germany",pair0042,/Users/aj9225/Local/meta-learning-ecological-priors-from-llms/functionlearning/data/cause-effects/pairs/pair0042.txt,4,183.5,229.125,density,175979944
42,23,[208.0],16.0,208.0,16.0,days of the year,"mean daily temperature of Furtwangen (Schwarzwald), Germany",days of the year,"mean daily temperature of Furtwangen (Schwarzwald), Germany",pair0042,/Users/aj9225/Local/meta-learning-ecological-priors-from-llms/functionlearning/data/cause-effects/pairs/pair0042.txt,4,183.5,229.125,coverage,175979944
43,0,[284.77],287.75,284.77,287.75,"year 2000, day 50","year 2000, day 51","year 2000, day 50","year 2000, day 51",pair0043,/Users/aj9225/Local/meta-learning-ecological-priors-from-llms/functionlearning/data/cause-effects/pairs/pair0043.txt,5,275.72625,286.15749999999997,density,323153948
43,1,[258.77],258.9,258.77,258.9,"year 2000, day 50","year 2000, day 51","year 2000, day 50","year 2000, day 51",pair0043,/Users/aj9225/Local/meta-learning-ecological-priors-from-llms/functionlearning/data/cause-effects/pairs/pair0043.txt,3,254.86374999999998,265.29499999999996,coverage,323153948
43,2,[297.35],297.5,297.35,297.5,"year 2000, day 50","year 2000, day 51","year 2000, day 50","year 2000, day 51",pair0043,/Users/aj9225/Local/meta-learning-ecological-priors-from-llms/functionlearning/data/cause-effects/pairs/pair0043.txt,7,296.58875,307.02,density,323153948
43,3,[239.55],244.67,239.55,244.67,"year 2000, day 50","year 2000, day 51","year 2000, day 50","year 2000, day 51",pair0043,/Users/aj9225/Local/meta-learning-ecological-priors-from-llms/functionlearning/data/cause-effects/pairs/pair0043.txt,1,234.00125,244.4325,density,323153948
43,4,[280.47],280.07,280.47,280.07,"year 2000, day 50","year 2000, day 51","year 2000, day 50","year 2000, day 51",pair0043,/Users/aj9225/Local/meta-learning-ecological-priors-from-llms/functionlearning/data/cause-effects/pairs/pair0043.txt,5,275.72625,286.15749999999997,coverage,323153948
43,5,[246.42],245.97,246.42,245.97,"year 2000, day 50","year 2000, day 51","year 2000, day 50","year 2000, day 51",pair0043,/Users/aj9225/Local/meta-learning-ecological-priors-from-llms/functionlearning/data/cause-effects/pairs/pair0043.txt,2,244.4325,254.86374999999998,density,323153948
43,6,[274.67],265.22,274.67,265.22,"year 2000, day 50","year 2000, day 51","year 2000, day 50","year 2000, day 51",pair0043,/Users/aj9225/Local/meta-learning-ecological-priors-from-llms/functionlearning/data/cause-effects/pairs/pair0043.txt,4,265.29499999999996,275.72625,coverage,323153948
43,7,[269.1],266.45,269.1,266.45,"year 2000, day 50","year 2000, day 51","year 2000, day 50","year 2000, day 51",pair0043,/Users/aj9225/Local/meta-learning-ecological-priors-from-llms/functionlearning/data/cause-effects/pairs/pair0043.txt,4,265.29499999999996,275.72625,density,323153948
43,8,[296.47],296.3,296.47,296.3,"year 2000, day 50","year 2000, day 51","year 2000, day 50","year 2000, day 51",pair0043,/Users/aj9225/Local/meta-learning-ecological-priors-from-llms/functionlearning/data/cause-effects/pairs/pair0043.txt,6,286.15749999999997,296.58875,coverage,323153948
43,9,[255.87],257.22,255.87,257.22,"year 2000, day 50","year 2000, day 51","year 2000, day 50","year 2000, day 51",pair0043,/Users/aj9225/Local/meta-learning-ecological-priors-from-llms/functionlearning/data/cause-effects/pairs/pair0043.txt,3,254.86374999999998,265.29499999999996,density,323153948
43,10,[296.62],296.85,296.62,296.85,"year 2000, day 50","year 2000, day 51","year 2000, day 50","year 2000, day 51",pair0043,/Users/aj9225/Local/meta-learning-ecological-priors-from-llms/functionlearning/data/cause-effects/pairs/pair0043.txt,7,296.58875,307.02,density,323153948
43,11,[284.8],285.12,284.8,285.12,"year 2000, day 50","year 2000, day 51","year 2000, day 50","year 2000, day 51",pair0043,/Users/aj9225/Local/meta-learning-ecological-priors-from-llms/functionlearning/data/cause-effects/pairs/pair0043.txt,5,275.72625,286.15749999999997,density,323153948
43,12,[295.82],295.62,295.82,295.62,"year 2000, day 50","year 2000, day 51","year 2000, day 50","year 2000, day 51",pair0043,/Users/aj9225/Local/meta-learning-ecological-priors-from-llms/functionlearning/data/cause-effects/pairs/pair0043.txt,6,286.15749999999997,296.58875,density,323153948
43,13,[227.17],230.47,227.17,230.47,"year 2000, day 50","year 2000, day 51","year 2000, day 50","year 2000, day 51",pair0043,/Users/aj9225/Local/meta-learning-ecological-priors-from-llms/functionlearning/data/cause-effects/pairs/pair0043.txt,0,223.57,234.00125,coverage,323153948
43,14,[296.2],295.9,296.2,295.9,"year 2000, day 50","year 2000, day 51","year 2000, day 50","year 2000, day 51",pair0043,/Users/aj9225/Local/meta-learning-ecological-priors-from-llms/functionlearning/data/cause-effects/pairs/pair0043.txt,6,286.15749999999997,296.58875,density,323153948
43,15,[249.62],249.07,249.62,249.07,"year 2000, day 50","year 2000, day 51","year 2000, day 50","year 2000, day 51",pair0043,/Users/aj9225/Local/meta-learning-ecological-priors-from-llms/functionlearning/data/cause-effects/pairs/pair0043.txt,2,244.4325,254.86374999999998,coverage,323153948
43,16,[242.7],239.3,242.7,239.3,"year 2000, day 50","year 2000, day 51","year 2000, day 50","year 2000, day 51",pair0043,/Users/aj9225/Local/meta-learning-ecological-priors-from-llms/functionlearning/data/cause-effects/pairs/pair0043.txt,1,234.00125,244.4325,coverage,323153948
43,17,[231.22],233.7,231.22,233.7,"year 2000, day 50","year 2000, day 51","year 2000, day 50","year 2000, day 51",pair0043,/Users/aj9225/Local/meta-learning-ecological-priors-from-llms/functionlearning/data/cause-effects/pairs/pair0043.txt,0,223.57,234.00125,density,323153948
43,18,[287.55],288.55,287.55,288.55,"year 2000, day 50","year 2000, day 51","year 2000, day 50","year 2000, day 51",pair0043,/Users/aj9225/Local/meta-learning-ecological-priors-from-llms/functionlearning/data/cause-effects/pairs/pair0043.txt,6,286.15749999999997,296.58875,density,323153948
43,19,[253.79],257.25,253.79,257.25,"year 2000, day 50","year 2000, day 51","year 2000, day 50","year 2000, day 51",pair0043,/Users/aj9225/Local/meta-learning-ecological-priors-from-llms/functionlearning/data/cause-effects/pairs/pair0043.txt,2,244.4325,254.86374999999998,density,323153948
43,20,[299.85],300.17,299.85,300.17,"year 2000, day 50","year 2000, day 51","year 2000, day 50","year 2000, day 51",pair0043,/Users/aj9225/Local/meta-learning-ecological-priors-from-llms/functionlearning/data/cause-effects/pairs/pair0043.txt,7,296.58875,307.02,density,323153948
43,21,[273.2],272.45,273.2,272.45,"year 2000, day 50","year 2000, day 51","year 2000, day 50","year 2000, day 51",pair0043,/Users/aj9225/Local/meta-learning-ecological-priors-from-llms/functionlearning/data/cause-effects/pairs/pair0043.txt,4,265.29499999999996,275.72625,density,323153948
43,22,[300.6],299.5,300.6,299.5,"year 2000, day 50","year 2000, day 51","year 2000, day 50","year 2000, day 51",pair0043,/Users/aj9225/Local/meta-learning-ecological-priors-from-llms/functionlearning/data/cause-effects/pairs/pair0043.txt,7,296.58875,307.02,density,323153948
43,23,[300.99],301.39,300.99,301.39,"year 2000, day 50","year 2000, day 51","year 2000, day 50","year 2000, day 51",pair0043,/Users/aj9225/Local/meta-learning-ecological-priors-from-llms/functionlearning/data/cause-effects/pairs/pair0043.txt,7,296.58875,307.02,coverage,323153948
44,0,[67030.0],66900.0,67030.0,66900.0,"year 2000, day 50","year 2000, day 51","year 2000, day 50","year 2000, day 51",pair0044,/Users/aj9225/Local/meta-learning-ecological-priors-from-llms/functionlearning/data/cause-effects/pairs/pair0044.txt,2,64235.0,71617.5,density,70985653
44,1,[84690.0],84230.0,84690.0,84230.0,"year 2000, day 50","year 2000, day 51","year 2000, day 50","year 2000, day 51",pair0044,/Users/aj9225/Local/meta-learning-ecological-priors-from-llms/functionlearning/data/cause-effects/pairs/pair0044.txt,4,79000.0,86382.5,density,70985653
44,2,[100590.0],100160.0,100590.0,100160.0,"year 2000, day 50","year 2000, day 51","year 2000, day 50","year 2000, day 51",pair0044,/Users/aj9225/Local/meta-learning-ecological-priors-from-llms/functionlearning/data/cause-effects/pairs/pair0044.txt,6,93765.0,101147.5,density,70985653
44,3,[50320.0],50260.0,50320.0,50260.0,"year 2000, day 50","year 2000, day 51","year 2000, day 50","year 2000, day 51",pair0044,/Users/aj9225/Local/meta-learning-ecological-priors-from-llms/functionlearning/data/cause-effects/pairs/pair0044.txt,0,49470.0,56852.5,coverage,70985653
44,4,[104000.0],103560.0,104000.0,103560.0,"year 2000, day 50","year 2000, day 51","year 2000, day 50","year 2000, day 51",pair0044,/Users/aj9225/Local/meta-learning-ecological-priors-from-llms/functionlearning/data/cause-effects/pairs/pair0044.txt,7,101147.5,108530.0,density,70985653
44,5,[97470.0],98390.0,97470.0,98390.0,"year 2000, day 50","year 2000, day 51","year 2000, day 50","year 2000, day 51",pair0044,/Users/aj9225/Local/meta-learning-ecological-priors-from-llms/functionlearning/data/cause-effects/pairs/pair0044.txt,6,93765.0,101147.5,density,70985653
44,6,[100020.0],100620.0,100020.0,100620.0,"year 2000, day 50","year 2000, day 51","year 2000, day 50","year 2000, day 51",pair0044,/Users/aj9225/Local/meta-learning-ecological-priors-from-llms/functionlearning/data/cause-effects/pairs/pair0044.txt,6,93765.0,101147.5,density,70985653
44,7,[97380.0],96150.0,97380.0,96150.0,"year 2000, day 50","year 2000, day 51","year 2000, day 50","year 2000, day 51",pair0044,/Users/aj9225/Local/meta-learning-ecological-priors-from-llms/functionlearning/data/cause-effects/pairs/pair0044.txt,6,93765.0,101147.5,coverage,70985653
44,8,[82920.0],82660.0,82920.0,82660.0,"year 2000, day 50","year 2000, day 51","year 2000, day 50","year 2000, day 51",pair0044,/Users/aj9225/Local/meta-learning-ecological-priors-from-llms/functionlearning/data/cause-effects/pairs/pair0044.txt,4,79000.0,86382.5,coverage,70985653
44,9,[78050.0],78260.0,78050.0,78260.0,"year 2000, day 50","year 2000, day 51","year 2000, day 50","year 2000, day 51",pair0044,/Users/aj9225/Local/meta-learning-ecological-priors-from-llms/functionlearning/data/cause-effects/pairs/pair0044.txt,3,71617.5,79000.0,coverage,70985653
44,10,[98090.0],98010.0,98090.0,98010.0,"year 2000, day 50","year 2000, day 51","year 2000, day 50","year 2000, day 51",pair0044,/Users/aj9225/Local/meta-learning-ecological-priors-from-llms/functionlearning/data/cause-effects/pairs/pair0044.txt,6,93765.0,101147.5,density,70985653
44,11,[102730.0],102230.0,102730.0,102230.0,"year 2000, day 50","year 2000, day 51","year 2000, day 50","year 2000, day 51",pair0044,/Users/aj9225/Local/meta-learning-ecological-priors-from-llms/functionlearning/data/cause-effects/pairs/pair0044.txt,7,101147.5,108530.0,density,70985653
44,12,[102010.0],102270.0,102010.0,102270.0,"year 2000, day 50","year 2000, day 51","year 2000, day 50","year 2000, day 51",pair0044,/Users/aj9225/Local/meta-learning-ecological-priors-from-llms/functionlearning/data/cause-effects/pairs/pair0044.txt,7,101147.5,108530.0,density,70985653
44,13,[101210.0],101210.0,101210.0,101210.0,"year 2000, day 50","year 2000, day 51","year 2000, day 50","year 2000, day 51",pair0044,/Users/aj9225/Local/meta-learning-ecological-priors-from-llms/functionlearning/data/cause-effects/pairs/pair0044.txt,7,101147.5,108530.0,density,70985653
44,14,[94050.0],94050.0,94050.0,94050.0,"year 2000, day 50","year 2000, day 51","year 2000, day 50","year 2000, day 51",pair0044,/Users/aj9225/Local/meta-learning-ecological-priors-from-llms/functionlearning/data/cause-effects/pairs/pair0044.txt,6,93765.0,101147.5,density,70985653
44,15,[58220.0],58000.0,58220.0,58000.0,"year 2000, day 50","year 2000, day 51","year 2000, day 50","year 2000, day 51",pair0044,/Users/aj9225/Local/meta-learning-ecological-priors-from-llms/functionlearning/data/cause-effects/pairs/pair0044.txt,1,56852.5,64235.0,coverage,70985653
44,16,[93030.0],93230.0,93030.0,93230.0,"year 2000, day 50","year 2000, day 51","year 2000, day 50","year 2000, day 51",pair0044,/Users/aj9225/Local/meta-learning-ecological-priors-from-llms/functionlearning/data/cause-effects/pairs/pair0044.txt,5,86382.5,93765.0,coverage,70985653
44,17,[87000.0],87110.0,87000.0,87110.0,"year 2000, day 50","year 2000, day 51","year 2000, day 50","year 2000, day 51",pair0044,/Users/aj9225/Local/meta-learning-ecological-priors-from-llms/functionlearning/data/cause-effects/pairs/pair0044.txt,5,86382.5,93765.0,density,70985653
44,18,[102110.0],101980.0,102110.0,101980.0,"year 2000, day 50","year 2000, day 51","year 2000, day 50","year 2000, day 51",pair0044,/Users/aj9225/Local/meta-learning-ecological-priors-from-llms/functionlearning/data/cause-effects/pairs/pair0044.txt,7,101147.5,108530.0,coverage,70985653
44,19,[66930.0],66960.0,66930.0,66960.0,"year 2000, day 50","year 2000, day 51","year 2000, day 50","year 2000, day 51",pair0044,/Users/aj9225/Local/meta-learning-ecological-priors-from-llms/functionlearning/data/cause-effects/pairs/pair0044.txt,2,64235.0,71617.5,coverage,70985653
44,20,[102660.0],102620.0,102660.0,102620.0,"year 2000, day 50","year 2000, day 51","year 2000, day 50","year 2000, day 51",pair0044,/Users/aj9225/Local/meta-learning-ecological-priors-from-llms/functionlearning/data/cause-effects/pairs/pair0044.txt,7,101147.5,108530.0,density,70985653
44,21,[98380.0],98460.0,98380.0,98460.0,"year 2000, day 50","year 2000, day 51","year 2000, day 50","year 2000, day 51",pair0044,/Users/aj9225/Local/meta-learning-ecological-priors-from-llms/functionlearning/data/cause-effects/pairs/pair0044.txt,6,93765.0,101147.5,density,70985653
44,22,[99980.0],101880.0,99980.0,101880.0,"year 2000, day 50","year 2000, day 51","year 2000, day 50","year 2000, day 51",pair0044,/Users/aj9225/Local/meta-learning-ecological-priors-from-llms/functionlearning/data/cause-effects/pairs/pair0044.txt,6,93765.0,101147.5,density,70985653
44,23,[101500.0],101380.0,101500.0,101380.0,"year 2000, day 50","year 2000, day 51","year 2000, day 50","year 2000, day 51",pair0044,/Users/aj9225/Local/meta-learning-ecological-priors-from-llms/functionlearning/data/cause-effects/pairs/pair0044.txt,7,101147.5,108530.0,density,70985653
45,0,[101627.0],101595.0,101627.0,101595.0,"year 2000, day 50","year 2000, day 51","year 2000, day 50","year 2000, day 51",pair0045,/Users/aj9225/Local/meta-learning-ecological-priors-from-llms/functionlearning/data/cause-effects/pairs/pair0045.txt,5,101169.375,102110.25,density,752767290
45,1,[103155.0],102685.0,103155.0,102685.0,"year 2000, day 50","year 2000, day 51","year 2000, day 50","year 2000, day 51",pair0045,/Users/aj9225/Local/meta-learning-ecological-priors-from-llms/functionlearning/data/cause-effects/pairs/pair0045.txt,7,103051.125,103992.0,coverage,752767290
45,2,[101160.0],101157.0,101160.0,101157.0,"year 2000, day 50","year 2000, day 51","year 2000, day 50","year 2000, day 51",pair0045,/Users/aj9225/Local/meta-learning-ecological-priors-from-llms/functionlearning/data/cause-effects/pairs/pair0045.txt,4,100228.5,101169.375,coverage,752767290
45,3,[102167.0],102862.0,102167.0,102862.0,"year 2000, day 50","year 2000, day 51","year 2000, day 50","year 2000, day 51",pair0045,/Users/aj9225/Local/meta-learning-ecological-priors-from-llms/functionlearning/data/cause-effects/pairs/pair0045.txt,6,102110.25,103051.125,coverage,752767290
45,4,[103580.0],103310.0,103580.0,103310.0,"year 2000, day 50","year 2000, day 51","year 2000, day 50","year 2000, day 51",pair0045,/Users/aj9225/Local/meta-learning-ecological-priors-from-llms/functionlearning/data/cause-effects/pairs/pair0045.txt,7,103051.125,103992.0,density,752767290
45,5,[100575.0],100800.0,100575.0,100800.0,"year 2000, day 50","year 2000, day 51","year 2000, day 50","year 2000, day 51",pair0045,/Users/aj9225/Local/meta-learning-ecological-priors-from-llms/functionlearning/data/cause-effects/pairs/pair0045.txt,4,100228.5,101169.375,density,752767290
45,6,[99122.0],99400.0,99122.0,99400.0,"year 2000, day 50","year 2000, day 51","year 2000, day 50","year 2000, day 51",pair0045,/Users/aj9225/Local/meta-learning-ecological-priors-from-llms/functionlearning/data/cause-effects/pairs/pair0045.txt,2,98346.75,99287.625,coverage,752767290
45,7,[97317.0],98102.0,97317.0,98102.0,"year 2000, day 50","year 2000, day 51","year 2000, day 50","year 2000, day 51",pair0045,/Users/aj9225/Local/meta-learning-ecological-priors-from-llms/functionlearning/data/cause-effects/pairs/pair0045.txt,0,96465.0,97405.875,coverage,752767290
45,8,[101187.0],101210.0,101187.0,101210.0,"year 2000, day 50","year 2000, day 51","year 2000, day 50","year 2000, day 51",pair0045,/Users/aj9225/Local/meta-learning-ecological-priors-from-llms/functionlearning/data/cause-effects/pairs/pair0045.txt,5,101169.375,102110.25,coverage,752767290
45,9,[101242.0],101185.0,101242.0,101185.0,"year 2000, day 50","year 2000, day 51","year 2000, day 50","year 2000, day 51",pair0045,/Users/aj9225/Local/meta-learning-ecological-priors-from-llms/functionlearning/data/cause-effects/pairs/pair0045.txt,5,101169.375,102110.25,density,752767290
45,10,[102885.0],102905.0,102885.0,102905.0,"year 2000, day 50","year 2000, day 51","year 2000, day 50","year 2000, day 51",pair0045,/Users/aj9225/Local/meta-learning-ecological-priors-from-llms/functionlearning/data/cause-effects/pairs/pair0045.txt,6,102110.25,103051.125,density,752767290
45,11,[100235.0],99077.0,100235.0,99077.0,"year 2000, day 50","year 2000, day 51","year 2000, day 50","year 2000, day 51",pair0045,/Users/aj9225/Local/meta-learning-ecological-priors-from-llms/functionlearning/data/cause-effects/pairs/pair0045.txt,4,100228.5,101169.375,density,752767290
45,12,[100997.0],100982.0,100997.0,100982.0,"year 2000, day 50","year 2000, day 51","year 2000, day 50","year 2000, day 51",pair0045,/Users/aj9225/Local/meta-learning-ecological-priors-from-llms/functionlearning/data/cause-effects/pairs/pair0045.txt,4,100228.5,101169.375,density,752767290
45,13,[97670.0],97330.0,97670.0,97330.0,"year 2000, day 50","year 2000, day 51","year 2000, day 50","year 2000, day 51",pair0045,/Users/aj9225/Local/meta-learning-ecological-priors-from-llms/functionlearning/data/cause-effects/pairs/pair0045.txt,1,97405.875,98346.75,coverage,752767290
45,14,[102467.0],100720.0,102467.0,100720.0,"year 2000, day 50","year 2000, day 51","year 2000, day 50","year 2000, day 51",pair0045,/Users/aj9225/Local/meta-learning-ecological-priors-from-llms/functionlearning/data/cause-effects/pairs/pair0045.txt,6,102110.25,103051.125,density,752767290
45,15,[99425.0],99322.0,99425.0,99322.0,"year 2000, day 50","year 2000, day 51","year 2000, day 50","year 2000, day 51",pair0045,/Users/aj9225/Local/meta-learning-ecological-priors-from-llms/functionlearning/data/cause-effects/pairs/pair0045.txt,3,99287.625,100228.5,coverage,752767290
45,16,[98042.0],98247.0,98042.0,98247.0,"year 2000, day 50","year 2000, day 51","year 2000, day 50","year 2000, day 51",pair0045,/Users/aj9225/Local/meta-learning-ecological-priors-from-llms/functionlearning/data/cause-effects/pairs/pair0045.txt,1,97405.875,98346.75,density,752767290
45,17,[99857.0],100030.0,99857.0,100030.0,"year 2000, day 50","year 2000, day 51","year 2000, day 50","year 2000, day 51",pair0045,/Users/aj9225/Local/meta-learning-ecological-priors-from-llms/functionlearning/data/cause-effects/pairs/pair0045.txt,3,99287.625,100228.5,density,752767290
45,18,[101275.0],101040.0,101275.0,101040.0,"year 2000, day 50","year 2000, day 51","year 2000, day 50","year 2000, day 51",pair0045,/Users/aj9225/Local/meta-learning-ecological-priors-from-llms/functionlearning/data/cause-effects/pairs/pair0045.txt,5,101169.375,102110.25,density,752767290
45,19,[101707.0],101712.0,101707.0,101712.0,"year 2000, day 50","year 2000, day 51","year 2000, day 50","year 2000, day 51",pair0045,/Users/aj9225/Local/meta-learning-ecological-priors-from-llms/functionlearning/data/cause-effects/pairs/pair0045.txt,5,101169.375,102110.25,density,752767290
45,20,[102080.0],101982.0,102080.0,101982.0,"year 2000, day 50","year 2000, day 51","year 2000, day 50","year 2000, day 51",pair0045,/Users/aj9225/Local/meta-learning-ecological-priors-from-llms/functionlearning/data/cause-effects/pairs/pair0045.txt,5,101169.375,102110.25,density,752767290
45,21,[100550.0],100657.0,100550.0,100657.0,"year 2000, day 50","year 2000, day 51","year 2000, day 50","year 2000, day 51",pair0045,/Users/aj9225/Local/meta-learning-ecological-priors-from-llms/functionlearning/data/cause-effects/pairs/pair0045.txt,4,100228.5,101169.375,density,752767290
45,22,[102630.0],102187.0,102630.0,102187.0,"year 2000, day 50","year 2000, day 51","year 2000, day 50","year 2000, day 51",pair0045,/Users/aj9225/Local/meta-learning-ecological-priors-from-llms/functionlearning/data/cause-effects/pairs/pair0045.txt,6,102110.25,103051.125,density,752767290
45,23,[99217.0],99450.0,99217.0,99450.0,"year 2000, day 50","year 2000, day 51","year 2000, day 50","year 2000, day 51",pair0045,/Users/aj9225/Local/meta-learning-ecological-priors-from-llms/functionlearning/data/cause-effects/pairs/pair0045.txt,2,98346.75,99287.625,density,752767290
56,0,[79.0],17.25,79.0,17.25,"life expectancy at birth for different countries, female, 2000-2005",latitude of the country's capital,"life expectancy at birth for different countries, female, 2000-2005",latitude of the country's capital,pair0056,/Users/aj9225/Local/meta-learning-ecological-priors-from-llms/functionlearning/data/cause-effects/pairs/pair0056.txt,6,73.5,79.25,density,3492969079
56,1,[72.0],14.58,72.0,14.58,"life expectancy at birth for different countries, female, 2000-2005",latitude of the country's capital,"life expectancy at birth for different countries, female, 2000-2005",latitude of the country's capital,pair0056,/Users/aj9225/Local/meta-learning-ecological-priors-from-llms/functionlearning/data/cause-effects/pairs/pair0056.txt,5,67.75,73.5,density,3492969079
56,2,[82.0],31.79,82.0,31.79,"life expectancy at birth for different countries, female, 2000-2005",latitude of the country's capital,"life expectancy at birth for different countries, female, 2000-2005",latitude of the country's capital,pair0056,/Users/aj9225/Local/meta-learning-ecological-priors-from-llms/functionlearning/data/cause-effects/pairs/pair0056.txt,7,79.25,85.0,density,3492969079
56,3,[46.0],-29.3,46.0,-29.3,"life expectancy at birth for different countries, female, 2000-2005",latitude of the country's capital,"life expectancy at birth for different countries, female, 2000-2005",latitude of the country's capital,pair0056,/Users/aj9225/Local/meta-learning-ecological-priors-from-llms/functionlearning/data/cause-effects/pairs/pair0056.txt,1,44.75,50.5,coverage,3492969079
56,4,[54.0],13.52,54.0,13.52,"life expectancy at birth for different countries, female, 2000-2005",latitude of the country's capital,"life expectancy at birth for different countries, female, 2000-2005",latitude of the country's capital,pair0056,/Users/aj9225/Local/meta-learning-ecological-priors-from-llms/functionlearning/data/cause-effects/pairs/pair0056.txt,2,50.5,56.25,density,3492969079
56,5,[75.0],-15.78,75.0,-15.78,"life expectancy at birth for different countries, female, 2000-2005",latitude of the country's capital,"life expectancy at birth for different countries, female, 2000-2005",latitude of the country's capital,pair0056,/Users/aj9225/Local/meta-learning-ecological-priors-from-llms/functionlearning/data/cause-effects/pairs/pair0056.txt,6,73.5,79.25,density,3492969079
56,6,[81.0],9.92,81.0,9.92,"life expectancy at birth for different countries, female, 2000-2005",latitude of the country's capital,"life expectancy at birth for different countries, female, 2000-2005",latitude of the country's capital,pair0056,/Users/aj9225/Local/meta-learning-ecological-priors-from-llms/functionlearning/data/cause-effects/pairs/pair0056.txt,7,79.25,85.0,density,3492969079
56,7,[73.0],39.94,73.0,39.94,"life expectancy at birth for different countries, female, 2000-2005",latitude of the country's capital,"life expectancy at birth for different countries, female, 2000-2005",latitude of the country's capital,pair0056,/Users/aj9225/Local/meta-learning-ecological-priors-from-llms/functionlearning/data/cause-effects/pairs/pair0056.txt,5,67.75,73.5,coverage,3492969079
56,8,[75.0],40.11,75.0,40.11,"life expectancy at birth for different countries, female, 2000-2005",latitude of the country's capital,"life expectancy at birth for different countries, female, 2000-2005",latitude of the country's capital,pair0056,/Users/aj9225/Local/meta-learning-ecological-priors-from-llms/functionlearning/data/cause-effects/pairs/pair0056.txt,6,73.5,79.25,density,3492969079
56,9,[77.0],26.19,77.0,26.19,"life expectancy at birth for different countries, female, 2000-2005",latitude of the country's capital,"life expectancy at birth for different countries, female, 2000-2005",latitude of the country's capital,pair0056,/Users/aj9225/Local/meta-learning-ecological-priors-from-llms/functionlearning/data/cause-effects/pairs/pair0056.txt,6,73.5,79.25,density,3492969079
56,10,[74.0],14.0,74.0,14.0,"life expectancy at birth for different countries, female, 2000-2005",latitude of the country's capital,"life expectancy at birth for different countries, female, 2000-2005",latitude of the country's capital,pair0056,/Users/aj9225/Local/meta-learning-ecological-priors-from-llms/functionlearning/data/cause-effects/pairs/pair0056.txt,6,73.5,79.25,coverage,3492969079
56,11,[69.0],42.87,69.0,42.87,"life expectancy at birth for different countries, female, 2000-2005",latitude of the country's capital,"life expectancy at birth for different countries, female, 2000-2005",latitude of the country's capital,pair0056,/Users/aj9225/Local/meta-learning-ecological-priors-from-llms/functionlearning/data/cause-effects/pairs/pair0056.txt,5,67.75,73.5,density,3492969079
56,12,[52.0],12.11,52.0,12.11,"life expectancy at birth for different countries, female, 2000-2005",latitude of the country's capital,"life expectancy at birth for different countries, female, 2000-2005",latitude of the country's capital,pair0056,/Users/aj9225/Local/meta-learning-ecological-priors-from-llms/functionlearning/data/cause-effects/pairs/pair0056.txt,2,50.5,56.25,coverage,3492969079
56,13,[42.0],43.51,42.0,43.51,"life expectancy at birth for different countries, female, 2000-2005",latitude of the country's capital,"life expectancy at birth for different countries, female, 2000-2005",latitude of the country's capital,pair0056,/Users/aj9225/Local/meta-learning-ecological-priors-from-llms/functionlearning/data/cause-effects/pairs/pair0056.txt,0,39.0,44.75,coverage,3492969079
56,14,[69.0],39.02,69.0,39.02,"life expectancy at birth for different countries, female, 2000-2005",latitude of the country's capital,"life expectancy at birth for different countries, female, 2000-2005",latitude of the country's capital,pair0056,/Users/aj9225/Local/meta-learning-ecological-priors-from-llms/functionlearning/data/cause-effects/pairs/pair0056.txt,5,67.75,73.5,density,3492969079
56,15,[64.0],28.63,64.0,28.63,"life expectancy at birth for different countries, female, 2000-2005",latitude of the country's capital,"life expectancy at birth for different countries, female, 2000-2005",latitude of the country's capital,pair0056,/Users/aj9225/Local/meta-learning-ecological-priors-from-llms/functionlearning/data/cause-effects/pairs/pair0056.txt,4,62.0,67.75,density,3492969079
56,16,[58.0],15.63,58.0,15.63,"life expectancy at birth for different countries, female, 2000-2005",latitude of the country's capital,"life expectancy at birth for different countries, female, 2000-2005",latitude of the country's capital,pair0056,/Users/aj9225/Local/meta-learning-ecological-priors-from-llms/functionlearning/data/cause-effects/pairs/pair0056.txt,3,56.25,62.0,coverage,3492969079
56,17,[82.0],22.18,82.0,22.18,"life expectancy at birth for different countries, female, 2000-2005",latitude of the country's capital,"life expectancy at birth for different countries, female, 2000-2005",latitude of the country's capital,pair0056,/Users/aj9225/Local/meta-learning-ecological-priors-from-llms/functionlearning/data/cause-effects/pairs/pair0056.txt,7,79.25,85.0,coverage,3492969079
56,18,[62.0],15.36,62.0,15.36,"life expectancy at birth for different countries, female, 2000-2005",latitude of the country's capital,"life expectancy at birth for different countries, female, 2000-2005",latitude of the country's capital,pair0056,/Users/aj9225/Local/meta-learning-ecological-priors-from-llms/functionlearning/data/cause-effects/pairs/pair0056.txt,4,62.0,67.75,density,3492969079
56,19,[81.0],35.9,81.0,35.9,"life expectancy at birth for different countries, female, 2000-2005",latitude of the country's capital,"life expectancy at birth for different countries, female, 2000-2005",latitude of the country's capital,pair0056,/Users/aj9225/Local/meta-learning-ecological-priors-from-llms/functionlearning/data/cause-effects/pairs/pair0056.txt,7,79.25,85.0,density,3492969079
56,20,[45.0],6.31,45.0,6.31,"life expectancy at birth for different countries, female, 2000-2005",latitude of the country's capital,"life expectancy at birth for different countries, female, 2000-2005",latitude of the country's capital,pair0056,/Users/aj9225/Local/meta-learning-ecological-priors-from-llms/functionlearning/data/cause-effects/pairs/pair0056.txt,1,44.75,50.5,density,3492969079
56,21,[60.0],-9.47,60.0,-9.47,"life expectancy at birth for different countries, female, 2000-2005",latitude of the country's capital,"life expectancy at birth for different countries, female, 2000-2005",latitude of the country's capital,pair0056,/Users/aj9225/Local/meta-learning-ecological-priors-from-llms/functionlearning/data/cause-effects/pairs/pair0056.txt,3,56.25,62.0,density,3492969079
56,22,[66.0],4.17,66.0,4.17,"life expectancy at birth for different countries, female, 2000-2005",latitude of the country's capital,"life expectancy at birth for different countries, female, 2000-2005",latitude of the country's capital,pair0056,/Users/aj9225/Local/meta-learning-ecological-priors-from-llms/functionlearning/data/cause-effects/pairs/pair0056.txt,4,62.0,67.75,coverage,3492969079
56,23,[79.0],52.22,79.0,52.22,"life expectancy at birth for different countries, female, 2000-2005",latitude of the country's capital,"life expectancy at birth for different countries, female, 2000-2005",latitude of the country's capital,pair0056,/Users/aj9225/Local/meta-learning-ecological-priors-from-llms/functionlearning/data/cause-effects/pairs/pair0056.txt,6,73.5,79.25,density,3492969079
64,0,[22.0],165.0,22.0,165.0,"Population with sustainable access to improved drinking water sources (%) total, 2006","Infant mortality rate (per 1 000 live births) both sexes, 2006","Population with sustainable access to improved drinking water sources (%) total, 2006","Infant mortality rate (per 1 000 live births) both sexes, 2006",pair0064,/Users/aj9225/Local/meta-learning-ecological-priors-from-llms/functionlearning/data/cause-effects/pairs/pair0064.txt,0,22.0,31.75,coverage,2789219405
64,1,[100.0],4.0,100.0,4.0,"Population with sustainable access to improved drinking water sources (%) total, 2006","Infant mortality rate (per 1 000 live births) both sexes, 2006","Population with sustainable access to improved drinking water sources (%) total, 2006","Infant mortality rate (per 1 000 live births) both sexes, 2006",pair0064,/Users/aj9225/Local/meta-learning-ecological-priors-from-llms/functionlearning/data/cause-effects/pairs/pair0064.txt,7,90.25,100.0,density,2789219405
64,2,[100.0],5.0,100.0,5.0,"Population with sustainable access to improved drinking water sources (%) total, 2006","Infant mortality rate (per 1 000 live births) both sexes, 2006","Population with sustainable access to improved drinking water sources (%) total, 2006","Infant mortality rate (per 1 000 live births) both sexes, 2006",pair0064,/Users/aj9225/Local/meta-learning-ecological-priors-from-llms/functionlearning/data/cause-effects/pairs/pair0064.txt,7,90.25,100.0,coverage,2789219405
64,3,[82.0],11.0,82.0,11.0,"Population with sustainable access to improved drinking water sources (%) total, 2006","Infant mortality rate (per 1 000 live births) both sexes, 2006","Population with sustainable access to improved drinking water sources (%) total, 2006","Infant mortality rate (per 1 000 live births) both sexes, 2006",pair0064,/Users/aj9225/Local/meta-learning-ecological-priors-from-llms/functionlearning/data/cause-effects/pairs/pair0064.txt,6,80.5,90.25,density,2789219405
64,4,[97.0],24.0,97.0,24.0,"Population with sustainable access to improved drinking water sources (%) total, 2006","Infant mortality rate (per 1 000 live births) both sexes, 2006","Population with sustainable access to improved drinking water sources (%) total, 2006","Infant mortality rate (per 1 000 live births) both sexes, 2006",pair0064,/Users/aj9225/Local/meta-learning-ecological-priors-from-llms/functionlearning/data/cause-effects/pairs/pair0064.txt,7,90.25,100.0,density,2789219405
64,5,[80.0],76.0,80.0,76.0,"Population with sustainable access to improved drinking water sources (%) total, 2006","Infant mortality rate (per 1 000 live births) both sexes, 2006","Population with sustainable access to improved drinking water sources (%) total, 2006","Infant mortality rate (per 1 000 live births) both sexes, 2006",pair0064,/Users/aj9225/Local/meta-learning-ecological-priors-from-llms/functionlearning/data/cause-effects/pairs/pair0064.txt,5,70.75,80.5,coverage,2789219405
64,6,[78.0],102.0,78.0,102.0,"Population with sustainable access to improved drinking water sources (%) total, 2006","Infant mortality rate (per 1 000 live births) both sexes, 2006","Population with sustainable access to improved drinking water sources (%) total, 2006","Infant mortality rate (per 1 000 live births) both sexes, 2006",pair0064,/Users/aj9225/Local/meta-learning-ecological-priors-from-llms/functionlearning/data/cause-effects/pairs/pair0064.txt,5,70.75,80.5,density,2789219405
64,7,[78.0],73.0,78.0,73.0,"Population with sustainable access to improved drinking water sources (%) total, 2006","Infant mortality rate (per 1 000 live births) both sexes, 2006","Population with sustainable access to improved drinking water sources (%) total, 2006","Infant mortality rate (per 1 000 live births) both sexes, 2006",pair0064,/Users/aj9225/Local/meta-learning-ecological-priors-from-llms/functionlearning/data/cause-effects/pairs/pair0064.txt,5,70.75,80.5,density,2789219405
64,8,[64.0],157.0,64.0,157.0,"Population with sustainable access to improved drinking water sources (%) total, 2006","Infant mortality rate (per 1 000 live births) both sexes, 2006","Population with sustainable access to improved drinking water sources (%) total, 2006","Infant mortality rate (per 1 000 live births) both sexes, 2006",pair0064,/Users/aj9225/Local/meta-learning-ecological-priors-from-llms/functionlearning/data/cause-effects/pairs/pair0064.txt,4,61.0,70.75,coverage,2789219405
64,9,[89.0],10.0,89.0,10.0,"Population with sustainable access to improved drinking water sources (%) total, 2006","Infant mortality rate (per 1 000 live births) both sexes, 2006","Population with sustainable access to improved drinking water sources (%) total, 2006","Infant mortality rate (per 1 000 live births) both sexes, 2006",pair0064,/Users/aj9225/Local/meta-learning-ecological-priors-from-llms/functionlearning/data/cause-effects/pairs/pair0064.txt,6,80.5,90.25,density,2789219405
64,10,[84.0],22.0,84.0,22.0,"Population with sustainable access to improved drinking water sources (%) total, 2006","Infant mortality rate (per 1 000 live births) both sexes, 2006","Population with sustainable access to improved drinking water sources (%) total, 2006","Infant mortality rate (per 1 000 live births) both sexes, 2006",pair0064,/Users/aj9225/Local/meta-learning-ecological-priors-from-llms/functionlearning/data/cause-effects/pairs/pair0064.txt,6,80.5,90.25,density,2789219405
64,11,[42.0],96.0,42.0,96.0,"Population with sustainable access to improved drinking water sources (%) total, 2006","Infant mortality rate (per 1 000 live births) both sexes, 2006","Population with sustainable access to improved drinking water sources (%) total, 2006","Infant mortality rate (per 1 000 live births) both sexes, 2006",pair0064,/Users/aj9225/Local/meta-learning-ecological-priors-from-llms/functionlearning/data/cause-effects/pairs/pair0064.txt,2,41.5,51.25,coverage,2789219405
64,12,[99.0],10.0,99.0,10.0,"Population with sustainable access to improved drinking water sources (%) total, 2006","Infant mortality rate (per 1 000 live births) both sexes, 2006","Population with sustainable access to improved drinking water sources (%) total, 2006","Infant mortality rate (per 1 000 live births) both sexes, 2006",pair0064,/Users/aj9225/Local/meta-learning-ecological-priors-from-llms/functionlearning/data/cause-effects/pairs/pair0064.txt,7,90.25,100.0,density,2789219405
64,13,[83.0],26.0,83.0,26.0,"Population with sustainable access to improved drinking water sources (%) total, 2006","Infant mortality rate (per 1 000 live births) both sexes, 2006","Population with sustainable access to improved drinking water sources (%) total, 2006","Infant mortality rate (per 1 000 live births) both sexes, 2006",pair0064,/Users/aj9225/Local/meta-learning-ecological-priors-from-llms/functionlearning/data/cause-effects/pairs/pair0064.txt,6,80.5,90.25,coverage,2789219405
64,14,[60.0],119.0,60.0,119.0,"Population with sustainable access to improved drinking water sources (%) total, 2006","Infant mortality rate (per 1 000 live births) both sexes, 2006","Population with sustainable access to improved drinking water sources (%) total, 2006","Infant mortality rate (per 1 000 live births) both sexes, 2006",pair0064,/Users/aj9225/Local/meta-learning-ecological-priors-from-llms/functionlearning/data/cause-effects/pairs/pair0064.txt,3,51.25,61.0,density,2789219405
64,15,[96.0],14.0,96.0,14.0,"Population with sustainable access to improved drinking water sources (%) total, 2006","Infant mortality rate (per 1 000 live births) both sexes, 2006","Population with sustainable access to improved drinking water sources (%) total, 2006","Infant mortality rate (per 1 000 live births) both sexes, 2006",pair0064,/Users/aj9225/Local/meta-learning-ecological-priors-from-llms/functionlearning/data/cause-effects/pairs/pair0064.txt,7,90.25,100.0,density,2789219405
64,16,[100.0],9.0,100.0,9.0,"Population with sustainable access to improved drinking water sources (%) total, 2006","Infant mortality rate (per 1 000 live births) both sexes, 2006","Population with sustainable access to improved drinking water sources (%) total, 2006","Infant mortality rate (per 1 000 live births) both sexes, 2006",pair0064,/Users/aj9225/Local/meta-learning-ecological-priors-from-llms/functionlearning/data/cause-effects/pairs/pair0064.txt,7,90.25,100.0,density,2789219405
64,17,[62.0],47.0,62.0,47.0,"Population with sustainable access to improved drinking water sources (%) total, 2006","Infant mortality rate (per 1 000 live births) both sexes, 2006","Population with sustainable access to improved drinking water sources (%) total, 2006","Infant mortality rate (per 1 000 live births) both sexes, 2006",pair0064,/Users/aj9225/Local/meta-learning-ecological-priors-from-llms/functionlearning/data/cause-effects/pairs/pair0064.txt,4,61.0,70.75,density,2789219405
64,18,[40.0],54.0,40.0,54.0,"Population with sustainable access to improved drinking water sources (%) total, 2006","Infant mortality rate (per 1 000 live births) both sexes, 2006","Population with sustainable access to improved drinking water sources (%) total, 2006","Infant mortality rate (per 1 000 live births) both sexes, 2006",pair0064,/Users/aj9225/Local/meta-learning-ecological-priors-from-llms/functionlearning/data/cause-effects/pairs/pair0064.txt,1,31.75,41.5,coverage,2789219405
64,19,[98.0],7.0,98.0,7.0,"Population with sustainable access to improved drinking water sources (%) total, 2006","Infant mortality rate (per 1 000 live births) both sexes, 2006","Population with sustainable access to improved drinking water sources (%) total, 2006","Infant mortality rate (per 1 000 live births) both sexes, 2006",pair0064,/Users/aj9225/Local/meta-learning-ecological-priors-from-llms/functionlearning/data/cause-effects/pairs/pair0064.txt,7,90.25,100.0,density,2789219405
64,20,[60.0],48.0,60.0,48.0,"Population with sustainable access to improved drinking water sources (%) total, 2006","Infant mortality rate (per 1 000 live births) both sexes, 2006","Population with sustainable access to improved drinking water sources (%) total, 2006","Infant mortality rate (per 1 000 live births) both sexes, 2006",pair0064,/Users/aj9225/Local/meta-learning-ecological-priors-from-llms/functionlearning/data/cause-effects/pairs/pair0064.txt,3,51.25,61.0,coverage,2789219405
64,21,[42.0],77.0,42.0,77.0,"Population with sustainable access to improved drinking water sources (%) total, 2006","Infant mortality rate (per 1 000 live births) both sexes, 2006","Population with sustainable access to improved drinking water sources (%) total, 2006","Infant mortality rate (per 1 000 live births) both sexes, 2006",pair0064,/Users/aj9225/Local/meta-learning-ecological-priors-from-llms/functionlearning/data/cause-effects/pairs/pair0064.txt,2,41.5,51.25,density,2789219405
64,22,[95.0],8.0,95.0,8.0,"Population with sustainable access to improved drinking water sources (%) total, 2006","Infant mortality rate (per 1 000 live births) both sexes, 2006","Population with sustainable access to improved drinking water sources (%) total, 2006","Infant mortality rate (per 1 000 live births) both sexes, 2006",pair0064,/Users/aj9225/Local/meta-learning-ecological-priors-from-llms/functionlearning/data/cause-effects/pairs/pair0064.txt,7,90.25,100.0,density,2789219405
64,23,[100.0],3.0,100.0,3.0,"Population with sustainable access to improved drinking water sources (%) total, 2006","Infant mortality rate (per 1 000 live births) both sexes, 2006","Population with sustainable access to improved drinking water sources (%) total, 2006","Infant mortality rate (per 1 000 live births) both sexes, 2006",pair0064,/Users/aj9225/Local/meta-learning-ecological-priors-from-llms/functionlearning/data/cause-effects/pairs/pair0064.txt,7,90.25,100.0,density,2789219405
66,0,[-0.0276222],-0.016977929,-0.0276222,-0.016977929,stock returns of Hutchison (0013.HK),stock return of Cheung kong (0001.HK),stock returns of Hutchison (0013.HK),stock return of Cheung kong (0001.HK),pair0066,/Users/aj9225/Local/meta-learning-ecological-priors-from-llms/functionlearning/data/cause-effects/pairs/pair0066.txt,3,-0.05023445600000001,-0.023159118000000006,density,3920255352
66,1,[0.0],0.0,0.0,0.0,stock returns of Hutchison (0013.HK),stock return of Cheung kong (0001.HK),stock returns of Hutchison (0013.HK),stock return of Cheung kong (0001.HK),pair0066,/Users/aj9225/Local/meta-learning-ecological-priors-from-llms/functionlearning/data/cause-effects/pairs/pair0066.txt,4,-0.023159118000000006,0.003916219999999998,density,3920255352
66,2,[-0.0043776171],0.0,-0.0043776171,0.0,stock returns of Hutchison (0013.HK),stock return of Cheung kong (0001.HK),stock returns of Hutchison (0013.HK),stock return of Cheung kong (0001.HK),pair0066,/Users/aj9225/Local/meta-learning-ecological-priors-from-llms/functionlearning/data/cause-effects/pairs/pair0066.txt,4,-0.023159118000000006,0.003916219999999998,density,3920255352
66,3,[-0.015350877],-0.010220953,-0.015350877,-0.010220953,stock returns of Hutchison (0013.HK),stock return of Cheung kong (0001.HK),stock returns of Hutchison (0013.HK),stock return of Cheung kong (0001.HK),pair0066,/Users/aj9225/Local/meta-learning-ecological-priors-from-llms/functionlearning/data/cause-effects/pairs/pair0066.txt,4,-0.023159118000000006,0.003916219999999998,density,3920255352
66,4,[-0.055120953],-0.030951471,-0.055120953,-0.030951471,stock returns of Hutchison (0013.HK),stock return of Cheung kong (0001.HK),stock returns of Hutchison (0013.HK),stock return of Cheung kong (0001.HK),pair0066,/Users/aj9225/Local/meta-learning-ecological-priors-from-llms/functionlearning/data/cause-effects/pairs/pair0066.txt,2,-0.077309794,-0.05023445600000001,coverage,3920255352
66,5,[0.073925629],0.038313356,0.073925629,0.038313356,stock returns of Hutchison (0013.HK),stock return of Cheung kong (0001.HK),stock returns of Hutchison (0013.HK),stock return of Cheung kong (0001.HK),pair0066,/Users/aj9225/Local/meta-learning-ecological-priors-from-llms/functionlearning/data/cause-effects/pairs/pair0066.txt,7,0.05806689599999998,0.085142234,coverage,3920255352
66,6,[-0.014018692],-0.0041293875,-0.014018692,-0.0041293875,stock returns of Hutchison (0013.HK),stock return of Cheung kong (0001.HK),stock returns of Hutchison (0013.HK),stock return of Cheung kong (0001.HK),pair0066,/Users/aj9225/Local/meta-learning-ecological-priors-from-llms/functionlearning/data/cause-effects/pairs/pair0066.txt,4,-0.023159118000000006,0.003916219999999998,density,3920255352
66,7,[0.010109322],0.014602416,0.010109322,0.014602416,stock returns of Hutchison (0013.HK),stock return of Cheung kong (0001.HK),stock returns of Hutchison (0013.HK),stock return of Cheung kong (0001.HK),pair0066,/Users/aj9225/Local/meta-learning-ecological-priors-from-llms/functionlearning/data/cause-effects/pairs/pair0066.txt,5,0.003916219999999998,0.030991557999999975,density,3920255352
66,8,[0.0039900249],-0.0034863451,0.0039900249,-0.0034863451,stock returns of Hutchison (0013.HK),stock return of Cheung kong (0001.HK),stock returns of Hutchison (0013.HK),stock return of Cheung kong (0001.HK),pair0066,/Users/aj9225/Local/meta-learning-ecological-priors-from-llms/functionlearning/data/cause-effects/pairs/pair0066.txt,5,0.003916219999999998,0.030991557999999975,density,3920255352
66,9,[0.013084782],0.008168028,0.013084782,0.008168028,stock returns of Hutchison (0013.HK),stock return of Cheung kong (0001.HK),stock returns of Hutchison (0013.HK),stock return of Cheung kong (0001.HK),pair0066,/Users/aj9225/Local/meta-learning-ecological-priors-from-llms/functionlearning/data/cause-effects/pairs/pair0066.txt,5,0.003916219999999998,0.030991557999999975,density,3920255352
66,10,[0.008243607],0.011128049,0.008243607,0.011128049,stock returns of Hutchison (0013.HK),stock return of Cheung kong (0001.HK),stock returns of Hutchison (0013.HK),stock return of Cheung kong (0001.HK),pair0066,/Users/aj9225/Local/meta-learning-ecological-priors-from-llms/functionlearning/data/cause-effects/pairs/pair0066.txt,5,0.003916219999999998,0.030991557999999975,coverage,3920255352
66,11,[0.031930334],0.021505376,0.031930334,0.021505376,stock returns of Hutchison (0013.HK),stock return of Cheung kong (0001.HK),stock returns of Hutchison (0013.HK),stock return of Cheung kong (0001.HK),pair0066,/Users/aj9225/Local/meta-learning-ecological-priors-from-llms/functionlearning/data/cause-effects/pairs/pair0066.txt,6,0.030991557999999975,0.05806689599999998,density,3920255352
66,12,[0.0049679155],0.0,0.0049679155,0.0,stock returns of Hutchison (0013.HK),stock return of Cheung kong (0001.HK),stock returns of Hutchison (0013.HK),stock return of Cheung kong (0001.HK),pair0066,/Users/aj9225/Local/meta-learning-ecological-priors-from-llms/functionlearning/data/cause-effects/pairs/pair0066.txt,5,0.003916219999999998,0.030991557999999975,density,3920255352
66,13,[-0.0037389531],-0.0035725381,-0.0037389531,-0.0035725381,stock returns of Hutchison (0013.HK),stock return of Cheung kong (0001.HK),stock returns of Hutchison (0013.HK),stock return of Cheung kong (0001.HK),pair0066,/Users/aj9225/Local/meta-learning-ecological-priors-from-llms/functionlearning/data/cause-effects/pairs/pair0066.txt,4,-0.023159118000000006,0.003916219999999998,density,3920255352
66,14,[0.0047365305],0.0086705202,0.0047365305,0.0086705202,stock returns of Hutchison (0013.HK),stock return of Cheung kong (0001.HK),stock returns of Hutchison (0013.HK),stock return of Cheung kong (0001.HK),pair0066,/Users/aj9225/Local/meta-learning-ecological-priors-from-llms/functionlearning/data/cause-effects/pairs/pair0066.txt,5,0.003916219999999998,0.030991557999999975,density,3920255352
66,15,[0.04974524],0.06376254,0.04974524,0.06376254,stock returns of Hutchison (0013.HK),stock return of Cheung kong (0001.HK),stock returns of Hutchison (0013.HK),stock return of Cheung kong (0001.HK),pair0066,/Users/aj9225/Local/meta-learning-ecological-priors-from-llms/functionlearning/data/cause-effects/pairs/pair0066.txt,6,0.030991557999999975,0.05806689599999998,coverage,3920255352
66,16,[-0.046783626],-0.046349421,-0.046783626,-0.046349421,stock returns of Hutchison (0013.HK),stock return of Cheung kong (0001.HK),stock returns of Hutchison (0013.HK),stock return of Cheung kong (0001.HK),pair0066,/Users/aj9225/Local/meta-learning-ecological-priors-from-llms/functionlearning/data/cause-effects/pairs/pair0066.txt,3,-0.05023445600000001,-0.023159118000000006,density,3920255352
66,17,[0.0038693701],0.011094453,0.0038693701,0.011094453,stock returns of Hutchison (0013.HK),stock return of Cheung kong (0001.HK),stock returns of Hutchison (0013.HK),stock return of Cheung kong (0001.HK),pair0066,/Users/aj9225/Local/meta-learning-ecological-priors-from-llms/functionlearning/data/cause-effects/pairs/pair0066.txt,4,-0.023159118000000006,0.003916219999999998,density,3920255352
66,18,[-0.0098260673],-0.013573544,-0.0098260673,-0.013573544,stock returns of Hutchison (0013.HK),stock return of Cheung kong (0001.HK),stock returns of Hutchison (0013.HK),stock return of Cheung kong (0001.HK),pair0066,/Users/aj9225/Local/meta-learning-ecological-priors-from-llms/functionlearning/data/cause-effects/pairs/pair0066.txt,4,-0.023159118000000006,0.003916219999999998,density,3920255352
66,19,[-0.0079147149],-0.014573826,-0.0079147149,-0.014573826,stock returns of Hutchison (0013.HK),stock return of Cheung kong (0001.HK),stock returns of Hutchison (0013.HK),stock return of Cheung kong (0001.HK),pair0066,/Users/aj9225/Local/meta-learning-ecological-priors-from-llms/functionlearning/data/cause-effects/pairs/pair0066.txt,4,-0.023159118000000006,0.003916219999999998,density,3920255352
66,20,[-0.014651605],0.010858835,-0.014651605,0.010858835,stock returns of Hutchison (0013.HK),stock return of Cheung kong (0001.HK),stock returns of Hutchison (0013.HK),stock return of Cheung kong (0001.HK),pair0066,/Users/aj9225/Local/meta-learning-ecological-priors-from-llms/functionlearning/data/cause-effects/pairs/pair0066.txt,4,-0.023159118000000006,0.003916219999999998,coverage,3920255352
66,21,[-0.10653938],-0.10610296,-0.10653938,-0.10610296,stock returns of Hutchison (0013.HK),stock return of Cheung kong (0001.HK),stock returns of Hutchison (0013.HK),stock return of Cheung kong (0001.HK),pair0066,/Users/aj9225/Local/meta-learning-ecological-priors-from-llms/functionlearning/data/cause-effects/pairs/pair0066.txt,0,-0.13146047,-0.10438513199999999,coverage,3920255352
66,22,[0.019179894],0.0,0.019179894,0.0,stock returns of Hutchison (0013.HK),stock return of Cheung kong (0001.HK),stock returns of Hutchison (0013.HK),stock return of Cheung kong (0001.HK),pair0066,/Users/aj9225/Local/meta-learning-ecological-priors-from-llms/functionlearning/data/cause-effects/pairs/pair0066.txt,5,0.003916219999999998,0.030991557999999975,density,3920255352
66,23,[-0.043909348],-0.025086839,-0.043909348,-0.025086839,stock returns of Hutchison (0013.HK),stock return of Cheung kong (0001.HK),stock returns of Hutchison (0013.HK),stock return of Cheung kong (0001.HK),pair0066,/Users/aj9225/Local/meta-learning-ecological-priors-from-llms/functionlearning/data/cause-effects/pairs/pair0066.txt,3,-0.05023445600000001,-0.023159118000000006,coverage,3920255352
67,0,[-0.046349421],-0.042934363,-0.046349421,-0.042934363,stock returns of Cheung kong (0001.HK),stock return of Sun Hung Kai Prop. (0016.HK),stock returns of Cheung kong (0001.HK),stock return of Sun Hung Kai Prop. (0016.HK),pair0067,/Users/aj9225/Local/meta-learning-ecological-priors-from-llms/functionlearning/data/cause-effects/pairs/pair0067.txt,2,-0.06037458975,-0.036910874625000006,coverage,2163061374
67,1,[0.0044939429],-0.0044897959,0.0044939429,-0.0044897959,stock returns of Cheung kong (0001.HK),stock return of Sun Hung Kai Prop. (0016.HK),stock returns of Cheung kong (0001.HK),stock return of Sun Hung Kai Prop. (0016.HK),pair0067,/Users/aj9225/Local/meta-learning-ecological-priors-from-llms/functionlearning/data/cause-effects/pairs/pair0067.txt,4,-0.0134471595,0.010016555625000007,density,2163061374
67,2,[0.028918692],0.02454955,0.028918692,0.02454955,stock returns of Cheung kong (0001.HK),stock return of Sun Hung Kai Prop. (0016.HK),stock returns of Cheung kong (0001.HK),stock return of Sun Hung Kai Prop. (0016.HK),pair0067,/Users/aj9225/Local/meta-learning-ecological-priors-from-llms/functionlearning/data/cause-effects/pairs/pair0067.txt,5,0.010016555625000007,0.033480270749999985,coverage,2163061374
67,3,[-0.023699124],-0.027984519,-0.023699124,-0.027984519,stock returns of Cheung kong (0001.HK),stock return of Sun Hung Kai Prop. (0016.HK),stock returns of Cheung kong (0001.HK),stock return of Sun Hung Kai Prop. (0016.HK),pair0067,/Users/aj9225/Local/meta-learning-ecological-priors-from-llms/functionlearning/data/cause-effects/pairs/pair0067.txt,3,-0.036910874625000006,-0.0134471595,density,2163061374
67,4,[-0.0096971307],-0.0031893688,-0.0096971307,-0.0031893688,stock returns of Cheung kong (0001.HK),stock return of Sun Hung Kai Prop. (0016.HK),stock returns of Cheung kong (0001.HK),stock return of Sun Hung Kai Prop. (0016.HK),pair0067,/Users/aj9225/Local/meta-learning-ecological-priors-from-llms/functionlearning/data/cause-effects/pairs/pair0067.txt,4,-0.0134471595,0.010016555625000007,density,2163061374
67,5,[-0.068831627],-0.065380344,-0.068831627,-0.065380344,stock returns of Cheung kong (0001.HK),stock return of Sun Hung Kai Prop. (0016.HK),stock returns of Cheung kong (0001.HK),stock return of Sun Hung Kai Prop. (0016.HK),pair0067,/Users/aj9225/Local/meta-learning-ecological-priors-from-llms/functionlearning/data/cause-effects/pairs/pair0067.txt,1,-0.08383830487499999,-0.06037458975,coverage,2163061374
67,6,[0.014950731],0.0,0.014950731,0.0,stock returns of Cheung kong (0001.HK),stock return of Sun Hung Kai Prop. (0016.HK),stock returns of Cheung kong (0001.HK),stock return of Sun Hung Kai Prop. (0016.HK),pair0067,/Users/aj9225/Local/meta-learning-ecological-priors-from-llms/functionlearning/data/cause-effects/pairs/pair0067.txt,5,0.010016555625000007,0.033480270749999985,density,2163061374
67,7,[0.066448939],0.092582851,0.066448939,0.092582851,stock returns of Cheung kong (0001.HK),stock return of Sun Hung Kai Prop. (0016.HK),stock returns of Cheung kong (0001.HK),stock return of Sun Hung Kai Prop. (0016.HK),pair0067,/Users/aj9225/Local/meta-learning-ecological-priors-from-llms/functionlearning/data/cause-effects/pairs/pair0067.txt,7,0.05694398587499999,0.080407701,coverage,2163061374
67,8,[-0.004773765],-0.0020510483,-0.004773765,-0.0020510483,stock returns of Cheung kong (0001.HK),stock return of Sun Hung Kai Prop. (0016.HK),stock returns of Cheung kong (0001.HK),stock return of Sun Hung Kai Prop. (0016.HK),pair0067,/Users/aj9225/Local/meta-learning-ecological-priors-from-llms/functionlearning/data/cause-effects/pairs/pair0067.txt,4,-0.0134471595,0.010016555625000007,density,2163061374
67,9,[0.018791035],0.01841254,0.018791035,0.01841254,stock returns of Cheung kong (0001.HK),stock return of Sun Hung Kai Prop. (0016.HK),stock returns of Cheung kong (0001.HK),stock return of Sun Hung Kai Prop. (0016.HK),pair0067,/Users/aj9225/Local/meta-learning-ecological-priors-from-llms/functionlearning/data/cause-effects/pairs/pair0067.txt,5,0.010016555625000007,0.033480270749999985,density,2163061374
67,10,[-0.011074458],-0.0080878105,-0.011074458,-0.0080878105,stock returns of Cheung kong (0001.HK),stock return of Sun Hung Kai Prop. (0016.HK),stock returns of Cheung kong (0001.HK),stock return of Sun Hung Kai Prop. (0016.HK),pair0067,/Users/aj9225/Local/meta-learning-ecological-priors-from-llms/functionlearning/data/cause-effects/pairs/pair0067.txt,4,-0.0134471595,0.010016555625000007,coverage,2163061374
67,11,[-0.016992717],-0.016508114,-0.016992717,-0.016508114,stock returns of Cheung kong (0001.HK),stock return of Sun Hung Kai Prop. (0016.HK),stock returns of Cheung kong (0001.HK),stock return of Sun Hung Kai Prop. (0016.HK),pair0067,/Users/aj9225/Local/meta-learning-ecological-priors-from-llms/functionlearning/data/cause-effects/pairs/pair0067.txt,3,-0.036910874625000006,-0.0134471595,density,2163061374
67,12,[-0.0026888291],-0.0089226262,-0.0026888291,-0.0089226262,stock returns of Cheung kong (0001.HK),stock return of Sun Hung Kai Prop. (0016.HK),stock returns of Cheung kong (0001.HK),stock return of Sun Hung Kai Prop. (0016.HK),pair0067,/Users/aj9225/Local/meta-learning-ecological-priors-from-llms/functionlearning/data/cause-effects/pairs/pair0067.txt,4,-0.0134471595,0.010016555625000007,density,2163061374
67,13,[-0.010349854],-0.02291868,-0.010349854,-0.02291868,stock returns of Cheung kong (0001.HK),stock return of Sun Hung Kai Prop. (0016.HK),stock returns of Cheung kong (0001.HK),stock return of Sun Hung Kai Prop. (0016.HK),pair0067,/Users/aj9225/Local/meta-learning-ecological-priors-from-llms/functionlearning/data/cause-effects/pairs/pair0067.txt,4,-0.0134471595,0.010016555625000007,density,2163061374
67,14,[-0.023204197],-0.012879284,-0.023204197,-0.012879284,stock returns of Cheung kong (0001.HK),stock return of Sun Hung Kai Prop. (0016.HK),stock returns of Cheung kong (0001.HK),stock return of Sun Hung Kai Prop. (0016.HK),pair0067,/Users/aj9225/Local/meta-learning-ecological-priors-from-llms/functionlearning/data/cause-effects/pairs/pair0067.txt,3,-0.036910874625000006,-0.0134471595,coverage,2163061374
67,15,[0.017495396],0.032593123,0.017495396,0.032593123,stock returns of Cheung kong (0001.HK),stock return of Sun Hung Kai Prop. (0016.HK),stock returns of Cheung kong (0001.HK),stock return of Sun Hung Kai Prop. (0016.HK),pair0067,/Users/aj9225/Local/meta-learning-ecological-priors-from-llms/functionlearning/data/cause-effects/pairs/pair0067.txt,5,0.010016555625000007,0.033480270749999985,density,2163061374
67,16,[0.0],0.0067472589,0.0,0.0067472589,stock returns of Cheung kong (0001.HK),stock return of Sun Hung Kai Prop. (0016.HK),stock returns of Cheung kong (0001.HK),stock return of Sun Hung Kai Prop. (0016.HK),pair0067,/Users/aj9225/Local/meta-learning-ecological-priors-from-llms/functionlearning/data/cause-effects/pairs/pair0067.txt,4,-0.0134471595,0.010016555625000007,density,2163061374
67,17,[0.053090333],0.047507648,0.053090333,0.047507648,stock returns of Cheung kong (0001.HK),stock return of Sun Hung Kai Prop. (0016.HK),stock returns of Cheung kong (0001.HK),stock return of Sun Hung Kai Prop. (0016.HK),pair0067,/Users/aj9225/Local/meta-learning-ecological-priors-from-llms/functionlearning/data/cause-effects/pairs/pair0067.txt,6,0.033480270749999985,0.05694398587499999,density,2163061374
67,18,[-0.02429585],-0.033418367,-0.02429585,-0.033418367,stock returns of Cheung kong (0001.HK),stock return of Sun Hung Kai Prop. (0016.HK),stock returns of Cheung kong (0001.HK),stock return of Sun Hung Kai Prop. (0016.HK),pair0067,/Users/aj9225/Local/meta-learning-ecological-priors-from-llms/functionlearning/data/cause-effects/pairs/pair0067.txt,3,-0.036910874625000006,-0.0134471595,density,2163061374
67,19,[-0.10610296],-0.038737446,-0.10610296,-0.038737446,stock returns of Cheung kong (0001.HK),stock return of Sun Hung Kai Prop. (0016.HK),stock returns of Cheung kong (0001.HK),stock return of Sun Hung Kai Prop. (0016.HK),pair0067,/Users/aj9225/Local/meta-learning-ecological-priors-from-llms/functionlearning/data/cause-effects/pairs/pair0067.txt,0,-0.10730202,-0.08383830487499999,coverage,2163061374
67,20,[0.0055117124],0.0037846207,0.0055117124,0.0037846207,stock returns of Cheung kong (0001.HK),stock return of Sun Hung Kai Prop. (0016.HK),stock returns of Cheung kong (0001.HK),stock return of Sun Hung Kai Prop. (0016.HK),pair0067,/Users/aj9225/Local/meta-learning-ecological-priors-from-llms/functionlearning/data/cause-effects/pairs/pair0067.txt,4,-0.0134471595,0.010016555625000007,density,2163061374
67,21,[-0.0034965035],0.0,-0.0034965035,0.0,stock returns of Cheung kong (0001.HK),stock return of Sun Hung Kai Prop. (0016.HK),stock returns of Cheung kong (0001.HK),stock return of Sun Hung Kai Prop. (0016.HK),pair0067,/Users/aj9225/Local/meta-learning-ecological-priors-from-llms/functionlearning/data/cause-effects/pairs/pair0067.txt,4,-0.0134471595,0.010016555625000007,density,2163061374
67,22,[0.036396909],-0.010182828,0.036396909,-0.010182828,stock returns of Cheung kong (0001.HK),stock return of Sun Hung Kai Prop. (0016.HK),stock returns of Cheung kong (0001.HK),stock return of Sun Hung Kai Prop. (0016.HK),pair0067,/Users/aj9225/Local/meta-learning-ecological-priors-from-llms/functionlearning/data/cause-effects/pairs/pair0067.txt,6,0.033480270749999985,0.05694398587499999,coverage,2163061374
67,23,[0.017407841],0.010453475,0.017407841,0.010453475,stock returns of Cheung kong (0001.HK),stock return of Sun Hung Kai Prop. (0016.HK),stock returns of Cheung kong (0001.HK),stock return of Sun Hung Kai Prop. (0016.HK),pair0067,/Users/aj9225/Local/meta-learning-ecological-priors-from-llms/functionlearning/data/cause-effects/pairs/pair0067.txt,5,0.010016555625000007,0.033480270749999985,density,2163061374
68,0,[8325981.0],159.0,8325981.0,159.0,bytes sent at minute t,open http connections during that minute,bytes sent at minute t,open http connections during that minute,pair0068,/Users/aj9225/Local/meta-learning-ecological-priors-from-llms/functionlearning/data/cause-effects/pairs/pair0068.txt,3,7451913.125,9933731.5,coverage,2605480816
68,1,[228655.0],15.0,228655.0,15.0,bytes sent at minute t,open http connections during that minute,bytes sent at minute t,open http connections during that minute,pair0068,/Users/aj9225/Local/meta-learning-ecological-priors-from-llms/functionlearning/data/cause-effects/pairs/pair0068.txt,0,6458.0,2488276.375,density,2605480816
68,2,[230964.0],23.0,230964.0,23.0,bytes sent at minute t,open http connections during that minute,bytes sent at minute t,open http connections during that minute,pair0068,/Users/aj9225/Local/meta-learning-ecological-priors-from-llms/functionlearning/data/cause-effects/pairs/pair0068.txt,0,6458.0,2488276.375,density,2605480816
68,3,[218744.0],15.0,218744.0,15.0,bytes sent at minute t,open http connections during that minute,bytes sent at minute t,open http connections during that minute,pair0068,/Users/aj9225/Local/meta-learning-ecological-priors-from-llms/functionlearning/data/cause-effects/pairs/pair0068.txt,0,6458.0,2488276.375,density,2605480816
68,4,[229251.0],16.0,229251.0,16.0,bytes sent at minute t,open http connections during that minute,bytes sent at minute t,open http connections during that minute,pair0068,/Users/aj9225/Local/meta-learning-ecological-priors-from-llms/functionlearning/data/cause-effects/pairs/pair0068.txt,0,6458.0,2488276.375,density,2605480816
68,5,[19861005.0],356.0,19861005.0,356.0,bytes sent at minute t,open http connections during that minute,bytes sent at minute t,open http connections during that minute,pair0068,/Users/aj9225/Local/meta-learning-ecological-priors-from-llms/functionlearning/data/cause-effects/pairs/pair0068.txt,7,17379186.625,19861005.0,coverage,2605480816
68,6,[229258.0],16.0,229258.0,16.0,bytes sent at minute t,open http connections during that minute,bytes sent at minute t,open http connections during that minute,pair0068,/Users/aj9225/Local/meta-learning-ecological-priors-from-llms/functionlearning/data/cause-effects/pairs/pair0068.txt,0,6458.0,2488276.375,density,2605480816
68,7,[229531.0],17.0,229531.0,17.0,bytes sent at minute t,open http connections during that minute,bytes sent at minute t,open http connections during that minute,pair0068,/Users/aj9225/Local/meta-learning-ecological-priors-from-llms/functionlearning/data/cause-effects/pairs/pair0068.txt,0,6458.0,2488276.375,density,2605480816
68,8,[229673.0],17.0,229673.0,17.0,bytes sent at minute t,open http connections during that minute,bytes sent at minute t,open http connections during that minute,pair0068,/Users/aj9225/Local/meta-learning-ecological-priors-from-llms/functionlearning/data/cause-effects/pairs/pair0068.txt,0,6458.0,2488276.375,density,2605480816
68,9,[217038.0],11.0,217038.0,11.0,bytes sent at minute t,open http connections during that minute,bytes sent at minute t,open http connections during that minute,pair0068,/Users/aj9225/Local/meta-learning-ecological-priors-from-llms/functionlearning/data/cause-effects/pairs/pair0068.txt,0,6458.0,2488276.375,density,2605480816
68,10,[230010.0],18.0,230010.0,18.0,bytes sent at minute t,open http connections during that minute,bytes sent at minute t,open http connections during that minute,pair0068,/Users/aj9225/Local/meta-learning-ecological-priors-from-llms/functionlearning/data/cause-effects/pairs/pair0068.txt,0,6458.0,2488276.375,density,2605480816
68,11,[228939.0],16.0,228939.0,16.0,bytes sent at minute t,open http connections during that minute,bytes sent at minute t,open http connections during that minute,pair0068,/Users/aj9225/Local/meta-learning-ecological-priors-from-llms/functionlearning/data/cause-effects/pairs/pair0068.txt,0,6458.0,2488276.375,density,2605480816
68,12,[2986945.0],65.0,2986945.0,65.0,bytes sent at minute t,open http connections during that minute,bytes sent at minute t,open http connections during that minute,pair0068,/Users/aj9225/Local/meta-learning-ecological-priors-from-llms/functionlearning/data/cause-effects/pairs/pair0068.txt,1,2488276.375,4970094.75,coverage,2605480816
68,13,[233418.0],32.0,233418.0,32.0,bytes sent at minute t,open http connections during that minute,bytes sent at minute t,open http connections during that minute,pair0068,/Users/aj9225/Local/meta-learning-ecological-priors-from-llms/functionlearning/data/cause-effects/pairs/pair0068.txt,0,6458.0,2488276.375,density,2605480816
68,14,[11325990.0],93.0,11325990.0,93.0,bytes sent at minute t,open http connections during that minute,bytes sent at minute t,open http connections during that minute,pair0068,/Users/aj9225/Local/meta-learning-ecological-priors-from-llms/functionlearning/data/cause-effects/pairs/pair0068.txt,4,9933731.5,12415549.875,coverage,2605480816
68,15,[217067.0],11.0,217067.0,11.0,bytes sent at minute t,open http connections during that minute,bytes sent at minute t,open http connections during that minute,pair0068,/Users/aj9225/Local/meta-learning-ecological-priors-from-llms/functionlearning/data/cause-effects/pairs/pair0068.txt,0,6458.0,2488276.375,density,2605480816
68,16,[14191950.0],210.0,14191950.0,210.0,bytes sent at minute t,open http connections during that minute,bytes sent at minute t,open http connections during that minute,pair0068,/Users/aj9225/Local/meta-learning-ecological-priors-from-llms/functionlearning/data/cause-effects/pairs/pair0068.txt,5,12415549.875,14897368.25,coverage,2605480816
68,17,[609354.0],100.0,609354.0,100.0,bytes sent at minute t,open http connections during that minute,bytes sent at minute t,open http connections during that minute,pair0068,/Users/aj9225/Local/meta-learning-ecological-priors-from-llms/functionlearning/data/cause-effects/pairs/pair0068.txt,0,6458.0,2488276.375,density,2605480816
68,18,[229527.0],17.0,229527.0,17.0,bytes sent at minute t,open http connections during that minute,bytes sent at minute t,open http connections during that minute,pair0068,/Users/aj9225/Local/meta-learning-ecological-priors-from-llms/functionlearning/data/cause-effects/pairs/pair0068.txt,0,6458.0,2488276.375,density,2605480816
68,19,[6138010.0],93.0,6138010.0,93.0,bytes sent at minute t,open http connections during that minute,bytes sent at minute t,open http connections during that minute,pair0068,/Users/aj9225/Local/meta-learning-ecological-priors-from-llms/functionlearning/data/cause-effects/pairs/pair0068.txt,2,4970094.75,7451913.125,coverage,2605480816
68,20,[229656.0],17.0,229656.0,17.0,bytes sent at minute t,open http connections during that minute,bytes sent at minute t,open http connections during that minute,pair0068,/Users/aj9225/Local/meta-learning-ecological-priors-from-llms/functionlearning/data/cause-effects/pairs/pair0068.txt,0,6458.0,2488276.375,coverage,2605480816
68,21,[16037552.0],135.0,16037552.0,135.0,bytes sent at minute t,open http connections during that minute,bytes sent at minute t,open http connections during that minute,pair0068,/Users/aj9225/Local/meta-learning-ecological-priors-from-llms/functionlearning/data/cause-effects/pairs/pair0068.txt,6,14897368.25,17379186.625,coverage,2605480816
68,22,[231183.0],19.0,231183.0,19.0,bytes sent at minute t,open http connections during that minute,bytes sent at minute t,open http connections during that minute,pair0068,/Users/aj9225/Local/meta-learning-ecological-priors-from-llms/functionlearning/data/cause-effects/pairs/pair0068.txt,0,6458.0,2488276.375,density,2605480816
68,23,[217979.0],13.0,217979.0,13.0,bytes sent at minute t,open http connections during that minute,bytes sent at minute t,open http connections during that minute,pair0068,/Users/aj9225/Local/meta-learning-ecological-priors-from-llms/functionlearning/data/cause-effects/pairs/pair0068.txt,0,6458.0,2488276.375,density,2605480816
73,0,[3.754571],778.622075,3.754571,778.622075,CO2 emissions for different countries in different years,Energy use (kg of oil equivalent per capita) for different countries in different years,CO2 emissions for different countries in different years,Energy use (kg of oil equivalent per capita) for different countries in different years,pair0073,/Users/aj9225/Local/meta-learning-ecological-priors-from-llms/functionlearning/data/cause-effects/pairs/pair0073.txt,0,0.0,10.561414875,density,4169308740
73,1,[52.121433],9663.942826,52.121433,9663.942826,CO2 emissions for different countries in different years,Energy use (kg of oil equivalent per capita) for different countries in different years,CO2 emissions for different countries in different years,Energy use (kg of oil equivalent per capita) for different countries in different years,pair0073,/Users/aj9225/Local/meta-learning-ecological-priors-from-llms/functionlearning/data/cause-effects/pairs/pair0073.txt,4,42.2456595,52.807074375,coverage,4169308740
73,2,[37.925055],11881.15942,37.925055,11881.15942,CO2 emissions for different countries in different years,Energy use (kg of oil equivalent per capita) for different countries in different years,CO2 emissions for different countries in different years,Energy use (kg of oil equivalent per capita) for different countries in different years,pair0073,/Users/aj9225/Local/meta-learning-ecological-priors-from-llms/functionlearning/data/cause-effects/pairs/pair0073.txt,3,31.684244625,42.2456595,coverage,4169308740
73,3,[15.184707],2829.215125,15.184707,2829.215125,CO2 emissions for different countries in different years,Energy use (kg of oil equivalent per capita) for different countries in different years,CO2 emissions for different countries in different years,Energy use (kg of oil equivalent per capita) for different countries in different years,pair0073,/Users/aj9225/Local/meta-learning-ecological-priors-from-llms/functionlearning/data/cause-effects/pairs/pair0073.txt,1,10.561414875,21.12282975,density,4169308740
73,4,[5.208484],2743.938183,5.208484,2743.938183,CO2 emissions for different countries in different years,Energy use (kg of oil equivalent per capita) for different countries in different years,CO2 emissions for different countries in different years,Energy use (kg of oil equivalent per capita) for different countries in different years,pair0073,/Users/aj9225/Local/meta-learning-ecological-priors-from-llms/functionlearning/data/cause-effects/pairs/pair0073.txt,0,0.0,10.561414875,density,4169308740
73,5,[21.424865],8468.045915,21.424865,8468.045915,CO2 emissions for different countries in different years,Energy use (kg of oil equivalent per capita) for different countries in different years,CO2 emissions for different countries in different years,Energy use (kg of oil equivalent per capita) for different countries in different years,pair0073,/Users/aj9225/Local/meta-learning-ecological-priors-from-llms/functionlearning/data/cause-effects/pairs/pair0073.txt,2,21.12282975,31.684244625,coverage,4169308740
73,6,[17.121853],8380.100228,17.121853,8380.100228,CO2 emissions for different countries in different years,Energy use (kg of oil equivalent per capita) for different countries in different years,CO2 emissions for different countries in different years,Energy use (kg of oil equivalent per capita) for different countries in different years,pair0073,/Users/aj9225/Local/meta-learning-ecological-priors-from-llms/functionlearning/data/cause-effects/pairs/pair0073.txt,1,10.561414875,21.12282975,density,4169308740
73,7,[10.344953],3671.953578,10.344953,3671.953578,CO2 emissions for different countries in different years,Energy use (kg of oil equivalent per capita) for different countries in different years,CO2 emissions for different countries in different years,Energy use (kg of oil equivalent per capita) for different countries in different years,pair0073,/Users/aj9225/Local/meta-learning-ecological-priors-from-llms/functionlearning/data/cause-effects/pairs/pair0073.txt,0,0.0,10.561414875,density,4169308740
73,8,[79.659668],3834.907063,79.659668,3834.907063,CO2 emissions for different countries in different years,Energy use (kg of oil equivalent per capita) for different countries in different years,CO2 emissions for different countries in different years,Energy use (kg of oil equivalent per capita) for different countries in different years,pair0073,/Users/aj9225/Local/meta-learning-ecological-priors-from-llms/functionlearning/data/cause-effects/pairs/pair0073.txt,7,73.92990412500001,84.491319,coverage,4169308740
73,9,[6.22082],2773.815223,6.22082,2773.815223,CO2 emissions for different countries in different years,Energy use (kg of oil equivalent per capita) for different countries in different years,CO2 emissions for different countries in different years,Energy use (kg of oil equivalent per capita) for different countries in different years,pair0073,/Users/aj9225/Local/meta-learning-ecological-priors-from-llms/functionlearning/data/cause-effects/pairs/pair0073.txt,0,0.0,10.561414875,density,4169308740
73,10,[12.295872],4912.910737,12.295872,4912.910737,CO2 emissions for different countries in different years,Energy use (kg of oil equivalent per capita) for different countries in different years,CO2 emissions for different countries in different years,Energy use (kg of oil equivalent per capita) for different countries in different years,pair0073,/Users/aj9225/Local/meta-learning-ecological-priors-from-llms/functionlearning/data/cause-effects/pairs/pair0073.txt,1,10.561414875,21.12282975,coverage,4169308740
73,11,[2.219142],813.638336,2.219142,813.638336,CO2 emissions for different countries in different years,Energy use (kg of oil equivalent per capita) for different countries in different years,CO2 emissions for different countries in different years,Energy use (kg of oil equivalent per capita) for different countries in different years,pair0073,/Users/aj9225/Local/meta-learning-ecological-priors-from-llms/functionlearning/data/cause-effects/pairs/pair0073.txt,0,0.0,10.561414875,density,4169308740
73,12,[7.152461],5903.584229,7.152461,5903.584229,CO2 emissions for different countries in different years,Energy use (kg of oil equivalent per capita) for different countries in different years,CO2 emissions for different countries in different years,Energy use (kg of oil equivalent per capita) for different countries in different years,pair0073,/Users/aj9225/Local/meta-learning-ecological-priors-from-llms/functionlearning/data/cause-effects/pairs/pair0073.txt,0,0.0,10.561414875,density,4169308740
73,13,[2.416066],945.041761,2.416066,945.041761,CO2 emissions for different countries in different years,Energy use (kg of oil equivalent per capita) for different countries in different years,CO2 emissions for different countries in different years,Energy use (kg of oil equivalent per capita) for different countries in different years,pair0073,/Users/aj9225/Local/meta-learning-ecological-priors-from-llms/functionlearning/data/cause-effects/pairs/pair0073.txt,0,0.0,10.561414875,density,4169308740
73,14,[0.139951],272.502151,0.139951,272.502151,CO2 emissions for different countries in different years,Energy use (kg of oil equivalent per capita) for different countries in different years,CO2 emissions for different countries in different years,Energy use (kg of oil equivalent per capita) for different countries in different years,pair0073,/Users/aj9225/Local/meta-learning-ecological-priors-from-llms/functionlearning/data/cause-effects/pairs/pair0073.txt,0,0.0,10.561414875,density,4169308740
73,15,[66.631805],1248.096125,66.631805,1248.096125,CO2 emissions for different countries in different years,Energy use (kg of oil equivalent per capita) for different countries in different years,CO2 emissions for different countries in different years,Energy use (kg of oil equivalent per capita) for different countries in different years,pair0073,/Users/aj9225/Local/meta-learning-ecological-priors-from-llms/functionlearning/data/cause-effects/pairs/pair0073.txt,6,63.36848925,73.92990412500001,coverage,4169308740
73,16,[1.322238],901.220816,1.322238,901.220816,CO2 emissions for different countries in different years,Energy use (kg of oil equivalent per capita) for different countries in different years,CO2 emissions for different countries in different years,Energy use (kg of oil equivalent per capita) for different countries in different years,pair0073,/Users/aj9225/Local/meta-learning-ecological-priors-from-llms/functionlearning/data/cause-effects/pairs/pair0073.txt,0,0.0,10.561414875,density,4169308740
73,17,[3.229819],1081.605003,3.229819,1081.605003,CO2 emissions for different countries in different years,Energy use (kg of oil equivalent per capita) for different countries in different years,CO2 emissions for different countries in different years,Energy use (kg of oil equivalent per capita) for different countries in different years,pair0073,/Users/aj9225/Local/meta-learning-ecological-priors-from-llms/functionlearning/data/cause-effects/pairs/pair0073.txt,0,0.0,10.561414875,density,4169308740
73,18,[3.42409],1563.66164,3.42409,1563.66164,CO2 emissions for different countries in different years,Energy use (kg of oil equivalent per capita) for different countries in different years,CO2 emissions for different countries in different years,Energy use (kg of oil equivalent per capita) for different countries in different years,pair0073,/Users/aj9225/Local/meta-learning-ecological-priors-from-llms/functionlearning/data/cause-effects/pairs/pair0073.txt,0,0.0,10.561414875,density,4169308740
73,19,[63.13597],19275.145179,63.13597,19275.145179,CO2 emissions for different countries in different years,Energy use (kg of oil equivalent per capita) for different countries in different years,CO2 emissions for different countries in different years,Energy use (kg of oil equivalent per capita) for different countries in different years,pair0073,/Users/aj9225/Local/meta-learning-ecological-priors-from-llms/functionlearning/data/cause-effects/pairs/pair0073.txt,5,52.807074375,63.36848925,coverage,4169308740
73,20,[2.934833],994.407328,2.934833,994.407328,CO2 emissions for different countries in different years,Energy use (kg of oil equivalent per capita) for different countries in different years,CO2 emissions for different countries in different years,Energy use (kg of oil equivalent per capita) for different countries in different years,pair0073,/Users/aj9225/Local/meta-learning-ecological-priors-from-llms/functionlearning/data/cause-effects/pairs/pair0073.txt,0,0.0,10.561414875,density,4169308740
73,21,[3.230185],1203.349226,3.230185,1203.349226,CO2 emissions for different countries in different years,Energy use (kg of oil equivalent per capita) for different countries in different years,CO2 emissions for different countries in different years,Energy use (kg of oil equivalent per capita) for different countries in different years,pair0073,/Users/aj9225/Local/meta-learning-ecological-priors-from-llms/functionlearning/data/cause-effects/pairs/pair0073.txt,0,0.0,10.561414875,density,4169308740
73,22,[3.865374],2075.845012,3.865374,2075.845012,CO2 emissions for different countries in different years,Energy use (kg of oil equivalent per capita) for different countries in different years,CO2 emissions for different countries in different years,Energy use (kg of oil equivalent per capita) for different countries in different years,pair0073,/Users/aj9225/Local/meta-learning-ecological-priors-from-llms/functionlearning/data/cause-effects/pairs/pair0073.txt,0,0.0,10.561414875,coverage,4169308740
73,23,[0.174392],409.794793,0.174392,409.794793,CO2 emissions for different countries in different years,Energy use (kg of oil equivalent per capita) for different countries in different years,CO2 emissions for different countries in different years,Energy use (kg of oil equivalent per capita) for different countries in different years,pair0073,/Users/aj9225/Local/meta-learning-ecological-priors-from-llms/functionlearning/data/cause-effects/pairs/pair0073.txt,0,0.0,10.561414875,density,4169308740
74,0,[980.0],67.0,980.0,67.0,GNI (Gross national income) per capita for different countries (in US$),life expectancy at birth for different countries,GNI (Gross national income) per capita for different countries (in US$),life expectancy at birth for different countries,pair0074,/Users/aj9225/Local/meta-learning-ecological-priors-from-llms/functionlearning/data/cause-effects/pairs/pair0074.txt,0,140.0,11006.25,density,3133163870
74,1,[750.0],65.0,750.0,65.0,GNI (Gross national income) per capita for different countries (in US$),life expectancy at birth for different countries,GNI (Gross national income) per capita for different countries (in US$),life expectancy at birth for different countries,pair0074,/Users/aj9225/Local/meta-learning-ecological-priors-from-llms/functionlearning/data/cause-effects/pairs/pair0074.txt,0,140.0,11006.25,density,3133163870
74,2,[21530.0],79.0,21530.0,79.0,GNI (Gross national income) per capita for different countries (in US$),life expectancy at birth for different countries,GNI (Gross national income) per capita for different countries (in US$),life expectancy at birth for different countries,pair0074,/Users/aj9225/Local/meta-learning-ecological-priors-from-llms/functionlearning/data/cause-effects/pairs/pair0074.txt,1,11006.25,21872.5,density,3133163870
74,3,[600.0],67.0,600.0,67.0,GNI (Gross national income) per capita for different countries (in US$),life expectancy at birth for different countries,GNI (Gross national income) per capita for different countries (in US$),life expectancy at birth for different countries,pair0074,/Users/aj9225/Local/meta-learning-ecological-priors-from-llms/functionlearning/data/cause-effects/pairs/pair0074.txt,0,140.0,11006.25,density,3133163870
74,4,[3210.0],68.0,3210.0,68.0,GNI (Gross national income) per capita for different countries (in US$),life expectancy at birth for different countries,GNI (Gross national income) per capita for different countries (in US$),life expectancy at birth for different countries,pair0074,/Users/aj9225/Local/meta-learning-ecological-priors-from-llms/functionlearning/data/cause-effects/pairs/pair0074.txt,0,140.0,11006.25,density,3133163870
74,5,[6140.0],65.0,6140.0,65.0,GNI (Gross national income) per capita for different countries (in US$),life expectancy at birth for different countries,GNI (Gross national income) per capita for different countries (in US$),life expectancy at birth for different countries,pair0074,/Users/aj9225/Local/meta-learning-ecological-priors-from-llms/functionlearning/data/cause-effects/pairs/pair0074.txt,0,140.0,11006.25,density,3133163870
74,6,[26740.0],77.0,26740.0,77.0,GNI (Gross national income) per capita for different countries (in US$),life expectancy at birth for different countries,GNI (Gross national income) per capita for different countries (in US$),life expectancy at birth for different countries,pair0074,/Users/aj9225/Local/meta-learning-ecological-priors-from-llms/functionlearning/data/cause-effects/pairs/pair0074.txt,2,21872.5,32738.75,coverage,3133163870
74,7,[1001.0],64.0,1001.0,64.0,GNI (Gross national income) per capita for different countries (in US$),life expectancy at birth for different countries,GNI (Gross national income) per capita for different countries (in US$),life expectancy at birth for different countries,pair0074,/Users/aj9225/Local/meta-learning-ecological-priors-from-llms/functionlearning/data/cause-effects/pairs/pair0074.txt,0,140.0,11006.25,density,3133163870
74,8,[84890.0],80.0,84890.0,80.0,GNI (Gross national income) per capita for different countries (in US$),life expectancy at birth for different countries,GNI (Gross national income) per capita for different countries (in US$),life expectancy at birth for different countries,pair0074,/Users/aj9225/Local/meta-learning-ecological-priors-from-llms/functionlearning/data/cause-effects/pairs/pair0074.txt,7,76203.75,87070.0,coverage,3133163870
74,9,[4140.0],74.0,4140.0,74.0,GNI (Gross national income) per capita for different countries (in US$),life expectancy at birth for different countries,GNI (Gross national income) per capita for different countries (in US$),life expectancy at birth for different countries,pair0074,/Users/aj9225/Local/meta-learning-ecological-priors-from-llms/functionlearning/data/cause-effects/pairs/pair0074.txt,0,140.0,11006.25,density,3133163870
74,10,[16600.0],77.0,16600.0,77.0,GNI (Gross national income) per capita for different countries (in US$),life expectancy at birth for different countries,GNI (Gross national income) per capita for different countries (in US$),life expectancy at birth for different countries,pair0074,/Users/aj9225/Local/meta-learning-ecological-priors-from-llms/functionlearning/data/cause-effects/pairs/pair0074.txt,1,11006.25,21872.5,coverage,3133163870
74,11,[65330.0],82.0,65330.0,82.0,GNI (Gross national income) per capita for different countries (in US$),life expectancy at birth for different countries,GNI (Gross national income) per capita for different countries (in US$),life expectancy at birth for different countries,pair0074,/Users/aj9225/Local/meta-learning-ecological-priors-from-llms/functionlearning/data/cause-effects/pairs/pair0074.txt,5,54471.25,65337.5,coverage,3133163870
74,12,[330.0],51.0,330.0,51.0,GNI (Gross national income) per capita for different countries (in US$),life expectancy at birth for different countries,GNI (Gross national income) per capita for different countries (in US$),life expectancy at birth for different countries,pair0074,/Users/aj9225/Local/meta-learning-ecological-priors-from-llms/functionlearning/data/cause-effects/pairs/pair0074.txt,0,140.0,11006.25,density,3133163870
74,13,[40772.0],80.0,40772.0,80.0,GNI (Gross national income) per capita for different countries (in US$),life expectancy at birth for different countries,GNI (Gross national income) per capita for different countries (in US$),life expectancy at birth for different countries,pair0074,/Users/aj9225/Local/meta-learning-ecological-priors-from-llms/functionlearning/data/cause-effects/pairs/pair0074.txt,3,32738.75,43605.0,coverage,3133163870
74,14,[11906.0],77.0,11906.0,77.0,GNI (Gross national income) per capita for different countries (in US$),life expectancy at birth for different countries,GNI (Gross national income) per capita for different countries (in US$),life expectancy at birth for different countries,pair0074,/Users/aj9225/Local/meta-learning-ecological-priors-from-llms/functionlearning/data/cause-effects/pairs/pair0074.txt,1,11006.25,21872.5,density,3133163870
74,15,[3310.0],73.0,3310.0,73.0,GNI (Gross national income) per capita for different countries (in US$),life expectancy at birth for different countries,GNI (Gross national income) per capita for different countries (in US$),life expectancy at birth for different countries,pair0074,/Users/aj9225/Local/meta-learning-ecological-priors-from-llms/functionlearning/data/cause-effects/pairs/pair0074.txt,0,140.0,11006.25,density,3133163870
74,16,[50150.0],80.0,50150.0,80.0,GNI (Gross national income) per capita for different countries (in US$),life expectancy at birth for different countries,GNI (Gross national income) per capita for different countries (in US$),life expectancy at birth for different countries,pair0074,/Users/aj9225/Local/meta-learning-ecological-priors-from-llms/functionlearning/data/cause-effects/pairs/pair0074.txt,4,43605.0,54471.25,coverage,3133163870
74,17,[2340.0],69.0,2340.0,69.0,GNI (Gross national income) per capita for different countries (in US$),life expectancy at birth for different countries,GNI (Gross national income) per capita for different countries (in US$),life expectancy at birth for different countries,pair0074,/Users/aj9225/Local/meta-learning-ecological-priors-from-llms/functionlearning/data/cause-effects/pairs/pair0074.txt,0,140.0,11006.25,density,3133163870
74,18,[24700.0],81.0,24700.0,81.0,GNI (Gross national income) per capita for different countries (in US$),life expectancy at birth for different countries,GNI (Gross national income) per capita for different countries (in US$),life expectancy at birth for different countries,pair0074,/Users/aj9225/Local/meta-learning-ecological-priors-from-llms/functionlearning/data/cause-effects/pairs/pair0074.txt,2,21872.5,32738.75,density,3133163870
74,19,[400.0],67.0,400.0,67.0,GNI (Gross national income) per capita for different countries (in US$),life expectancy at birth for different countries,GNI (Gross national income) per capita for different countries (in US$),life expectancy at birth for different countries,pair0074,/Users/aj9225/Local/meta-learning-ecological-priors-from-llms/functionlearning/data/cause-effects/pairs/pair0074.txt,0,140.0,11006.25,density,3133163870
74,20,[50940.0],81.0,50940.0,81.0,GNI (Gross national income) per capita for different countries (in US$),life expectancy at birth for different countries,GNI (Gross national income) per capita for different countries (in US$),life expectancy at birth for different countries,pair0074,/Users/aj9225/Local/meta-learning-ecological-priors-from-llms/functionlearning/data/cause-effects/pairs/pair0074.txt,4,43605.0,54471.25,density,3133163870
74,21,[42250.0],81.0,42250.0,81.0,GNI (Gross national income) per capita for different countries (in US$),life expectancy at birth for different countries,GNI (Gross national income) per capita for different countries (in US$),life expectancy at birth for different countries,pair0074,/Users/aj9225/Local/meta-learning-ecological-priors-from-llms/functionlearning/data/cause-effects/pairs/pair0074.txt,3,32738.75,43605.0,density,3133163870
74,22,[1680.0],67.0,1680.0,67.0,GNI (Gross national income) per capita for different countries (in US$),life expectancy at birth for different countries,GNI (Gross national income) per capita for different countries (in US$),life expectancy at birth for different countries,pair0074,/Users/aj9225/Local/meta-learning-ecological-priors-from-llms/functionlearning/data/cause-effects/pairs/pair0074.txt,0,140.0,11006.25,coverage,3133163870
74,23,[1080.0],45.0,1080.0,45.0,GNI (Gross national income) per capita for different countries (in US$),life expectancy at birth for different countries,GNI (Gross national income) per capita for different countries (in US$),life expectancy at birth for different countries,pair0074,/Users/aj9225/Local/meta-learning-ecological-priors-from-llms/functionlearning/data/cause-effects/pairs/pair0074.txt,0,140.0,11006.25,density,3133163870
75,0,[106.0],390.0,106.0,390.0,under 5 mortality rate for different countries (deaths per 1000 live births),GNI (Gross national income) per capita for different countries (in US$),under 5 mortality rate for different countries (deaths per 1000 live births),GNI (Gross national income) per capita for different countries (in US$),pair0075,/Users/aj9225/Local/meta-learning-ecological-priors-from-llms/functionlearning/data/cause-effects/pairs/pair0075.txt,3,97.625,129.5,density,2715582398
75,1,[120.0],1409.0,120.0,1409.0,under 5 mortality rate for different countries (deaths per 1000 live births),GNI (Gross national income) per capita for different countries (in US$),under 5 mortality rate for different countries (deaths per 1000 live births),GNI (Gross national income) per capita for different countries (in US$),pair0075,/Users/aj9225/Local/meta-learning-ecological-priors-from-llms/functionlearning/data/cause-effects/pairs/pair0075.txt,3,97.625,129.5,density,2715582398
75,2,[144.0],1109.0,144.0,1109.0,under 5 mortality rate for different countries (deaths per 1000 live births),GNI (Gross national income) per capita for different countries (in US$),under 5 mortality rate for different countries (deaths per 1000 live births),GNI (Gross national income) per capita for different countries (in US$),pair0075,/Users/aj9225/Local/meta-learning-ecological-priors-from-llms/functionlearning/data/cause-effects/pairs/pair0075.txt,4,129.5,161.375,coverage,2715582398
75,3,[90.0],600.0,90.0,600.0,under 5 mortality rate for different countries (deaths per 1000 live births),GNI (Gross national income) per capita for different countries (in US$),under 5 mortality rate for different countries (deaths per 1000 live births),GNI (Gross national income) per capita for different countries (in US$),pair0075,/Users/aj9225/Local/meta-learning-ecological-priors-from-llms/functionlearning/data/cause-effects/pairs/pair0075.txt,2,65.75,97.625,coverage,2715582398
75,4,[127.0],1970.0,127.0,1970.0,under 5 mortality rate for different countries (deaths per 1000 live births),GNI (Gross national income) per capita for different countries (in US$),under 5 mortality rate for different countries (deaths per 1000 live births),GNI (Gross national income) per capita for different countries (in US$),pair0075,/Users/aj9225/Local/meta-learning-ecological-priors-from-llms/functionlearning/data/cause-effects/pairs/pair0075.txt,3,97.625,129.5,coverage,2715582398
75,5,[14.0],2840.0,14.0,2840.0,under 5 mortality rate for different countries (deaths per 1000 live births),GNI (Gross national income) per capita for different countries (in US$),under 5 mortality rate for different countries (deaths per 1000 live births),GNI (Gross national income) per capita for different countries (in US$),pair0075,/Users/aj9225/Local/meta-learning-ecological-priors-from-llms/functionlearning/data/cause-effects/pairs/pair0075.txt,0,2.0,33.875,density,2715582398
75,6,[167.0],330.0,167.0,330.0,under 5 mortality rate for different countries (deaths per 1000 live births),GNI (Gross national income) per capita for different countries (in US$),under 5 mortality rate for different countries (deaths per 1000 live births),GNI (Gross national income) per capita for different countries (in US$),pair0075,/Users/aj9225/Local/meta-learning-ecological-priors-from-llms/functionlearning/data/cause-effects/pairs/pair0075.txt,5,161.375,193.25,coverage,2715582398
75,7,[31.0],6470.0,31.0,6470.0,under 5 mortality rate for different countries (deaths per 1000 live births),GNI (Gross national income) per capita for different countries (in US$),under 5 mortality rate for different countries (deaths per 1000 live births),GNI (Gross national income) per capita for different countries (in US$),pair0075,/Users/aj9225/Local/meta-learning-ecological-priors-from-llms/functionlearning/data/cause-effects/pairs/pair0075.txt,0,2.0,33.875,density,2715582398
75,8,[6.0],27940.0,6.0,27940.0,under 5 mortality rate for different countries (deaths per 1000 live births),GNI (Gross national income) per capita for different countries (in US$),under 5 mortality rate for different countries (deaths per 1000 live births),GNI (Gross national income) per capita for different countries (in US$),pair0075,/Users/aj9225/Local/meta-learning-ecological-priors-from-llms/functionlearning/data/cause-effects/pairs/pair0075.txt,0,2.0,33.875,density,2715582398
75,9,[15.0],8650.0,15.0,8650.0,under 5 mortality rate for different countries (deaths per 1000 live births),GNI (Gross national income) per capita for different countries (in US$),under 5 mortality rate for different countries (deaths per 1000 live births),GNI (Gross national income) per capita for different countries (in US$),pair0075,/Users/aj9225/Local/meta-learning-ecological-priors-from-llms/functionlearning/data/cause-effects/pairs/pair0075.txt,0,2.0,33.875,density,2715582398
75,10,[35.0],2680.0,35.0,2680.0,under 5 mortality rate for different countries (deaths per 1000 live births),GNI (Gross national income) per capita for different countries (in US$),under 5 mortality rate for different countries (deaths per 1000 live births),GNI (Gross national income) per capita for different countries (in US$),pair0075,/Users/aj9225/Local/meta-learning-ecological-priors-from-llms/functionlearning/data/cause-effects/pairs/pair0075.txt,1,33.875,65.75,density,2715582398
75,11,[23.0],6180.0,23.0,6180.0,under 5 mortality rate for different countries (deaths per 1000 live births),GNI (Gross national income) per capita for different countries (in US$),under 5 mortality rate for different countries (deaths per 1000 live births),GNI (Gross national income) per capita for different countries (in US$),pair0075,/Users/aj9225/Local/meta-learning-ecological-priors-from-llms/functionlearning/data/cause-effects/pairs/pair0075.txt,0,2.0,33.875,density,2715582398
75,12,[9.0],11860.0,9.0,11860.0,under 5 mortality rate for different countries (deaths per 1000 live births),GNI (Gross national income) per capita for different countries (in US$),under 5 mortality rate for different countries (deaths per 1000 live births),GNI (Gross national income) per capita for different countries (in US$),pair0075,/Users/aj9225/Local/meta-learning-ecological-priors-from-llms/functionlearning/data/cause-effects/pairs/pair0075.txt,0,2.0,33.875,density,2715582398
75,13,[8.0],14540.0,8.0,14540.0,under 5 mortality rate for different countries (deaths per 1000 live births),GNI (Gross national income) per capita for different countries (in US$),under 5 mortality rate for different countries (deaths per 1000 live births),GNI (Gross national income) per capita for different countries (in US$),pair0075,/Users/aj9225/Local/meta-learning-ecological-priors-from-llms/functionlearning/data/cause-effects/pairs/pair0075.txt,0,2.0,33.875,coverage,2715582398
75,14,[93.0],2460.0,93.0,2460.0,under 5 mortality rate for different countries (deaths per 1000 live births),GNI (Gross national income) per capita for different countries (in US$),under 5 mortality rate for different countries (deaths per 1000 live births),GNI (Gross national income) per capita for different countries (in US$),pair0075,/Users/aj9225/Local/meta-learning-ecological-priors-from-llms/functionlearning/data/cause-effects/pairs/pair0075.txt,2,65.75,97.625,density,2715582398
75,15,[257.0],250.0,257.0,250.0,under 5 mortality rate for different countries (deaths per 1000 live births),GNI (Gross national income) per capita for different countries (in US$),under 5 mortality rate for different countries (deaths per 1000 live births),GNI (Gross national income) per capita for different countries (in US$),pair0075,/Users/aj9225/Local/meta-learning-ecological-priors-from-llms/functionlearning/data/cause-effects/pairs/pair0075.txt,7,225.125,257.0,coverage,2715582398
75,16,[194.0],320.0,194.0,320.0,under 5 mortality rate for different countries (deaths per 1000 live births),GNI (Gross national income) per capita for different countries (in US$),under 5 mortality rate for different countries (deaths per 1000 live births),GNI (Gross national income) per capita for different countries (in US$),pair0075,/Users/aj9225/Local/meta-learning-ecological-priors-from-llms/functionlearning/data/cause-effects/pairs/pair0075.txt,6,193.25,225.125,coverage,2715582398
75,17,[11.0],4770.0,11.0,4770.0,under 5 mortality rate for different countries (deaths per 1000 live births),GNI (Gross national income) per capita for different countries (in US$),under 5 mortality rate for different countries (deaths per 1000 live births),GNI (Gross national income) per capita for different countries (in US$),pair0075,/Users/aj9225/Local/meta-learning-ecological-priors-from-llms/functionlearning/data/cause-effects/pairs/pair0075.txt,0,2.0,33.875,density,2715582398
75,18,[6.0],11905.0,6.0,11905.0,under 5 mortality rate for different countries (deaths per 1000 live births),GNI (Gross national income) per capita for different countries (in US$),under 5 mortality rate for different countries (deaths per 1000 live births),GNI (Gross national income) per capita for different countries (in US$),pair0075,/Users/aj9225/Local/meta-learning-ecological-priors-from-llms/functionlearning/data/cause-effects/pairs/pair0075.txt,0,2.0,33.875,density,2715582398
75,19,[11.0],38420.0,11.0,38420.0,under 5 mortality rate for different countries (deaths per 1000 live births),GNI (Gross national income) per capita for different countries (in US$),under 5 mortality rate for different countries (deaths per 1000 live births),GNI (Gross national income) per capita for different countries (in US$),pair0075,/Users/aj9225/Local/meta-learning-ecological-priors-from-llms/functionlearning/data/cause-effects/pairs/pair0075.txt,0,2.0,33.875,density,2715582398
75,20,[199.0],150.0,199.0,150.0,under 5 mortality rate for different countries (deaths per 1000 live births),GNI (Gross national income) per capita for different countries (in US$),under 5 mortality rate for different countries (deaths per 1000 live births),GNI (Gross national income) per capita for different countries (in US$),pair0075,/Users/aj9225/Local/meta-learning-ecological-priors-from-llms/functionlearning/data/cause-effects/pairs/pair0075.txt,6,193.25,225.125,density,2715582398
75,21,[131.0],1150.0,131.0,1150.0,under 5 mortality rate for different countries (deaths per 1000 live births),GNI (Gross national income) per capita for different countries (in US$),under 5 mortality rate for different countries (deaths per 1000 live births),GNI (Gross national income) per capita for different countries (in US$),pair0075,/Users/aj9225/Local/meta-learning-ecological-priors-from-llms/functionlearning/data/cause-effects/pairs/pair0075.txt,4,129.5,161.375,density,2715582398
75,22,[64.0],600.0,64.0,600.0,under 5 mortality rate for different countries (deaths per 1000 live births),GNI (Gross national income) per capita for different countries (in US$),under 5 mortality rate for different countries (deaths per 1000 live births),GNI (Gross national income) per capita for different countries (in US$),pair0075,/Users/aj9225/Local/meta-learning-ecological-priors-from-llms/functionlearning/data/cause-effects/pairs/pair0075.txt,1,33.875,65.75,coverage,2715582398
75,23,[36.0],1180.0,36.0,1180.0,under 5 mortality rate for different countries (deaths per 1000 live births),GNI (Gross national income) per capita for different countries (in US$),under 5 mortality rate for different countries (deaths per 1000 live births),GNI (Gross national income) per capita for different countries (in US$),pair0075,/Users/aj9225/Local/meta-learning-ecological-priors-from-llms/functionlearning/data/cause-effects/pairs/pair0075.txt,1,33.875,65.75,density,2715582398
76,0,[-3.8],-6.0,-3.8,-6.0,the average annual rate of change of population;,the average annual rate of change of total dietary consumption for total population (kcal/day),the average annual rate of change of population;,the average annual rate of change of total dietary consumption for total population (kcal/day),pair0076,/Users/aj9225/Local/meta-learning-ecological-priors-from-llms/functionlearning/data/cause-effects/pairs/pair0076.txt,1,-5.4625,-3.725,coverage,2334851558
76,1,[-0.6],-0.7,-0.6,-0.7,the average annual rate of change of population;,the average annual rate of change of total dietary consumption for total population (kcal/day),the average annual rate of change of population;,the average annual rate of change of total dietary consumption for total population (kcal/day),pair0076,/Users/aj9225/Local/meta-learning-ecological-priors-from-llms/functionlearning/data/cause-effects/pairs/pair0076.txt,3,-1.9874999999999998,-0.25,coverage,2334851558
76,2,[0.7],-1.5,0.7,-1.5,the average annual rate of change of population;,the average annual rate of change of total dietary consumption for total population (kcal/day),the average annual rate of change of population;,the average annual rate of change of total dietary consumption for total population (kcal/day),pair0076,/Users/aj9225/Local/meta-learning-ecological-priors-from-llms/functionlearning/data/cause-effects/pairs/pair0076.txt,4,-0.25,1.4874999999999998,coverage,2334851558
76,3,[1.3],1.0,1.3,1.0,the average annual rate of change of population;,the average annual rate of change of total dietary consumption for total population (kcal/day),the average annual rate of change of population;,the average annual rate of change of total dietary consumption for total population (kcal/day),pair0076,/Users/aj9225/Local/meta-learning-ecological-priors-from-llms/functionlearning/data/cause-effects/pairs/pair0076.txt,4,-0.25,1.4874999999999998,density,2334851558
76,4,[1.9],2.7,1.9,2.7,the average annual rate of change of population;,the average annual rate of change of total dietary consumption for total population (kcal/day),the average annual rate of change of population;,the average annual rate of change of total dietary consumption for total population (kcal/day),pair0076,/Users/aj9225/Local/meta-learning-ecological-priors-from-llms/functionlearning/data/cause-effects/pairs/pair0076.txt,5,1.4874999999999998,3.2250000000000005,density,2334851558
76,5,[-0.2],0.8,-0.2,0.8,the average annual rate of change of population;,the average annual rate of change of total dietary consumption for total population (kcal/day),the average annual rate of change of population;,the average annual rate of change of total dietary consumption for total population (kcal/day),pair0076,/Users/aj9225/Local/meta-learning-ecological-priors-from-llms/functionlearning/data/cause-effects/pairs/pair0076.txt,4,-0.25,1.4874999999999998,density,2334851558
76,6,[-1.2],-1.1,-1.2,-1.1,the average annual rate of change of population;,the average annual rate of change of total dietary consumption for total population (kcal/day),the average annual rate of change of population;,the average annual rate of change of total dietary consumption for total population (kcal/day),pair0076,/Users/aj9225/Local/meta-learning-ecological-priors-from-llms/functionlearning/data/cause-effects/pairs/pair0076.txt,3,-1.9874999999999998,-0.25,density,2334851558
76,7,[5.0],4.0,5.0,4.0,the average annual rate of change of population;,the average annual rate of change of total dietary consumption for total population (kcal/day),the average annual rate of change of population;,the average annual rate of change of total dietary consumption for total population (kcal/day),pair0076,/Users/aj9225/Local/meta-learning-ecological-priors-from-llms/functionlearning/data/cause-effects/pairs/pair0076.txt,7,4.9624999999999995,6.7,coverage,2334851558
76,8,[-3.2],-4.2,-3.2,-4.2,the average annual rate of change of population;,the average annual rate of change of total dietary consumption for total population (kcal/day),the average annual rate of change of population;,the average annual rate of change of total dietary consumption for total population (kcal/day),pair0076,/Users/aj9225/Local/meta-learning-ecological-priors-from-llms/functionlearning/data/cause-effects/pairs/pair0076.txt,2,-3.725,-1.9874999999999998,density,2334851558
76,9,[3.1],1.3,3.1,1.3,the average annual rate of change of population;,the average annual rate of change of total dietary consumption for total population (kcal/day),the average annual rate of change of population;,the average annual rate of change of total dietary consumption for total population (kcal/day),pair0076,/Users/aj9225/Local/meta-learning-ecological-priors-from-llms/functionlearning/data/cause-effects/pairs/pair0076.txt,5,1.4874999999999998,3.2250000000000005,density,2334851558
76,10,[3.1],4.1,3.1,4.1,the average annual rate of change of population;,the average annual rate of change of total dietary consumption for total population (kcal/day),the average annual rate of change of population;,the average annual rate of change of total dietary consumption for total population (kcal/day),pair0076,/Users/aj9225/Local/meta-learning-ecological-priors-from-llms/functionlearning/data/cause-effects/pairs/pair0076.txt,5,1.4874999999999998,3.2250000000000005,density,2334851558
76,11,[3.3],5.2,3.3,5.2,the average annual rate of change of population;,the average annual rate of change of total dietary consumption for total population (kcal/day),the average annual rate of change of population;,the average annual rate of change of total dietary consumption for total population (kcal/day),pair0076,/Users/aj9225/Local/meta-learning-ecological-priors-from-llms/functionlearning/data/cause-effects/pairs/pair0076.txt,6,3.2250000000000005,4.9624999999999995,coverage,2334851558
76,12,[-2.0],-2.3,-2.0,-2.3,the average annual rate of change of population;,the average annual rate of change of total dietary consumption for total population (kcal/day),the average annual rate of change of population;,the average annual rate of change of total dietary consumption for total population (kcal/day),pair0076,/Users/aj9225/Local/meta-learning-ecological-priors-from-llms/functionlearning/data/cause-effects/pairs/pair0076.txt,2,-3.725,-1.9874999999999998,coverage,2334851558
76,13,[-2.2],-4.4,-2.2,-4.4,the average annual rate of change of population;,the average annual rate of change of total dietary consumption for total population (kcal/day),the average annual rate of change of population;,the average annual rate of change of total dietary consumption for total population (kcal/day),pair0076,/Users/aj9225/Local/meta-learning-ecological-priors-from-llms/functionlearning/data/cause-effects/pairs/pair0076.txt,2,-3.725,-1.9874999999999998,density,2334851558
76,14,[-5.9],-5.6,-5.9,-5.6,the average annual rate of change of population;,the average annual rate of change of total dietary consumption for total population (kcal/day),the average annual rate of change of population;,the average annual rate of change of total dietary consumption for total population (kcal/day),pair0076,/Users/aj9225/Local/meta-learning-ecological-priors-from-llms/functionlearning/data/cause-effects/pairs/pair0076.txt,0,-7.2,-5.4625,coverage,2334851558
76,15,[-1.2],-0.9,-1.2,-0.9,the average annual rate of change of population;,the average annual rate of change of total dietary consumption for total population (kcal/day),the average annual rate of change of population;,the average annual rate of change of total dietary consumption for total population (kcal/day),pair0076,/Users/aj9225/Local/meta-learning-ecological-priors-from-llms/functionlearning/data/cause-effects/pairs/pair0076.txt,3,-1.9874999999999998,-0.25,density,2334851558
76,16,[-0.5],-0.9,-0.5,-0.9,the average annual rate of change of population;,the average annual rate of change of total dietary consumption for total population (kcal/day),the average annual rate of change of population;,the average annual rate of change of total dietary consumption for total population (kcal/day),pair0076,/Users/aj9225/Local/meta-learning-ecological-priors-from-llms/functionlearning/data/cause-effects/pairs/pair0076.txt,3,-1.9874999999999998,-0.25,density,2334851558
76,17,[2.0],2.6,2.0,2.6,the average annual rate of change of population;,the average annual rate of change of total dietary consumption for total population (kcal/day),the average annual rate of change of population;,the average annual rate of change of total dietary consumption for total population (kcal/day),pair0076,/Users/aj9225/Local/meta-learning-ecological-priors-from-llms/functionlearning/data/cause-effects/pairs/pair0076.txt,5,1.4874999999999998,3.2250000000000005,coverage,2334851558
76,18,[1.2],2.2,1.2,2.2,the average annual rate of change of population;,the average annual rate of change of total dietary consumption for total population (kcal/day),the average annual rate of change of population;,the average annual rate of change of total dietary consumption for total population (kcal/day),pair0076,/Users/aj9225/Local/meta-learning-ecological-priors-from-llms/functionlearning/data/cause-effects/pairs/pair0076.txt,4,-0.25,1.4874999999999998,density,2334851558
76,19,[-1.8],-1.3,-1.8,-1.3,the average annual rate of change of population;,the average annual rate of change of total dietary consumption for total population (kcal/day),the average annual rate of change of population;,the average annual rate of change of total dietary consumption for total population (kcal/day),pair0076,/Users/aj9225/Local/meta-learning-ecological-priors-from-llms/functionlearning/data/cause-effects/pairs/pair0076.txt,3,-1.9874999999999998,-0.25,density,2334851558
76,20,[-2.5],-3.6,-2.5,-3.6,the average annual rate of change of population;,the average annual rate of change of total dietary consumption for total population (kcal/day),the average annual rate of change of population;,the average annual rate of change of total dietary consumption for total population (kcal/day),pair0076,/Users/aj9225/Local/meta-learning-ecological-priors-from-llms/functionlearning/data/cause-effects/pairs/pair0076.txt,2,-3.725,-1.9874999999999998,density,2334851558
76,21,[1.7],1.2,1.7,1.2,the average annual rate of change of population;,the average annual rate of change of total dietary consumption for total population (kcal/day),the average annual rate of change of population;,the average annual rate of change of total dietary consumption for total population (kcal/day),pair0076,/Users/aj9225/Local/meta-learning-ecological-priors-from-llms/functionlearning/data/cause-effects/pairs/pair0076.txt,5,1.4874999999999998,3.2250000000000005,density,2334851558
76,22,[0.1],-0.1,0.1,-0.1,the average annual rate of change of population;,the average annual rate of change of total dietary consumption for total population (kcal/day),the average annual rate of change of population;,the average annual rate of change of total dietary consumption for total population (kcal/day),pair0076,/Users/aj9225/Local/meta-learning-ecological-priors-from-llms/functionlearning/data/cause-effects/pairs/pair0076.txt,4,-0.25,1.4874999999999998,density,2334851558
76,23,[0.4],1.1,0.4,1.1,the average annual rate of change of population;,the average annual rate of change of total dietary consumption for total population (kcal/day),the average annual rate of change of population;,the average annual rate of change of total dietary consumption for total population (kcal/day),pair0076,/Users/aj9225/Local/meta-learning-ecological-priors-from-llms/functionlearning/data/cause-effects/pairs/pair0076.txt,4,-0.25,1.4874999999999998,density,2334851558
78,0,[926.2],27.904,926.2,27.904,PPFD (Photosynthetic Photon Flux Density),NEP (Net Ecosystem Productivity),PPFD (Photosynthetic Photon Flux Density),NEP (Net Ecosystem Productivity),pair0078,/Users/aj9225/Local/meta-learning-ecological-priors-from-llms/functionlearning/data/cause-effects/pairs/pair0078.txt,4,878.9,1097.575,coverage,2404827116
78,1,[1556.1],22.093,1556.1,22.093,PPFD (Photosynthetic Photon Flux Density),NEP (Net Ecosystem Productivity),PPFD (Photosynthetic Photon Flux Density),NEP (Net Ecosystem Productivity),pair0078,/Users/aj9225/Local/meta-learning-ecological-priors-from-llms/functionlearning/data/cause-effects/pairs/pair0078.txt,7,1534.925,1753.6,coverage,2404827116
78,2,[1259.6],26.631,1259.6,26.631,PPFD (Photosynthetic Photon Flux Density),NEP (Net Ecosystem Productivity),PPFD (Photosynthetic Photon Flux Density),NEP (Net Ecosystem Productivity),pair0078,/Users/aj9225/Local/meta-learning-ecological-priors-from-llms/functionlearning/data/cause-effects/pairs/pair0078.txt,5,1097.575,1316.25,coverage,2404827116
78,3,[1621.1],22.555,1621.1,22.555,PPFD (Photosynthetic Photon Flux Density),NEP (Net Ecosystem Productivity),PPFD (Photosynthetic Photon Flux Density),NEP (Net Ecosystem Productivity),pair0078,/Users/aj9225/Local/meta-learning-ecological-priors-from-llms/functionlearning/data/cause-effects/pairs/pair0078.txt,7,1534.925,1753.6,density,2404827116
78,4,[144.3],1.623,144.3,1.623,PPFD (Photosynthetic Photon Flux Density),NEP (Net Ecosystem Productivity),PPFD (Photosynthetic Photon Flux Density),NEP (Net Ecosystem Productivity),pair0078,/Users/aj9225/Local/meta-learning-ecological-priors-from-llms/functionlearning/data/cause-effects/pairs/pair0078.txt,0,4.2,222.87499999999997,density,2404827116
78,5,[276.3],8.613,276.3,8.613,PPFD (Photosynthetic Photon Flux Density),NEP (Net Ecosystem Productivity),PPFD (Photosynthetic Photon Flux Density),NEP (Net Ecosystem Productivity),pair0078,/Users/aj9225/Local/meta-learning-ecological-priors-from-llms/functionlearning/data/cause-effects/pairs/pair0078.txt,1,222.87499999999997,441.54999999999995,density,2404827116
78,6,[133.2],3.715,133.2,3.715,PPFD (Photosynthetic Photon Flux Density),NEP (Net Ecosystem Productivity),PPFD (Photosynthetic Photon Flux Density),NEP (Net Ecosystem Productivity),pair0078,/Users/aj9225/Local/meta-learning-ecological-priors-from-llms/functionlearning/data/cause-effects/pairs/pair0078.txt,0,4.2,222.87499999999997,density,2404827116
78,7,[1427.1],23.309,1427.1,23.309,PPFD (Photosynthetic Photon Flux Density),NEP (Net Ecosystem Productivity),PPFD (Photosynthetic Photon Flux Density),NEP (Net Ecosystem Productivity),pair0078,/Users/aj9225/Local/meta-learning-ecological-priors-from-llms/functionlearning/data/cause-effects/pairs/pair0078.txt,6,1316.25,1534.925,density,2404827116
78,8,[601.1],9.021,601.1,9.021,PPFD (Photosynthetic Photon Flux Density),NEP (Net Ecosystem Productivity),PPFD (Photosynthetic Photon Flux Density),NEP (Net Ecosystem Productivity),pair0078,/Users/aj9225/Local/meta-learning-ecological-priors-from-llms/functionlearning/data/cause-effects/pairs/pair0078.txt,2,441.54999999999995,660.225,density,2404827116
78,9,[1069.2],17.563,1069.2,17.563,PPFD (Photosynthetic Photon Flux Density),NEP (Net Ecosystem Productivity),PPFD (Photosynthetic Photon Flux Density),NEP (Net Ecosystem Productivity),pair0078,/Users/aj9225/Local/meta-learning-ecological-priors-from-llms/functionlearning/data/cause-effects/pairs/pair0078.txt,4,878.9,1097.575,density,2404827116
78,10,[1246.6],14.149,1246.6,14.149,PPFD (Photosynthetic Photon Flux Density),NEP (Net Ecosystem Productivity),PPFD (Photosynthetic Photon Flux Density),NEP (Net Ecosystem Productivity),pair0078,/Users/aj9225/Local/meta-learning-ecological-priors-from-llms/functionlearning/data/cause-effects/pairs/pair0078.txt,5,1097.575,1316.25,density,2404827116
78,11,[247.6],7.071,247.6,7.071,PPFD (Photosynthetic Photon Flux Density),NEP (Net Ecosystem Productivity),PPFD (Photosynthetic Photon Flux Density),NEP (Net Ecosystem Productivity),pair0078,/Users/aj9225/Local/meta-learning-ecological-priors-from-llms/functionlearning/data/cause-effects/pairs/pair0078.txt,1,222.87499999999997,441.54999999999995,coverage,2404827116
78,12,[24.6],-1.725,24.6,-1.725,PPFD (Photosynthetic Photon Flux Density),NEP (Net Ecosystem Productivity),PPFD (Photosynthetic Photon Flux Density),NEP (Net Ecosystem Productivity),pair0078,/Users/aj9225/Local/meta-learning-ecological-priors-from-llms/functionlearning/data/cause-effects/pairs/pair0078.txt,0,4.2,222.87499999999997,coverage,2404827116
78,13,[780.6],24.208,780.6,24.208,PPFD (Photosynthetic Photon Flux Density),NEP (Net Ecosystem Productivity),PPFD (Photosynthetic Photon Flux Density),NEP (Net Ecosystem Productivity),pair0078,/Users/aj9225/Local/meta-learning-ecological-priors-from-llms/functionlearning/data/cause-effects/pairs/pair0078.txt,3,660.225,878.9,density,2404827116
78,14,[23.3],-3.102,23.3,-3.102,PPFD (Photosynthetic Photon Flux Density),NEP (Net Ecosystem Productivity),PPFD (Photosynthetic Photon Flux Density),NEP (Net Ecosystem Productivity),pair0078,/Users/aj9225/Local/meta-learning-ecological-priors-from-llms/functionlearning/data/cause-effects/pairs/pair0078.txt,0,4.2,222.87499999999997,density,2404827116
78,15,[700.5],23.973,700.5,23.973,PPFD (Photosynthetic Photon Flux Density),NEP (Net Ecosystem Productivity),PPFD (Photosynthetic Photon Flux Density),NEP (Net Ecosystem Productivity),pair0078,/Users/aj9225/Local/meta-learning-ecological-priors-from-llms/functionlearning/data/cause-effects/pairs/pair0078.txt,3,660.225,878.9,coverage,2404827116
78,16,[286.1],6.625,286.1,6.625,PPFD (Photosynthetic Photon Flux Density),NEP (Net Ecosystem Productivity),PPFD (Photosynthetic Photon Flux Density),NEP (Net Ecosystem Productivity),pair0078,/Users/aj9225/Local/meta-learning-ecological-priors-from-llms/functionlearning/data/cause-effects/pairs/pair0078.txt,1,222.87499999999997,441.54999999999995,density,2404827116
78,17,[654.5],14.266,654.5,14.266,PPFD (Photosynthetic Photon Flux Density),NEP (Net Ecosystem Productivity),PPFD (Photosynthetic Photon Flux Density),NEP (Net Ecosystem Productivity),pair0078,/Users/aj9225/Local/meta-learning-ecological-priors-from-llms/functionlearning/data/cause-effects/pairs/pair0078.txt,2,441.54999999999995,660.225,coverage,2404827116
78,18,[1057.7],25.796,1057.7,25.796,PPFD (Photosynthetic Photon Flux Density),NEP (Net Ecosystem Productivity),PPFD (Photosynthetic Photon Flux Density),NEP (Net Ecosystem Productivity),pair0078,/Users/aj9225/Local/meta-learning-ecological-priors-from-llms/functionlearning/data/cause-effects/pairs/pair0078.txt,4,878.9,1097.575,density,2404827116
78,19,[688.6],20.922,688.6,20.922,PPFD (Photosynthetic Photon Flux Density),NEP (Net Ecosystem Productivity),PPFD (Photosynthetic Photon Flux Density),NEP (Net Ecosystem Productivity),pair0078,/Users/aj9225/Local/meta-learning-ecological-priors-from-llms/functionlearning/data/cause-effects/pairs/pair0078.txt,3,660.225,878.9,density,2404827116
78,20,[558.1],15.066,558.1,15.066,PPFD (Photosynthetic Photon Flux Density),NEP (Net Ecosystem Productivity),PPFD (Photosynthetic Photon Flux Density),NEP (Net Ecosystem Productivity),pair0078,/Users/aj9225/Local/meta-learning-ecological-priors-from-llms/functionlearning/data/cause-effects/pairs/pair0078.txt,2,441.54999999999995,660.225,density,2404827116
78,21,[1357.8],18.545,1357.8,18.545,PPFD (Photosynthetic Photon Flux Density),NEP (Net Ecosystem Productivity),PPFD (Photosynthetic Photon Flux Density),NEP (Net Ecosystem Productivity),pair0078,/Users/aj9225/Local/meta-learning-ecological-priors-from-llms/functionlearning/data/cause-effects/pairs/pair0078.txt,6,1316.25,1534.925,coverage,2404827116
78,22,[7.5],-3.76,7.5,-3.76,PPFD (Photosynthetic Photon Flux Density),NEP (Net Ecosystem Productivity),PPFD (Photosynthetic Photon Flux Density),NEP (Net Ecosystem Productivity),pair0078,/Users/aj9225/Local/meta-learning-ecological-priors-from-llms/functionlearning/data/cause-effects/pairs/pair0078.txt,0,4.2,222.87499999999997,density,2404827116
78,23,[366.8],8.677,366.8,8.677,PPFD (Photosynthetic Photon Flux Density),NEP (Net Ecosystem Productivity),PPFD (Photosynthetic Photon Flux Density),NEP (Net Ecosystem Productivity),pair0078,/Users/aj9225/Local/meta-learning-ecological-priors-from-llms/functionlearning/data/cause-effects/pairs/pair0078.txt,1,222.87499999999997,441.54999999999995,density,2404827116
84,0,[10.3025],11.2716,10.3025,11.2716,the natural logarithm of employment in 1980 in 3102 counties in US;,the natural logorithm of the corresponding population,the natural logarithm of employment in 1980 in 3102 counties in US;,the natural logorithm of the corresponding population,pair0084,/Users/aj9225/Local/meta-learning-ecological-priors-from-llms/functionlearning/data/cause-effects/pairs/pair0084.txt,4,9.43345,10.8401375,coverage,4016105478
84,1,[9.1862],9.9987,9.1862,9.9987,the natural logarithm of employment in 1980 in 3102 counties in US;,the natural logorithm of the corresponding population,the natural logarithm of employment in 1980 in 3102 counties in US;,the natural logorithm of the corresponding population,pair0084,/Users/aj9225/Local/meta-learning-ecological-priors-from-llms/functionlearning/data/cause-effects/pairs/pair0084.txt,3,8.0267625,9.43345,density,4016105478
84,2,[8.0609],9.1297,8.0609,9.1297,the natural logarithm of employment in 1980 in 3102 counties in US;,the natural logorithm of the corresponding population,the natural logarithm of employment in 1980 in 3102 counties in US;,the natural logorithm of the corresponding population,pair0084,/Users/aj9225/Local/meta-learning-ecological-priors-from-llms/functionlearning/data/cause-effects/pairs/pair0084.txt,3,8.0267625,9.43345,density,4016105478
84,3,[10.7289],11.6097,10.7289,11.6097,the natural logarithm of employment in 1980 in 3102 counties in US;,the natural logorithm of the corresponding population,the natural logarithm of employment in 1980 in 3102 counties in US;,the natural logorithm of the corresponding population,pair0084,/Users/aj9225/Local/meta-learning-ecological-priors-from-llms/functionlearning/data/cause-effects/pairs/pair0084.txt,4,9.43345,10.8401375,density,4016105478
84,4,[9.4993],10.5372,9.4993,10.5372,the natural logarithm of employment in 1980 in 3102 counties in US;,the natural logorithm of the corresponding population,the natural logarithm of employment in 1980 in 3102 counties in US;,the natural logorithm of the corresponding population,pair0084,/Users/aj9225/Local/meta-learning-ecological-priors-from-llms/functionlearning/data/cause-effects/pairs/pair0084.txt,4,9.43345,10.8401375,density,4016105478
84,5,[8.9902],9.8488,8.9902,9.8488,the natural logarithm of employment in 1980 in 3102 counties in US;,the natural logorithm of the corresponding population,the natural logarithm of employment in 1980 in 3102 counties in US;,the natural logorithm of the corresponding population,pair0084,/Users/aj9225/Local/meta-learning-ecological-priors-from-llms/functionlearning/data/cause-effects/pairs/pair0084.txt,3,8.0267625,9.43345,density,4016105478
84,6,[12.6832],13.5633,12.6832,13.5633,the natural logarithm of employment in 1980 in 3102 counties in US;,the natural logorithm of the corresponding population,the natural logarithm of employment in 1980 in 3102 counties in US;,the natural logorithm of the corresponding population,pair0084,/Users/aj9225/Local/meta-learning-ecological-priors-from-llms/functionlearning/data/cause-effects/pairs/pair0084.txt,6,12.246824999999998,13.653512499999998,density,4016105478
84,7,[9.6767],10.5123,9.6767,10.5123,the natural logarithm of employment in 1980 in 3102 counties in US;,the natural logorithm of the corresponding population,the natural logarithm of employment in 1980 in 3102 counties in US;,the natural logorithm of the corresponding population,pair0084,/Users/aj9225/Local/meta-learning-ecological-priors-from-llms/functionlearning/data/cause-effects/pairs/pair0084.txt,4,9.43345,10.8401375,density,4016105478
84,8,[15.0602],15.8274,15.0602,15.8274,the natural logarithm of employment in 1980 in 3102 counties in US;,the natural logorithm of the corresponding population,the natural logarithm of employment in 1980 in 3102 counties in US;,the natural logorithm of the corresponding population,pair0084,/Users/aj9225/Local/meta-learning-ecological-priors-from-llms/functionlearning/data/cause-effects/pairs/pair0084.txt,7,13.653512499999998,15.0602,coverage,4016105478
84,9,[7.9983],9.0601,7.9983,9.0601,the natural logarithm of employment in 1980 in 3102 counties in US;,the natural logorithm of the corresponding population,the natural logarithm of employment in 1980 in 3102 counties in US;,the natural logorithm of the corresponding population,pair0084,/Users/aj9225/Local/meta-learning-ecological-priors-from-llms/functionlearning/data/cause-effects/pairs/pair0084.txt,2,6.620075,8.0267625,density,4016105478
84,10,[12.3935],13.2552,12.3935,13.2552,the natural logarithm of employment in 1980 in 3102 counties in US;,the natural logorithm of the corresponding population,the natural logarithm of employment in 1980 in 3102 counties in US;,the natural logorithm of the corresponding population,pair0084,/Users/aj9225/Local/meta-learning-ecological-priors-from-llms/functionlearning/data/cause-effects/pairs/pair0084.txt,6,12.246824999999998,13.653512499999998,coverage,4016105478
84,11,[8.6293],9.5703,8.6293,9.5703,the natural logarithm of employment in 1980 in 3102 counties in US;,the natural logorithm of the corresponding population,the natural logarithm of employment in 1980 in 3102 counties in US;,the natural logorithm of the corresponding population,pair0084,/Users/aj9225/Local/meta-learning-ecological-priors-from-llms/functionlearning/data/cause-effects/pairs/pair0084.txt,3,8.0267625,9.43345,density,4016105478
84,12,[9.6714],10.9658,9.6714,10.9658,the natural logarithm of employment in 1980 in 3102 counties in US;,the natural logorithm of the corresponding population,the natural logarithm of employment in 1980 in 3102 counties in US;,the natural logorithm of the corresponding population,pair0084,/Users/aj9225/Local/meta-learning-ecological-priors-from-llms/functionlearning/data/cause-effects/pairs/pair0084.txt,4,9.43345,10.8401375,density,4016105478
84,13,[7.8379],8.718,7.8379,8.718,the natural logarithm of employment in 1980 in 3102 counties in US;,the natural logorithm of the corresponding population,the natural logarithm of employment in 1980 in 3102 counties in US;,the natural logorithm of the corresponding population,pair0084,/Users/aj9225/Local/meta-learning-ecological-priors-from-llms/functionlearning/data/cause-effects/pairs/pair0084.txt,2,6.620075,8.0267625,density,4016105478
84,14,[10.9927],11.8475,10.9927,11.8475,the natural logarithm of employment in 1980 in 3102 counties in US;,the natural logorithm of the corresponding population,the natural logarithm of employment in 1980 in 3102 counties in US;,the natural logorithm of the corresponding population,pair0084,/Users/aj9225/Local/meta-learning-ecological-priors-from-llms/functionlearning/data/cause-effects/pairs/pair0084.txt,5,10.8401375,12.246824999999998,density,4016105478
84,15,[8.0678],9.225,8.0678,9.225,the natural logarithm of employment in 1980 in 3102 counties in US;,the natural logorithm of the corresponding population,the natural logarithm of employment in 1980 in 3102 counties in US;,the natural logorithm of the corresponding population,pair0084,/Users/aj9225/Local/meta-learning-ecological-priors-from-llms/functionlearning/data/cause-effects/pairs/pair0084.txt,3,8.0267625,9.43345,density,4016105478
84,16,[7.9773],9.1045,7.9773,9.1045,the natural logarithm of employment in 1980 in 3102 counties in US;,the natural logorithm of the corresponding population,the natural logarithm of employment in 1980 in 3102 counties in US;,the natural logorithm of the corresponding population,pair0084,/Users/aj9225/Local/meta-learning-ecological-priors-from-llms/functionlearning/data/cause-effects/pairs/pair0084.txt,2,6.620075,8.0267625,density,4016105478
84,17,[7.4799],8.4638,7.4799,8.4638,the natural logarithm of employment in 1980 in 3102 counties in US;,the natural logorithm of the corresponding population,the natural logarithm of employment in 1980 in 3102 counties in US;,the natural logorithm of the corresponding population,pair0084,/Users/aj9225/Local/meta-learning-ecological-priors-from-llms/functionlearning/data/cause-effects/pairs/pair0084.txt,2,6.620075,8.0267625,coverage,4016105478
84,18,[9.3215],10.3387,9.3215,10.3387,the natural logarithm of employment in 1980 in 3102 counties in US;,the natural logorithm of the corresponding population,the natural logarithm of employment in 1980 in 3102 counties in US;,the natural logorithm of the corresponding population,pair0084,/Users/aj9225/Local/meta-learning-ecological-priors-from-llms/functionlearning/data/cause-effects/pairs/pair0084.txt,3,8.0267625,9.43345,density,4016105478
84,19,[8.2456],9.278,8.2456,9.278,the natural logarithm of employment in 1980 in 3102 counties in US;,the natural logorithm of the corresponding population,the natural logarithm of employment in 1980 in 3102 counties in US;,the natural logorithm of the corresponding population,pair0084,/Users/aj9225/Local/meta-learning-ecological-priors-from-llms/functionlearning/data/cause-effects/pairs/pair0084.txt,3,8.0267625,9.43345,coverage,4016105478
84,20,[3.8067],4.5109,3.8067,4.5109,the natural logarithm of employment in 1980 in 3102 counties in US;,the natural logorithm of the corresponding population,the natural logarithm of employment in 1980 in 3102 counties in US;,the natural logorithm of the corresponding population,pair0084,/Users/aj9225/Local/meta-learning-ecological-priors-from-llms/functionlearning/data/cause-effects/pairs/pair0084.txt,0,3.8067,5.2133875,coverage,4016105478
84,21,[9.2343],9.9923,9.2343,9.9923,the natural logarithm of employment in 1980 in 3102 counties in US;,the natural logorithm of the corresponding population,the natural logarithm of employment in 1980 in 3102 counties in US;,the natural logorithm of the corresponding population,pair0084,/Users/aj9225/Local/meta-learning-ecological-priors-from-llms/functionlearning/data/cause-effects/pairs/pair0084.txt,3,8.0267625,9.43345,density,4016105478
84,22,[5.9375],6.6708,5.9375,6.6708,the natural logarithm of employment in 1980 in 3102 counties in US;,the natural logorithm of the corresponding population,the natural logarithm of employment in 1980 in 3102 counties in US;,the natural logorithm of the corresponding population,pair0084,/Users/aj9225/Local/meta-learning-ecological-priors-from-llms/functionlearning/data/cause-effects/pairs/pair0084.txt,1,5.2133875,6.620075,coverage,4016105478
84,23,[11.861],12.6751,11.861,12.6751,the natural logarithm of employment in 1980 in 3102 counties in US;,the natural logorithm of the corresponding population,the natural logarithm of employment in 1980 in 3102 counties in US;,the natural logorithm of the corresponding population,pair0084,/Users/aj9225/Local/meta-learning-ecological-priors-from-llms/functionlearning/data/cause-effects/pairs/pair0084.txt,5,10.8401375,12.246824999999998,coverage,4016105478
93,0,[2.15661191940308],0.823754191398621,2.15661191940308,0.823754191398621,average precipitation over 1948 to 2004 in mm/day,average runoff in over 1948 to 2004 mm/day,average precipitation over 1948 to 2004 in mm/day,average runoff in over 1948 to 2004 mm/day,pair0093,/Users/aj9225/Local/meta-learning-ecological-priors-from-llms/functionlearning/data/cause-effects/pairs/pair0093.txt,1,1.5564073771238327,2.4141885936260223,density,1191196491
93,1,[3.19319796562195],1.33398115634918,3.19319796562195,1.33398115634918,average precipitation over 1948 to 2004 in mm/day,average runoff in over 1948 to 2004 mm/day,average precipitation over 1948 to 2004 in mm/day,average runoff in over 1948 to 2004 mm/day,pair0093,/Users/aj9225/Local/meta-learning-ecological-priors-from-llms/functionlearning/data/cause-effects/pairs/pair0093.txt,2,2.4141885936260223,3.271969810128212,density,1191196491
93,2,[2.22140598297119],0.574243247509003,2.22140598297119,0.574243247509003,average precipitation over 1948 to 2004 in mm/day,average runoff in over 1948 to 2004 mm/day,average precipitation over 1948 to 2004 in mm/day,average runoff in over 1948 to 2004 mm/day,pair0093,/Users/aj9225/Local/meta-learning-ecological-priors-from-llms/functionlearning/data/cause-effects/pairs/pair0093.txt,1,1.5564073771238327,2.4141885936260223,density,1191196491
93,3,[3.51074290275574],0.877226531505585,3.51074290275574,0.877226531505585,average precipitation over 1948 to 2004 in mm/day,average runoff in over 1948 to 2004 mm/day,average precipitation over 1948 to 2004 in mm/day,average runoff in over 1948 to 2004 mm/day,pair0093,/Users/aj9225/Local/meta-learning-ecological-priors-from-llms/functionlearning/data/cause-effects/pairs/pair0093.txt,3,3.271969810128212,4.129751026630402,density,1191196491
93,4,[3.13626909255981],1.31328248977661,3.13626909255981,1.31328248977661,average precipitation over 1948 to 2004 in mm/day,average runoff in over 1948 to 2004 mm/day,average precipitation over 1948 to 2004 in mm/day,average runoff in over 1948 to 2004 mm/day,pair0093,/Users/aj9225/Local/meta-learning-ecological-priors-from-llms/functionlearning/data/cause-effects/pairs/pair0093.txt,2,2.4141885936260223,3.271969810128212,density,1191196491
93,5,[2.82875919342041],1.01268410682678,2.82875919342041,1.01268410682678,average precipitation over 1948 to 2004 in mm/day,average runoff in over 1948 to 2004 mm/day,average precipitation over 1948 to 2004 in mm/day,average runoff in over 1948 to 2004 mm/day,pair0093,/Users/aj9225/Local/meta-learning-ecological-priors-from-llms/functionlearning/data/cause-effects/pairs/pair0093.txt,2,2.4141885936260223,3.271969810128212,density,1191196491
93,6,[4.42075967788696],3.02821254730225,4.42075967788696,3.02821254730225,average precipitation over 1948 to 2004 in mm/day,average runoff in over 1948 to 2004 mm/day,average precipitation over 1948 to 2004 in mm/day,average runoff in over 1948 to 2004 mm/day,pair0093,/Users/aj9225/Local/meta-learning-ecological-priors-from-llms/functionlearning/data/cause-effects/pairs/pair0093.txt,4,4.129751026630402,4.987532243132591,coverage,1191196491
93,7,[3.09833812713623],1.19402313232422,3.09833812713623,1.19402313232422,average precipitation over 1948 to 2004 in mm/day,average runoff in over 1948 to 2004 mm/day,average precipitation over 1948 to 2004 in mm/day,average runoff in over 1948 to 2004 mm/day,pair0093,/Users/aj9225/Local/meta-learning-ecological-priors-from-llms/functionlearning/data/cause-effects/pairs/pair0093.txt,2,2.4141885936260223,3.271969810128212,density,1191196491
93,8,[3.85887026786804],2.64667010307312,3.85887026786804,2.64667010307312,average precipitation over 1948 to 2004 in mm/day,average runoff in over 1948 to 2004 mm/day,average precipitation over 1948 to 2004 in mm/day,average runoff in over 1948 to 2004 mm/day,pair0093,/Users/aj9225/Local/meta-learning-ecological-priors-from-llms/functionlearning/data/cause-effects/pairs/pair0093.txt,3,3.271969810128212,4.129751026630402,density,1191196491
93,9,[7.56087589263916],6.06071996688843,7.56087589263916,6.06071996688843,average precipitation over 1948 to 2004 in mm/day,average runoff in over 1948 to 2004 mm/day,average precipitation over 1948 to 2004 in mm/day,average runoff in over 1948 to 2004 mm/day,pair0093,/Users/aj9225/Local/meta-learning-ecological-priors-from-llms/functionlearning/data/cause-effects/pairs/pair0093.txt,7,6.7030946761369705,7.56087589263916,coverage,1191196491
93,10,[2.25942611694336],0.442541301250458,2.25942611694336,0.442541301250458,average precipitation over 1948 to 2004 in mm/day,average runoff in over 1948 to 2004 mm/day,average precipitation over 1948 to 2004 in mm/day,average runoff in over 1948 to 2004 mm/day,pair0093,/Users/aj9225/Local/meta-learning-ecological-priors-from-llms/functionlearning/data/cause-effects/pairs/pair0093.txt,1,1.5564073771238327,2.4141885936260223,density,1191196491
93,11,[1.0824943780899],0.0586791187524796,1.0824943780899,0.0586791187524796,average precipitation over 1948 to 2004 in mm/day,average runoff in over 1948 to 2004 mm/day,average precipitation over 1948 to 2004 in mm/day,average runoff in over 1948 to 2004 mm/day,pair0093,/Users/aj9225/Local/meta-learning-ecological-priors-from-llms/functionlearning/data/cause-effects/pairs/pair0093.txt,0,0.698626160621643,1.5564073771238327,density,1191196491
93,12,[2.46833634376526],0.787971794605255,2.46833634376526,0.787971794605255,average precipitation over 1948 to 2004 in mm/day,average runoff in over 1948 to 2004 mm/day,average precipitation over 1948 to 2004 in mm/day,average runoff in over 1948 to 2004 mm/day,pair0093,/Users/aj9225/Local/meta-learning-ecological-priors-from-llms/functionlearning/data/cause-effects/pairs/pair0093.txt,2,2.4141885936260223,3.271969810128212,coverage,1191196491
93,13,[2.96875905990601],1.63969624042511,2.96875905990601,1.63969624042511,average precipitation over 1948 to 2004 in mm/day,average runoff in over 1948 to 2004 mm/day,average precipitation over 1948 to 2004 in mm/day,average runoff in over 1948 to 2004 mm/day,pair0093,/Users/aj9225/Local/meta-learning-ecological-priors-from-llms/functionlearning/data/cause-effects/pairs/pair0093.txt,2,2.4141885936260223,3.271969810128212,density,1191196491
93,14,[3.49330949783325],1.62166082859039,3.49330949783325,1.62166082859039,average precipitation over 1948 to 2004 in mm/day,average runoff in over 1948 to 2004 mm/day,average precipitation over 1948 to 2004 in mm/day,average runoff in over 1948 to 2004 mm/day,pair0093,/Users/aj9225/Local/meta-learning-ecological-priors-from-llms/functionlearning/data/cause-effects/pairs/pair0093.txt,3,3.271969810128212,4.129751026630402,density,1191196491
93,15,[3.37207198143005],0.76566219329834,3.37207198143005,0.76566219329834,average precipitation over 1948 to 2004 in mm/day,average runoff in over 1948 to 2004 mm/day,average precipitation over 1948 to 2004 in mm/day,average runoff in over 1948 to 2004 mm/day,pair0093,/Users/aj9225/Local/meta-learning-ecological-priors-from-llms/functionlearning/data/cause-effects/pairs/pair0093.txt,3,3.271969810128212,4.129751026630402,coverage,1191196491
93,16,[2.28793430328369],0.6126349568367,2.28793430328369,0.6126349568367,average precipitation over 1948 to 2004 in mm/day,average runoff in over 1948 to 2004 mm/day,average precipitation over 1948 to 2004 in mm/day,average runoff in over 1948 to 2004 mm/day,pair0093,/Users/aj9225/Local/meta-learning-ecological-priors-from-llms/functionlearning/data/cause-effects/pairs/pair0093.txt,1,1.5564073771238327,2.4141885936260223,density,1191196491
93,17,[2.40934824943542],0.553240776062012,2.40934824943542,0.553240776062012,average precipitation over 1948 to 2004 in mm/day,average runoff in over 1948 to 2004 mm/day,average precipitation over 1948 to 2004 in mm/day,average runoff in over 1948 to 2004 mm/day,pair0093,/Users/aj9225/Local/meta-learning-ecological-priors-from-llms/functionlearning/data/cause-effects/pairs/pair0093.txt,1,1.5564073771238327,2.4141885936260223,coverage,1191196491
93,18,[5.3733229637146],2.35758757591248,5.3733229637146,2.35758757591248,average precipitation over 1948 to 2004 in mm/day,average runoff in over 1948 to 2004 mm/day,average precipitation over 1948 to 2004 in mm/day,average runoff in over 1948 to 2004 mm/day,pair0093,/Users/aj9225/Local/meta-learning-ecological-priors-from-llms/functionlearning/data/cause-effects/pairs/pair0093.txt,5,4.987532243132591,5.845313459634781,coverage,1191196491
93,19,[2.59306693077087],0.980347335338593,2.59306693077087,0.980347335338593,average precipitation over 1948 to 2004 in mm/day,average runoff in over 1948 to 2004 mm/day,average precipitation over 1948 to 2004 in mm/day,average runoff in over 1948 to 2004 mm/day,pair0093,/Users/aj9225/Local/meta-learning-ecological-priors-from-llms/functionlearning/data/cause-effects/pairs/pair0093.txt,2,2.4141885936260223,3.271969810128212,density,1191196491
93,20,[2.45323657989502],0.679610073566437,2.45323657989502,0.679610073566437,average precipitation over 1948 to 2004 in mm/day,average runoff in over 1948 to 2004 mm/day,average precipitation over 1948 to 2004 in mm/day,average runoff in over 1948 to 2004 mm/day,pair0093,/Users/aj9225/Local/meta-learning-ecological-priors-from-llms/functionlearning/data/cause-effects/pairs/pair0093.txt,2,2.4141885936260223,3.271969810128212,density,1191196491
93,21,[4.03808164596558],2.295330286026,4.03808164596558,2.295330286026,average precipitation over 1948 to 2004 in mm/day,average runoff in over 1948 to 2004 mm/day,average precipitation over 1948 to 2004 in mm/day,average runoff in over 1948 to 2004 mm/day,pair0093,/Users/aj9225/Local/meta-learning-ecological-priors-from-llms/functionlearning/data/cause-effects/pairs/pair0093.txt,3,3.271969810128212,4.129751026630402,density,1191196491
93,22,[1.04884135723114],0.0161492750048637,1.04884135723114,0.0161492750048637,average precipitation over 1948 to 2004 in mm/day,average runoff in over 1948 to 2004 mm/day,average precipitation over 1948 to 2004 in mm/day,average runoff in over 1948 to 2004 mm/day,pair0093,/Users/aj9225/Local/meta-learning-ecological-priors-from-llms/functionlearning/data/cause-effects/pairs/pair0093.txt,0,0.698626160621643,1.5564073771238327,coverage,1191196491
93,23,[6.49640417098999],5.85448837280273,6.49640417098999,5.85448837280273,average precipitation over 1948 to 2004 in mm/day,average runoff in over 1948 to 2004 mm/day,average precipitation over 1948 to 2004 in mm/day,average runoff in over 1948 to 2004 mm/day,pair0093,/Users/aj9225/Local/meta-learning-ecological-priors-from-llms/functionlearning/data/cause-effects/pairs/pair0093.txt,6,5.845313459634781,6.7030946761369705,coverage,1191196491
98,0,[0.0072992700729927],0.0017361111111111,0.0072992700729927,0.0017361111111111,speed at the beginning,speed at the end,speed at the beginning,speed at the end,pair0098,/Users/aj9225/Local/meta-learning-ecological-priors-from-llms/functionlearning/data/cause-effects/pairs/pair0098.txt,7,0.007267441860465074,0.0079365079365079,coverage,3504064332
98,1,[0.0028089887640449],0.0006285355122564,0.0028089887640449,0.0006285355122564,speed at the beginning,speed at the end,speed at the beginning,speed at the end,pair0098,/Users/aj9225/Local/meta-learning-ecological-priors-from-llms/functionlearning/data/cause-effects/pairs/pair0098.txt,0,0.0025839793281653,0.003253045404208125,coverage,3504064332
98,2,[0.004524886877828],0.0010869565217391,0.004524886877828,0.0010869565217391,speed at the beginning,speed at the end,speed at the beginning,speed at the end,pair0098,/Users/aj9225/Local/meta-learning-ecological-priors-from-llms/functionlearning/data/cause-effects/pairs/pair0098.txt,2,0.00392211148025095,0.004591177556293775,density,3504064332
98,3,[0.0067567567567567],0.0019120458891013,0.0067567567567567,0.0019120458891013,speed at the beginning,speed at the end,speed at the beginning,speed at the end,pair0098,/Users/aj9225/Local/meta-learning-ecological-priors-from-llms/functionlearning/data/cause-effects/pairs/pair0098.txt,6,0.0065983757844222495,0.007267441860465074,density,3504064332
98,4,[0.0068493150684931],0.0016474464579901,0.0068493150684931,0.0016474464579901,speed at the beginning,speed at the end,speed at the beginning,speed at the end,pair0098,/Users/aj9225/Local/meta-learning-ecological-priors-from-llms/functionlearning/data/cause-effects/pairs/pair0098.txt,6,0.0065983757844222495,0.007267441860465074,coverage,3504064332
98,5,[0.0050251256281407],0.0011792452830188,0.0050251256281407,0.0011792452830188,speed at the beginning,speed at the end,speed at the beginning,speed at the end,pair0098,/Users/aj9225/Local/meta-learning-ecological-priors-from-llms/functionlearning/data/cause-effects/pairs/pair0098.txt,3,0.004591177556293775,0.005260243632336599,coverage,3504064332
98,6,[0.0034013605442176],0.0007968127490039,0.0034013605442176,0.0007968127490039,speed at the beginning,speed at the end,speed at the beginning,speed at the end,pair0098,/Users/aj9225/Local/meta-learning-ecological-priors-from-llms/functionlearning/data/cause-effects/pairs/pair0098.txt,1,0.003253045404208125,0.00392211148025095,coverage,3504064332
98,7,[0.0025839793281653],0.0007293946024799,0.0025839793281653,0.0007293946024799,speed at the beginning,speed at the end,speed at the beginning,speed at the end,pair0098,/Users/aj9225/Local/meta-learning-ecological-priors-from-llms/functionlearning/data/cause-effects/pairs/pair0098.txt,0,0.0025839793281653,0.003253045404208125,density,3504064332
98,8,[0.0056179775280898],0.0014684287812041,0.0056179775280898,0.0014684287812041,speed at the beginning,speed at the end,speed at the beginning,speed at the end,pair0098,/Users/aj9225/Local/meta-learning-ecological-priors-from-llms/functionlearning/data/cause-effects/pairs/pair0098.txt,4,0.005260243632336599,0.005929309708379425,density,3504064332
98,9,[0.0056497175141242],0.0013831258644536,0.0056497175141242,0.0013831258644536,speed at the beginning,speed at the end,speed at the beginning,speed at the end,pair0098,/Users/aj9225/Local/meta-learning-ecological-priors-from-llms/functionlearning/data/cause-effects/pairs/pair0098.txt,4,0.005260243632336599,0.005929309708379425,coverage,3504064332
98,10,[0.0055865921787709],0.0013642564802182,0.0055865921787709,0.0013642564802182,speed at the beginning,speed at the end,speed at the beginning,speed at the end,pair0098,/Users/aj9225/Local/meta-learning-ecological-priors-from-llms/functionlearning/data/cause-effects/pairs/pair0098.txt,4,0.005260243632336599,0.005929309708379425,density,3504064332
98,11,[0.0033003300330033],0.0007072135785007,0.0033003300330033,0.0007072135785007,speed at the beginning,speed at the end,speed at the beginning,speed at the end,pair0098,/Users/aj9225/Local/meta-learning-ecological-priors-from-llms/functionlearning/data/cause-effects/pairs/pair0098.txt,1,0.003253045404208125,0.00392211148025095,density,3504064332
98,12,[0.0079365079365079],0.0018348623853211,0.0079365079365079,0.0018348623853211,speed at the beginning,speed at the end,speed at the beginning,speed at the end,pair0098,/Users/aj9225/Local/meta-learning-ecological-priors-from-llms/functionlearning/data/cause-effects/pairs/pair0098.txt,7,0.007267441860465074,0.0079365079365079,density,3504064332
98,13,[0.0055865921787709],0.0014925373134328,0.0055865921787709,0.0014925373134328,speed at the beginning,speed at the end,speed at the beginning,speed at the end,pair0098,/Users/aj9225/Local/meta-learning-ecological-priors-from-llms/functionlearning/data/cause-effects/pairs/pair0098.txt,4,0.005260243632336599,0.005929309708379425,density,3504064332
98,14,[0.0068027210884353],0.0018050541516245,0.0068027210884353,0.0018050541516245,speed at the beginning,speed at the end,speed at the beginning,speed at the end,pair0098,/Users/aj9225/Local/meta-learning-ecological-priors-from-llms/functionlearning/data/cause-effects/pairs/pair0098.txt,6,0.0065983757844222495,0.007267441860465074,density,3504064332
98,15,[0.0059880239520958],0.0014925373134328,0.0059880239520958,0.0014925373134328,speed at the beginning,speed at the end,speed at the beginning,speed at the end,pair0098,/Users/aj9225/Local/meta-learning-ecological-priors-from-llms/functionlearning/data/cause-effects/pairs/pair0098.txt,5,0.005929309708379425,0.0065983757844222495,density,3504064332
98,16,[0.0063694267515923],0.0016207455429497,0.0063694267515923,0.0016207455429497,speed at the beginning,speed at the end,speed at the beginning,speed at the end,pair0098,/Users/aj9225/Local/meta-learning-ecological-priors-from-llms/functionlearning/data/cause-effects/pairs/pair0098.txt,5,0.005929309708379425,0.0065983757844222495,density,3504064332
98,17,[0.0043478260869565],0.0010162601626016,0.0043478260869565,0.0010162601626016,speed at the beginning,speed at the end,speed at the beginning,speed at the end,pair0098,/Users/aj9225/Local/meta-learning-ecological-priors-from-llms/functionlearning/data/cause-effects/pairs/pair0098.txt,2,0.00392211148025095,0.004591177556293775,coverage,3504064332
98,18,[0.0059523809523809],0.0016501650165016,0.0059523809523809,0.0016501650165016,speed at the beginning,speed at the end,speed at the beginning,speed at the end,pair0098,/Users/aj9225/Local/meta-learning-ecological-priors-from-llms/functionlearning/data/cause-effects/pairs/pair0098.txt,5,0.005929309708379425,0.0065983757844222495,coverage,3504064332
98,19,[0.0050251256281407],0.0011792452830188,0.0050251256281407,0.0011792452830188,speed at the beginning,speed at the end,speed at the beginning,speed at the end,pair0098,/Users/aj9225/Local/meta-learning-ecological-priors-from-llms/functionlearning/data/cause-effects/pairs/pair0098.txt,3,0.004591177556293775,0.005260243632336599,density,3504064332
98,20,[0.0068027210884353],0.0018761726078799,0.0068027210884353,0.0018761726078799,speed at the beginning,speed at the end,speed at the beginning,speed at the end,pair0098,/Users/aj9225/Local/meta-learning-ecological-priors-from-llms/functionlearning/data/cause-effects/pairs/pair0098.txt,6,0.0065983757844222495,0.007267441860465074,density,3504064332
98,21,[0.0064102564102564],0.0015432098765432,0.0064102564102564,0.0015432098765432,speed at the beginning,speed at the end,speed at the beginning,speed at the end,pair0098,/Users/aj9225/Local/meta-learning-ecological-priors-from-llms/functionlearning/data/cause-effects/pairs/pair0098.txt,5,0.005929309708379425,0.0065983757844222495,density,3504064332
98,22,[0.0073529411764705],0.0019493177387914,0.0073529411764705,0.0019493177387914,speed at the beginning,speed at the end,speed at the beginning,speed at the end,pair0098,/Users/aj9225/Local/meta-learning-ecological-priors-from-llms/functionlearning/data/cause-effects/pairs/pair0098.txt,7,0.007267441860465074,0.0079365079365079,density,3504064332
98,23,[0.0064102564102564],0.0016750418760469,0.0064102564102564,0.0016750418760469,speed at the beginning,speed at the end,speed at the beginning,speed at the end,pair0098,/Users/aj9225/Local/meta-learning-ecological-priors-from-llms/functionlearning/data/cause-effects/pairs/pair0098.txt,5,0.005929309708379425,0.0065983757844222495,density,3504064332
100,0,[5.76832],3.13549,5.76832,3.13549,"logarithm of the second column ('syct', cycle time in nanoseconds)","logarithm of the seventh column ('perf', published performance on a benchmark mix relative to an IBM 370/158-3)","logarithm of the second column ('syct', cycle time in nanoseconds)","logarithm of the seventh column ('perf', published performance on a benchmark mix relative to an IBM 370/158-3)",pair0100,/Users/aj9225/Local/meta-learning-ecological-priors-from-llms/functionlearning/data/cause-effects/pairs/pair0100.txt,5,5.63321625,6.193217499999999,density,2881392815
100,1,[4.96284],3.43399,4.96284,3.43399,"logarithm of the second column ('syct', cycle time in nanoseconds)","logarithm of the seventh column ('perf', published performance on a benchmark mix relative to an IBM 370/158-3)","logarithm of the second column ('syct', cycle time in nanoseconds)","logarithm of the seventh column ('perf', published performance on a benchmark mix relative to an IBM 370/158-3)",pair0100,/Users/aj9225/Local/meta-learning-ecological-priors-from-llms/functionlearning/data/cause-effects/pairs/pair0100.txt,3,4.51321375,5.073214999999999,density,2881392815
100,2,[7.31322],2.89037,7.31322,2.89037,"logarithm of the second column ('syct', cycle time in nanoseconds)","logarithm of the seventh column ('perf', published performance on a benchmark mix relative to an IBM 370/158-3)","logarithm of the second column ('syct', cycle time in nanoseconds)","logarithm of the seventh column ('perf', published performance on a benchmark mix relative to an IBM 370/158-3)",pair0100,/Users/aj9225/Local/meta-learning-ecological-priors-from-llms/functionlearning/data/cause-effects/pairs/pair0100.txt,7,6.75321875,7.31322,coverage,2881392815
100,3,[3.91202],4.2485,3.91202,4.2485,"logarithm of the second column ('syct', cycle time in nanoseconds)","logarithm of the seventh column ('perf', published performance on a benchmark mix relative to an IBM 370/158-3)","logarithm of the second column ('syct', cycle time in nanoseconds)","logarithm of the seventh column ('perf', published performance on a benchmark mix relative to an IBM 370/158-3)",pair0100,/Users/aj9225/Local/meta-learning-ecological-priors-from-llms/functionlearning/data/cause-effects/pairs/pair0100.txt,1,3.39321125,3.9532125,density,2881392815
100,4,[5.19296],2.89037,5.19296,2.89037,"logarithm of the second column ('syct', cycle time in nanoseconds)","logarithm of the seventh column ('perf', published performance on a benchmark mix relative to an IBM 370/158-3)","logarithm of the second column ('syct', cycle time in nanoseconds)","logarithm of the seventh column ('perf', published performance on a benchmark mix relative to an IBM 370/158-3)",pair0100,/Users/aj9225/Local/meta-learning-ecological-priors-from-llms/functionlearning/data/cause-effects/pairs/pair0100.txt,4,5.073214999999999,5.63321625,coverage,2881392815
100,5,[3.91202],4.09434,3.91202,4.09434,"logarithm of the second column ('syct', cycle time in nanoseconds)","logarithm of the seventh column ('perf', published performance on a benchmark mix relative to an IBM 370/158-3)","logarithm of the second column ('syct', cycle time in nanoseconds)","logarithm of the seventh column ('perf', published performance on a benchmark mix relative to an IBM 370/158-3)",pair0100,/Users/aj9225/Local/meta-learning-ecological-priors-from-llms/functionlearning/data/cause-effects/pairs/pair0100.txt,1,3.39321125,3.9532125,density,2881392815
100,6,[5.76832],4.23411,5.76832,4.23411,"logarithm of the second column ('syct', cycle time in nanoseconds)","logarithm of the seventh column ('perf', published performance on a benchmark mix relative to an IBM 370/158-3)","logarithm of the second column ('syct', cycle time in nanoseconds)","logarithm of the seventh column ('perf', published performance on a benchmark mix relative to an IBM 370/158-3)",pair0100,/Users/aj9225/Local/meta-learning-ecological-priors-from-llms/functionlearning/data/cause-effects/pairs/pair0100.txt,5,5.63321625,6.193217499999999,density,2881392815
100,7,[4.82831],3.58352,4.82831,3.58352,"logarithm of the second column ('syct', cycle time in nanoseconds)","logarithm of the seventh column ('perf', published performance on a benchmark mix relative to an IBM 370/158-3)","logarithm of the second column ('syct', cycle time in nanoseconds)","logarithm of the seventh column ('perf', published performance on a benchmark mix relative to an IBM 370/158-3)",pair0100,/Users/aj9225/Local/meta-learning-ecological-priors-from-llms/functionlearning/data/cause-effects/pairs/pair0100.txt,3,4.51321375,5.073214999999999,coverage,2881392815
100,8,[4.65396],3.09104,4.65396,3.09104,"logarithm of the second column ('syct', cycle time in nanoseconds)","logarithm of the seventh column ('perf', published performance on a benchmark mix relative to an IBM 370/158-3)","logarithm of the second column ('syct', cycle time in nanoseconds)","logarithm of the seventh column ('perf', published performance on a benchmark mix relative to an IBM 370/158-3)",pair0100,/Users/aj9225/Local/meta-learning-ecological-priors-from-llms/functionlearning/data/cause-effects/pairs/pair0100.txt,3,4.51321375,5.073214999999999,density,2881392815
100,9,[4.02535],3.73767,4.02535,3.73767,"logarithm of the second column ('syct', cycle time in nanoseconds)","logarithm of the seventh column ('perf', published performance on a benchmark mix relative to an IBM 370/158-3)","logarithm of the second column ('syct', cycle time in nanoseconds)","logarithm of the seventh column ('perf', published performance on a benchmark mix relative to an IBM 370/158-3)",pair0100,/Users/aj9225/Local/meta-learning-ecological-priors-from-llms/functionlearning/data/cause-effects/pairs/pair0100.txt,2,3.9532125,4.51321375,coverage,2881392815
100,10,[5.52146],3.21888,5.52146,3.21888,"logarithm of the second column ('syct', cycle time in nanoseconds)","logarithm of the seventh column ('perf', published performance on a benchmark mix relative to an IBM 370/158-3)","logarithm of the second column ('syct', cycle time in nanoseconds)","logarithm of the seventh column ('perf', published performance on a benchmark mix relative to an IBM 370/158-3)",pair0100,/Users/aj9225/Local/meta-learning-ecological-priors-from-llms/functionlearning/data/cause-effects/pairs/pair0100.txt,4,5.073214999999999,5.63321625,density,2881392815
100,11,[6.80239],2.89037,6.80239,2.89037,"logarithm of the second column ('syct', cycle time in nanoseconds)","logarithm of the seventh column ('perf', published performance on a benchmark mix relative to an IBM 370/158-3)","logarithm of the second column ('syct', cycle time in nanoseconds)","logarithm of the seventh column ('perf', published performance on a benchmark mix relative to an IBM 370/158-3)",pair0100,/Users/aj9225/Local/meta-learning-ecological-priors-from-llms/functionlearning/data/cause-effects/pairs/pair0100.txt,7,6.75321875,7.31322,density,2881392815
100,12,[3.13549],7.04229,3.13549,7.04229,"logarithm of the second column ('syct', cycle time in nanoseconds)","logarithm of the seventh column ('perf', published performance on a benchmark mix relative to an IBM 370/158-3)","logarithm of the second column ('syct', cycle time in nanoseconds)","logarithm of the seventh column ('perf', published performance on a benchmark mix relative to an IBM 370/158-3)",pair0100,/Users/aj9225/Local/meta-learning-ecological-priors-from-llms/functionlearning/data/cause-effects/pairs/pair0100.txt,0,2.83321,3.39321125,density,2881392815
100,13,[3.8712],5.36598,3.8712,5.36598,"logarithm of the second column ('syct', cycle time in nanoseconds)","logarithm of the seventh column ('perf', published performance on a benchmark mix relative to an IBM 370/158-3)","logarithm of the second column ('syct', cycle time in nanoseconds)","logarithm of the seventh column ('perf', published performance on a benchmark mix relative to an IBM 370/158-3)",pair0100,/Users/aj9225/Local/meta-learning-ecological-priors-from-llms/functionlearning/data/cause-effects/pairs/pair0100.txt,1,3.39321125,3.9532125,density,2881392815
100,14,[5.07517],4.69135,5.07517,4.69135,"logarithm of the second column ('syct', cycle time in nanoseconds)","logarithm of the seventh column ('perf', published performance on a benchmark mix relative to an IBM 370/158-3)","logarithm of the second column ('syct', cycle time in nanoseconds)","logarithm of the seventh column ('perf', published performance on a benchmark mix relative to an IBM 370/158-3)",pair0100,/Users/aj9225/Local/meta-learning-ecological-priors-from-llms/functionlearning/data/cause-effects/pairs/pair0100.txt,4,5.073214999999999,5.63321625,density,2881392815
100,15,[3.21888],3.89182,3.21888,3.89182,"logarithm of the second column ('syct', cycle time in nanoseconds)","logarithm of the seventh column ('perf', published performance on a benchmark mix relative to an IBM 370/158-3)","logarithm of the second column ('syct', cycle time in nanoseconds)","logarithm of the seventh column ('perf', published performance on a benchmark mix relative to an IBM 370/158-3)",pair0100,/Users/aj9225/Local/meta-learning-ecological-priors-from-llms/functionlearning/data/cause-effects/pairs/pair0100.txt,0,2.83321,3.39321125,density,2881392815
100,16,[4.89035],4.27667,4.89035,4.27667,"logarithm of the second column ('syct', cycle time in nanoseconds)","logarithm of the seventh column ('perf', published performance on a benchmark mix relative to an IBM 370/158-3)","logarithm of the second column ('syct', cycle time in nanoseconds)","logarithm of the seventh column ('perf', published performance on a benchmark mix relative to an IBM 370/158-3)",pair0100,/Users/aj9225/Local/meta-learning-ecological-priors-from-llms/functionlearning/data/cause-effects/pairs/pair0100.txt,3,4.51321375,5.073214999999999,density,2881392815
100,17,[3.3673],5.39363,3.3673,5.39363,"logarithm of the second column ('syct', cycle time in nanoseconds)","logarithm of the seventh column ('perf', published performance on a benchmark mix relative to an IBM 370/158-3)","logarithm of the second column ('syct', cycle time in nanoseconds)","logarithm of the seventh column ('perf', published performance on a benchmark mix relative to an IBM 370/158-3)",pair0100,/Users/aj9225/Local/meta-learning-ecological-priors-from-llms/functionlearning/data/cause-effects/pairs/pair0100.txt,0,2.83321,3.39321125,coverage,2881392815
100,18,[4.09434],4.52179,4.09434,4.52179,"logarithm of the second column ('syct', cycle time in nanoseconds)","logarithm of the seventh column ('perf', published performance on a benchmark mix relative to an IBM 370/158-3)","logarithm of the second column ('syct', cycle time in nanoseconds)","logarithm of the seventh column ('perf', published performance on a benchmark mix relative to an IBM 370/158-3)",pair0100,/Users/aj9225/Local/meta-learning-ecological-priors-from-llms/functionlearning/data/cause-effects/pairs/pair0100.txt,2,3.9532125,4.51321375,density,2881392815
100,19,[4.09434],4.45435,4.09434,4.45435,"logarithm of the second column ('syct', cycle time in nanoseconds)","logarithm of the seventh column ('perf', published performance on a benchmark mix relative to an IBM 370/158-3)","logarithm of the second column ('syct', cycle time in nanoseconds)","logarithm of the seventh column ('perf', published performance on a benchmark mix relative to an IBM 370/158-3)",pair0100,/Users/aj9225/Local/meta-learning-ecological-priors-from-llms/functionlearning/data/cause-effects/pairs/pair0100.txt,2,3.9532125,4.51321375,density,2881392815
100,20,[5.70378],3.91202,5.70378,3.91202,"logarithm of the second column ('syct', cycle time in nanoseconds)","logarithm of the seventh column ('perf', published performance on a benchmark mix relative to an IBM 370/158-3)","logarithm of the second column ('syct', cycle time in nanoseconds)","logarithm of the seventh column ('perf', published performance on a benchmark mix relative to an IBM 370/158-3)",pair0100,/Users/aj9225/Local/meta-learning-ecological-priors-from-llms/functionlearning/data/cause-effects/pairs/pair0100.txt,5,5.63321625,6.193217499999999,coverage,2881392815
100,21,[3.91202],4.02535,3.91202,4.02535,"logarithm of the second column ('syct', cycle time in nanoseconds)","logarithm of the seventh column ('perf', published performance on a benchmark mix relative to an IBM 370/158-3)","logarithm of the second column ('syct', cycle time in nanoseconds)","logarithm of the seventh column ('perf', published performance on a benchmark mix relative to an IBM 370/158-3)",pair0100,/Users/aj9225/Local/meta-learning-ecological-priors-from-llms/functionlearning/data/cause-effects/pairs/pair0100.txt,1,3.39321125,3.9532125,coverage,2881392815
100,22,[6.68461],2.77259,6.68461,2.77259,"logarithm of the second column ('syct', cycle time in nanoseconds)","logarithm of the seventh column ('perf', published performance on a benchmark mix relative to an IBM 370/158-3)","logarithm of the second column ('syct', cycle time in nanoseconds)","logarithm of the seventh column ('perf', published performance on a benchmark mix relative to an IBM 370/158-3)",pair0100,/Users/aj9225/Local/meta-learning-ecological-priors-from-llms/functionlearning/data/cause-effects/pairs/pair0100.txt,6,6.193217499999999,6.75321875,density,2881392815
100,23,[6.68461],2.99573,6.68461,2.99573,"logarithm of the second column ('syct', cycle time in nanoseconds)","logarithm of the seventh column ('perf', published performance on a benchmark mix relative to an IBM 370/158-3)","logarithm of the second column ('syct', cycle time in nanoseconds)","logarithm of the seventh column ('perf', published performance on a benchmark mix relative to an IBM 370/158-3)",pair0100,/Users/aj9225/Local/meta-learning-ecological-priors-from-llms/functionlearning/data/cause-effects/pairs/pair0100.txt,6,6.193217499999999,6.75321875,coverage,2881392815
