task_id,trial_id,input,target,x,y,x_name,y_name,x_description,y_description,pair_id,source_file,bin_id,bin_left,bin_right,sample_stage,seed
1,0,[242.0],8.4,242.0,8.4,altitude,temperature (average over 1961-1990),altitude,temperature (average over 1961-1990),pair0001,/Users/aj9225/Local/meta-learning-ecological-priors-from-llms/functionlearning/data/cause-effects/pairs/pair0001.txt,0,0.0,370.0,density,2032329982
1,1,[287.0],10.0,287.0,10.0,altitude,temperature (average over 1961-1990),altitude,temperature (average over 1961-1990),pair0001,/Users/aj9225/Local/meta-learning-ecological-priors-from-llms/functionlearning/data/cause-effects/pairs/pair0001.txt,0,0.0,370.0,density,2032329982
1,2,[270.0],9.4,270.0,9.4,altitude,temperature (average over 1961-1990),altitude,temperature (average over 1961-1990),pair0001,/Users/aj9225/Local/meta-learning-ecological-priors-from-llms/functionlearning/data/cause-effects/pairs/pair0001.txt,0,0.0,370.0,density,2032329982
1,3,[51.0],8.8,51.0,8.8,altitude,temperature (average over 1961-1990),altitude,temperature (average over 1961-1990),pair0001,/Users/aj9225/Local/meta-learning-ecological-priors-from-llms/functionlearning/data/cause-effects/pairs/pair0001.txt,0,0.0,370.0,density,2032329982
1,4,[58.0],9.4,58.0,9.4,altitude,temperature (average over 1961-1990),altitude,temperature (average over 1961-1990),pair0001,/Users/aj9225/Local/meta-learning-ecological-priors-from-llms/functionlearning/data/cause-effects/pairs/pair0001.txt,0,0.0,370.0,density,2032329982
1,5,[444.0],8.3,444.0,8.3,altitude,temperature (average over 1961-1990),altitude,temperature (average over 1961-1990),pair0001,/Users/aj9225/Local/meta-learning-ecological-priors-from-llms/functionlearning/data/cause-effects/pairs/pair0001.txt,1,370.0,740.0,density,2032329982
1,6,[9.0],8.1,9.0,8.1,altitude,temperature (average over 1961-1990),altitude,temperature (average over 1961-1990),pair0001,/Users/aj9225/Local/meta-learning-ecological-priors-from-llms/functionlearning/data/cause-effects/pairs/pair0001.txt,0,0.0,370.0,density,2032329982
1,7,[2960.0],-4.8,2960.0,-4.8,altitude,temperature (average over 1961-1990),altitude,temperature (average over 1961-1990),pair0001,/Users/aj9225/Local/meta-learning-ecological-priors-from-llms/functionlearning/data/cause-effects/pairs/pair0001.txt,7,2590.0,2960.0,coverage,2032329982
1,8,[1486.0],3.3,1486.0,3.3,altitude,temperature (average over 1961-1990),altitude,temperature (average over 1961-1990),pair0001,/Users/aj9225/Local/meta-learning-ecological-priors-from-llms/functionlearning/data/cause-effects/pairs/pair0001.txt,4,1480.0,1850.0,coverage,2032329982
1,9,[386.0],7.5,386.0,7.5,altitude,temperature (average over 1961-1990),altitude,temperature (average over 1961-1990),pair0001,/Users/aj9225/Local/meta-learning-ecological-priors-from-llms/functionlearning/data/cause-effects/pairs/pair0001.txt,1,370.0,740.0,coverage,2032329982
1,10,[690.0],6.2,690.0,6.2,altitude,temperature (average over 1961-1990),altitude,temperature (average over 1961-1990),pair0001,/Users/aj9225/Local/meta-learning-ecological-priors-from-llms/functionlearning/data/cause-effects/pairs/pair0001.txt,1,370.0,740.0,density,2032329982
1,11,[566.0],6.2,566.0,6.2,altitude,temperature (average over 1961-1990),altitude,temperature (average over 1961-1990),pair0001,/Users/aj9225/Local/meta-learning-ecological-priors-from-llms/functionlearning/data/cause-effects/pairs/pair0001.txt,1,370.0,740.0,density,2032329982
1,12,[18.0],8.3,18.0,8.3,altitude,temperature (average over 1961-1990),altitude,temperature (average over 1961-1990),pair0001,/Users/aj9225/Local/meta-learning-ecological-priors-from-llms/functionlearning/data/cause-effects/pairs/pair0001.txt,0,0.0,370.0,density,2032329982
1,13,[1213.0],2.9,1213.0,2.9,altitude,temperature (average over 1961-1990),altitude,temperature (average over 1961-1990),pair0001,/Users/aj9225/Local/meta-learning-ecological-priors-from-llms/functionlearning/data/cause-effects/pairs/pair0001.txt,3,1110.0,1480.0,coverage,2032329982
1,14,[740.0],7.2,740.0,7.2,altitude,temperature (average over 1961-1990),altitude,temperature (average over 1961-1990),pair0001,/Users/aj9225/Local/meta-learning-ecological-priors-from-llms/functionlearning/data/cause-effects/pairs/pair0001.txt,2,740.0,1110.0,coverage,2032329982
1,15,[875.0],6.8,875.0,6.8,altitude,temperature (average over 1961-1990),altitude,temperature (average over 1961-1990),pair0001,/Users/aj9225/Local/meta-learning-ecological-priors-from-llms/functionlearning/data/cause-effects/pairs/pair0001.txt,2,740.0,1110.0,density,2032329982
1,16,[846.0],5.6,846.0,5.6,altitude,temperature (average over 1961-1990),altitude,temperature (average over 1961-1990),pair0001,/Users/aj9225/Local/meta-learning-ecological-priors-from-llms/functionlearning/data/cause-effects/pairs/pair0001.txt,2,740.0,1110.0,density,2032329982
1,17,[193.0],10.4,193.0,10.4,altitude,temperature (average over 1961-1990),altitude,temperature (average over 1961-1990),pair0001,/Users/aj9225/Local/meta-learning-ecological-priors-from-llms/functionlearning/data/cause-effects/pairs/pair0001.txt,0,0.0,370.0,coverage,2032329982
1,18,[140.0],8.9,140.0,8.9,altitude,temperature (average over 1961-1990),altitude,temperature (average over 1961-1990),pair0001,/Users/aj9225/Local/meta-learning-ecological-priors-from-llms/functionlearning/data/cause-effects/pairs/pair0001.txt,0,0.0,370.0,density,2032329982
1,19,[55.0],7.9,55.0,7.9,altitude,temperature (average over 1961-1990),altitude,temperature (average over 1961-1990),pair0001,/Users/aj9225/Local/meta-learning-ecological-priors-from-llms/functionlearning/data/cause-effects/pairs/pair0001.txt,0,0.0,370.0,density,2032329982
1,20,[22.0],9.0,22.0,9.0,altitude,temperature (average over 1961-1990),altitude,temperature (average over 1961-1990),pair0001,/Users/aj9225/Local/meta-learning-ecological-priors-from-llms/functionlearning/data/cause-effects/pairs/pair0001.txt,0,0.0,370.0,density,2032329982
1,21,[239.0],8.5,239.0,8.5,altitude,temperature (average over 1961-1990),altitude,temperature (average over 1961-1990),pair0001,/Users/aj9225/Local/meta-learning-ecological-priors-from-llms/functionlearning/data/cause-effects/pairs/pair0001.txt,0,0.0,370.0,density,2032329982
1,22,[677.0],7.0,677.0,7.0,altitude,temperature (average over 1961-1990),altitude,temperature (average over 1961-1990),pair0001,/Users/aj9225/Local/meta-learning-ecological-priors-from-llms/functionlearning/data/cause-effects/pairs/pair0001.txt,1,370.0,740.0,density,2032329982
1,23,[705.0],6.9,705.0,6.9,altitude,temperature (average over 1961-1990),altitude,temperature (average over 1961-1990),pair0001,/Users/aj9225/Local/meta-learning-ecological-priors-from-llms/functionlearning/data/cause-effects/pairs/pair0001.txt,1,370.0,740.0,density,2032329982
14,0,[180.0],16.5,180.0,16.5,horsepower,mpg,horsepower,mpg,pair0014,/Users/aj9225/Local/meta-learning-ecological-priors-from-llms/functionlearning/data/cause-effects/pairs/pair0014.txt,5,161.0,184.0,coverage,2198257138
14,1,[132.0],32.7,132.0,32.7,horsepower,mpg,horsepower,mpg,pair0014,/Users/aj9225/Local/meta-learning-ecological-priors-from-llms/functionlearning/data/cause-effects/pairs/pair0014.txt,3,115.0,138.0,coverage,2198257138
14,2,[158.0],13.0,158.0,13.0,horsepower,mpg,horsepower,mpg,pair0014,/Users/aj9225/Local/meta-learning-ecological-priors-from-llms/functionlearning/data/cause-effects/pairs/pair0014.txt,4,138.0,161.0,density,2198257138
14,3,[85.0],20.2,85.0,20.2,horsepower,mpg,horsepower,mpg,pair0014,/Users/aj9225/Local/meta-learning-ecological-priors-from-llms/functionlearning/data/cause-effects/pairs/pair0014.txt,1,69.0,92.0,density,2198257138
14,4,[54.0],23.0,54.0,23.0,horsepower,mpg,horsepower,mpg,pair0014,/Users/aj9225/Local/meta-learning-ecological-priors-from-llms/functionlearning/data/cause-effects/pairs/pair0014.txt,0,46.0,69.0,coverage,2198257138
14,5,[110.0],21.0,110.0,21.0,horsepower,mpg,horsepower,mpg,pair0014,/Users/aj9225/Local/meta-learning-ecological-priors-from-llms/functionlearning/data/cause-effects/pairs/pair0014.txt,2,92.0,115.0,density,2198257138
14,6,[139.0],18.1,139.0,18.1,horsepower,mpg,horsepower,mpg,pair0014,/Users/aj9225/Local/meta-learning-ecological-priors-from-llms/functionlearning/data/cause-effects/pairs/pair0014.txt,4,138.0,161.0,coverage,2198257138
14,7,[68.0],31.5,68.0,31.5,horsepower,mpg,horsepower,mpg,pair0014,/Users/aj9225/Local/meta-learning-ecological-priors-from-llms/functionlearning/data/cause-effects/pairs/pair0014.txt,0,46.0,69.0,density,2198257138
14,8,[140.0],17.5,140.0,17.5,horsepower,mpg,horsepower,mpg,pair0014,/Users/aj9225/Local/meta-learning-ecological-priors-from-llms/functionlearning/data/cause-effects/pairs/pair0014.txt,4,138.0,161.0,density,2198257138
14,9,[175.0],14.0,175.0,14.0,horsepower,mpg,horsepower,mpg,pair0014,/Users/aj9225/Local/meta-learning-ecological-priors-from-llms/functionlearning/data/cause-effects/pairs/pair0014.txt,5,161.0,184.0,density,2198257138
14,10,[95.0],22.0,95.0,22.0,horsepower,mpg,horsepower,mpg,pair0014,/Users/aj9225/Local/meta-learning-ecological-priors-from-llms/functionlearning/data/cause-effects/pairs/pair0014.txt,2,92.0,115.0,density,2198257138
14,11,[70.0],34.5,70.0,34.5,horsepower,mpg,horsepower,mpg,pair0014,/Users/aj9225/Local/meta-learning-ecological-priors-from-llms/functionlearning/data/cause-effects/pairs/pair0014.txt,1,69.0,92.0,density,2198257138
14,12,[75.0],32.2,75.0,32.2,horsepower,mpg,horsepower,mpg,pair0014,/Users/aj9225/Local/meta-learning-ecological-priors-from-llms/functionlearning/data/cause-effects/pairs/pair0014.txt,1,69.0,92.0,coverage,2198257138
14,13,[105.0],19.2,105.0,19.2,horsepower,mpg,horsepower,mpg,pair0014,/Users/aj9225/Local/meta-learning-ecological-priors-from-llms/functionlearning/data/cause-effects/pairs/pair0014.txt,2,92.0,115.0,density,2198257138
14,14,[81.0],24.0,81.0,24.0,horsepower,mpg,horsepower,mpg,pair0014,/Users/aj9225/Local/meta-learning-ecological-priors-from-llms/functionlearning/data/cause-effects/pairs/pair0014.txt,1,69.0,92.0,density,2198257138
14,15,[225.0],14.0,225.0,14.0,horsepower,mpg,horsepower,mpg,pair0014,/Users/aj9225/Local/meta-learning-ecological-priors-from-llms/functionlearning/data/cause-effects/pairs/pair0014.txt,7,207.0,230.0,coverage,2198257138
14,16,[90.0],20.0,90.0,20.0,horsepower,mpg,horsepower,mpg,pair0014,/Users/aj9225/Local/meta-learning-ecological-priors-from-llms/functionlearning/data/cause-effects/pairs/pair0014.txt,1,69.0,92.0,density,2198257138
14,17,[100.0],32.9,100.0,32.9,horsepower,mpg,horsepower,mpg,pair0014,/Users/aj9225/Local/meta-learning-ecological-priors-from-llms/functionlearning/data/cause-effects/pairs/pair0014.txt,2,92.0,115.0,density,2198257138
14,18,[100.0],20.0,100.0,20.0,horsepower,mpg,horsepower,mpg,pair0014,/Users/aj9225/Local/meta-learning-ecological-priors-from-llms/functionlearning/data/cause-effects/pairs/pair0014.txt,2,92.0,115.0,coverage,2198257138
14,19,[90.0],21.0,90.0,21.0,horsepower,mpg,horsepower,mpg,pair0014,/Users/aj9225/Local/meta-learning-ecological-priors-from-llms/functionlearning/data/cause-effects/pairs/pair0014.txt,1,69.0,92.0,density,2198257138
14,20,[190.0],15.5,190.0,15.5,horsepower,mpg,horsepower,mpg,pair0014,/Users/aj9225/Local/meta-learning-ecological-priors-from-llms/functionlearning/data/cause-effects/pairs/pair0014.txt,6,184.0,207.0,coverage,2198257138
14,21,[67.0],31.0,67.0,31.0,horsepower,mpg,horsepower,mpg,pair0014,/Users/aj9225/Local/meta-learning-ecological-priors-from-llms/functionlearning/data/cause-effects/pairs/pair0014.txt,0,46.0,69.0,density,2198257138
14,22,[115.0],26.8,115.0,26.8,horsepower,mpg,horsepower,mpg,pair0014,/Users/aj9225/Local/meta-learning-ecological-priors-from-llms/functionlearning/data/cause-effects/pairs/pair0014.txt,3,115.0,138.0,density,2198257138
14,23,[90.0],28.0,90.0,28.0,horsepower,mpg,horsepower,mpg,pair0014,/Users/aj9225/Local/meta-learning-ecological-priors-from-llms/functionlearning/data/cause-effects/pairs/pair0014.txt,1,69.0,92.0,density,2198257138
18,0,[9.86],5.0,9.86,5.0,age of child in years,concentration of GAG (the units have been lost),age of child in years,concentration of GAG (the units have been lost),pair0018,/Users/aj9225/Local/meta-learning-ecological-priors-from-llms/functionlearning/data/cause-effects/pairs/pair0018.txt,4,8.835,11.043750000000001,density,3243419749
18,1,[1.15],19.0,1.15,19.0,age of child in years,concentration of GAG (the units have been lost),age of child in years,concentration of GAG (the units have been lost),pair0018,/Users/aj9225/Local/meta-learning-ecological-priors-from-llms/functionlearning/data/cause-effects/pairs/pair0018.txt,0,0.0,2.20875,density,3243419749
18,2,[3.98],8.6,3.98,8.6,age of child in years,concentration of GAG (the units have been lost),age of child in years,concentration of GAG (the units have been lost),pair0018,/Users/aj9225/Local/meta-learning-ecological-priors-from-llms/functionlearning/data/cause-effects/pairs/pair0018.txt,1,2.20875,4.4175,density,3243419749
18,3,[5.87],6.6,5.87,6.6,age of child in years,concentration of GAG (the units have been lost),age of child in years,concentration of GAG (the units have been lost),pair0018,/Users/aj9225/Local/meta-learning-ecological-priors-from-llms/functionlearning/data/cause-effects/pairs/pair0018.txt,2,4.4175,6.626250000000001,coverage,3243419749
18,4,[5.04],9.2,5.04,9.2,age of child in years,concentration of GAG (the units have been lost),age of child in years,concentration of GAG (the units have been lost),pair0018,/Users/aj9225/Local/meta-learning-ecological-priors-from-llms/functionlearning/data/cause-effects/pairs/pair0018.txt,2,4.4175,6.626250000000001,density,3243419749
18,5,[11.78],4.1,11.78,4.1,age of child in years,concentration of GAG (the units have been lost),age of child in years,concentration of GAG (the units have been lost),pair0018,/Users/aj9225/Local/meta-learning-ecological-priors-from-llms/functionlearning/data/cause-effects/pairs/pair0018.txt,5,11.043750000000001,13.252500000000001,density,3243419749
18,6,[3.85],12.5,3.85,12.5,age of child in years,concentration of GAG (the units have been lost),age of child in years,concentration of GAG (the units have been lost),pair0018,/Users/aj9225/Local/meta-learning-ecological-priors-from-llms/functionlearning/data/cause-effects/pairs/pair0018.txt,1,2.20875,4.4175,coverage,3243419749
18,7,[12.39],3.1,12.39,3.1,age of child in years,concentration of GAG (the units have been lost),age of child in years,concentration of GAG (the units have been lost),pair0018,/Users/aj9225/Local/meta-learning-ecological-priors-from-llms/functionlearning/data/cause-effects/pairs/pair0018.txt,5,11.043750000000001,13.252500000000001,coverage,3243419749
18,8,[0.01],17.9,0.01,17.9,age of child in years,concentration of GAG (the units have been lost),age of child in years,concentration of GAG (the units have been lost),pair0018,/Users/aj9225/Local/meta-learning-ecological-priors-from-llms/functionlearning/data/cause-effects/pairs/pair0018.txt,0,0.0,2.20875,density,3243419749
18,9,[1.03],15.2,1.03,15.2,age of child in years,concentration of GAG (the units have been lost),age of child in years,concentration of GAG (the units have been lost),pair0018,/Users/aj9225/Local/meta-learning-ecological-priors-from-llms/functionlearning/data/cause-effects/pairs/pair0018.txt,0,0.0,2.20875,density,3243419749
18,10,[0.98],18.9,0.98,18.9,age of child in years,concentration of GAG (the units have been lost),age of child in years,concentration of GAG (the units have been lost),pair0018,/Users/aj9225/Local/meta-learning-ecological-priors-from-llms/functionlearning/data/cause-effects/pairs/pair0018.txt,0,0.0,2.20875,density,3243419749
18,11,[1.99],11.1,1.99,11.1,age of child in years,concentration of GAG (the units have been lost),age of child in years,concentration of GAG (the units have been lost),pair0018,/Users/aj9225/Local/meta-learning-ecological-priors-from-llms/functionlearning/data/cause-effects/pairs/pair0018.txt,0,0.0,2.20875,coverage,3243419749
18,12,[14.64],1.9,14.64,1.9,age of child in years,concentration of GAG (the units have been lost),age of child in years,concentration of GAG (the units have been lost),pair0018,/Users/aj9225/Local/meta-learning-ecological-priors-from-llms/functionlearning/data/cause-effects/pairs/pair0018.txt,6,13.252500000000001,15.461250000000001,density,3243419749
18,13,[3.18],8.6,3.18,8.6,age of child in years,concentration of GAG (the units have been lost),age of child in years,concentration of GAG (the units have been lost),pair0018,/Users/aj9225/Local/meta-learning-ecological-priors-from-llms/functionlearning/data/cause-effects/pairs/pair0018.txt,1,2.20875,4.4175,density,3243419749
18,14,[13.73],3.6,13.73,3.6,age of child in years,concentration of GAG (the units have been lost),age of child in years,concentration of GAG (the units have been lost),pair0018,/Users/aj9225/Local/meta-learning-ecological-priors-from-llms/functionlearning/data/cause-effects/pairs/pair0018.txt,6,13.252500000000001,15.461250000000001,coverage,3243419749
18,15,[7.8],6.4,7.8,6.4,age of child in years,concentration of GAG (the units have been lost),age of child in years,concentration of GAG (the units have been lost),pair0018,/Users/aj9225/Local/meta-learning-ecological-priors-from-llms/functionlearning/data/cause-effects/pairs/pair0018.txt,3,6.626250000000001,8.835,density,3243419749
18,16,[15.86],3.4,15.86,3.4,age of child in years,concentration of GAG (the units have been lost),age of child in years,concentration of GAG (the units have been lost),pair0018,/Users/aj9225/Local/meta-learning-ecological-priors-from-llms/functionlearning/data/cause-effects/pairs/pair0018.txt,7,15.461250000000001,17.67,density,3243419749
18,17,[0.56],15.7,0.56,15.7,age of child in years,concentration of GAG (the units have been lost),age of child in years,concentration of GAG (the units have been lost),pair0018,/Users/aj9225/Local/meta-learning-ecological-priors-from-llms/functionlearning/data/cause-effects/pairs/pair0018.txt,0,0.0,2.20875,density,3243419749
18,18,[6.9],8.0,6.9,8.0,age of child in years,concentration of GAG (the units have been lost),age of child in years,concentration of GAG (the units have been lost),pair0018,/Users/aj9225/Local/meta-learning-ecological-priors-from-llms/functionlearning/data/cause-effects/pairs/pair0018.txt,3,6.626250000000001,8.835,coverage,3243419749
18,19,[6.2],8.4,6.2,8.4,age of child in years,concentration of GAG (the units have been lost),age of child in years,concentration of GAG (the units have been lost),pair0018,/Users/aj9225/Local/meta-learning-ecological-priors-from-llms/functionlearning/data/cause-effects/pairs/pair0018.txt,2,4.4175,6.626250000000001,density,3243419749
18,20,[16.6],2.8,16.6,2.8,age of child in years,concentration of GAG (the units have been lost),age of child in years,concentration of GAG (the units have been lost),pair0018,/Users/aj9225/Local/meta-learning-ecological-priors-from-llms/functionlearning/data/cause-effects/pairs/pair0018.txt,7,15.461250000000001,17.67,coverage,3243419749
18,21,[10.81],11.7,10.81,11.7,age of child in years,concentration of GAG (the units have been lost),age of child in years,concentration of GAG (the units have been lost),pair0018,/Users/aj9225/Local/meta-learning-ecological-priors-from-llms/functionlearning/data/cause-effects/pairs/pair0018.txt,4,8.835,11.043750000000001,coverage,3243419749
18,22,[6.2],5.5,6.2,5.5,age of child in years,concentration of GAG (the units have been lost),age of child in years,concentration of GAG (the units have been lost),pair0018,/Users/aj9225/Local/meta-learning-ecological-priors-from-llms/functionlearning/data/cause-effects/pairs/pair0018.txt,2,4.4175,6.626250000000001,density,3243419749
18,23,[0.4],21.6,0.4,21.6,age of child in years,concentration of GAG (the units have been lost),age of child in years,concentration of GAG (the units have been lost),pair0018,/Users/aj9225/Local/meta-learning-ecological-priors-from-llms/functionlearning/data/cause-effects/pairs/pair0018.txt,0,0.0,2.20875,density,3243419749
19,0,[1.7],49.3,1.7,49.3,duration of erruption in minutes,time to the next erruption in minutes,duration of erruption in minutes,time to the next erruption in minutes,pair0019,/Users/aj9225/Local/meta-learning-ecological-priors-from-llms/functionlearning/data/cause-effects/pairs/pair0019.txt,1,1.4104166375,1.987499975,density,4082210490
19,1,[2.0166667],51.9833333,2.0166667,51.9833333,duration of erruption in minutes,time to the next erruption in minutes,duration of erruption in minutes,time to the next erruption in minutes,pair0019,/Users/aj9225/Local/meta-learning-ecological-priors-from-llms/functionlearning/data/cause-effects/pairs/pair0019.txt,2,1.987499975,2.5645833125,coverage,4082210490
19,2,[4.45],75.55,4.45,75.55,duration of erruption in minutes,time to the next erruption in minutes,duration of erruption in minutes,time to the next erruption in minutes,pair0019,/Users/aj9225/Local/meta-learning-ecological-priors-from-llms/functionlearning/data/cause-effects/pairs/pair0019.txt,6,4.295833325,4.8729166625,density,4082210490
19,3,[1.6333333],49.3666667,1.6333333,49.3666667,duration of erruption in minutes,time to the next erruption in minutes,duration of erruption in minutes,time to the next erruption in minutes,pair0019,/Users/aj9225/Local/meta-learning-ecological-priors-from-llms/functionlearning/data/cause-effects/pairs/pair0019.txt,1,1.4104166375,1.987499975,coverage,4082210490
19,4,[3.8833333],65.1166667,3.8833333,65.1166667,duration of erruption in minutes,time to the next erruption in minutes,duration of erruption in minutes,time to the next erruption in minutes,pair0019,/Users/aj9225/Local/meta-learning-ecological-priors-from-llms/functionlearning/data/cause-effects/pairs/pair0019.txt,5,3.7187499875,4.295833325,coverage,4082210490
19,5,[2.6],55.4,2.6,55.4,duration of erruption in minutes,time to the next erruption in minutes,duration of erruption in minutes,time to the next erruption in minutes,pair0019,/Users/aj9225/Local/meta-learning-ecological-priors-from-llms/functionlearning/data/cause-effects/pairs/pair0019.txt,3,2.5645833125,3.14166665,coverage,4082210490
19,6,[1.7666667],47.2333333,1.7666667,47.2333333,duration of erruption in minutes,time to the next erruption in minutes,duration of erruption in minutes,time to the next erruption in minutes,pair0019,/Users/aj9225/Local/meta-learning-ecological-priors-from-llms/functionlearning/data/cause-effects/pairs/pair0019.txt,1,1.4104166375,1.987499975,density,4082210490
19,7,[3.7],80.3,3.7,80.3,duration of erruption in minutes,time to the next erruption in minutes,duration of erruption in minutes,time to the next erruption in minutes,pair0019,/Users/aj9225/Local/meta-learning-ecological-priors-from-llms/functionlearning/data/cause-effects/pairs/pair0019.txt,4,3.14166665,3.7187499875,density,4082210490
19,8,[4.2],63.8,4.2,63.8,duration of erruption in minutes,time to the next erruption in minutes,duration of erruption in minutes,time to the next erruption in minutes,pair0019,/Users/aj9225/Local/meta-learning-ecological-priors-from-llms/functionlearning/data/cause-effects/pairs/pair0019.txt,5,3.7187499875,4.295833325,density,4082210490
19,9,[0.8333333],48.1666667,0.8333333,48.1666667,duration of erruption in minutes,time to the next erruption in minutes,duration of erruption in minutes,time to the next erruption in minutes,pair0019,/Users/aj9225/Local/meta-learning-ecological-priors-from-llms/functionlearning/data/cause-effects/pairs/pair0019.txt,0,0.8333333,1.4104166375,coverage,4082210490
19,10,[4.7],80.3,4.7,80.3,duration of erruption in minutes,time to the next erruption in minutes,duration of erruption in minutes,time to the next erruption in minutes,pair0019,/Users/aj9225/Local/meta-learning-ecological-priors-from-llms/functionlearning/data/cause-effects/pairs/pair0019.txt,6,4.295833325,4.8729166625,coverage,4082210490
19,11,[3.7166667],70.2833333,3.7166667,70.2833333,duration of erruption in minutes,time to the next erruption in minutes,duration of erruption in minutes,time to the next erruption in minutes,pair0019,/Users/aj9225/Local/meta-learning-ecological-priors-from-llms/functionlearning/data/cause-effects/pairs/pair0019.txt,4,3.14166665,3.7187499875,coverage,4082210490
19,12,[4.9833333],79.0166667,4.9833333,79.0166667,duration of erruption in minutes,time to the next erruption in minutes,duration of erruption in minutes,time to the next erruption in minutes,pair0019,/Users/aj9225/Local/meta-learning-ecological-priors-from-llms/functionlearning/data/cause-effects/pairs/pair0019.txt,7,4.8729166625,5.45,density,4082210490
19,13,[1.7333333],52.2666667,1.7333333,52.2666667,duration of erruption in minutes,time to the next erruption in minutes,duration of erruption in minutes,time to the next erruption in minutes,pair0019,/Users/aj9225/Local/meta-learning-ecological-priors-from-llms/functionlearning/data/cause-effects/pairs/pair0019.txt,1,1.4104166375,1.987499975,density,4082210490
19,14,[4.25],84.75,4.25,84.75,duration of erruption in minutes,time to the next erruption in minutes,duration of erruption in minutes,time to the next erruption in minutes,pair0019,/Users/aj9225/Local/meta-learning-ecological-priors-from-llms/functionlearning/data/cause-effects/pairs/pair0019.txt,5,3.7187499875,4.295833325,density,4082210490
19,15,[4.2833333],72.7166667,4.2833333,72.7166667,duration of erruption in minutes,time to the next erruption in minutes,duration of erruption in minutes,time to the next erruption in minutes,pair0019,/Users/aj9225/Local/meta-learning-ecological-priors-from-llms/functionlearning/data/cause-effects/pairs/pair0019.txt,5,3.7187499875,4.295833325,density,4082210490
19,16,[4.7666667],82.2333333,4.7666667,82.2333333,duration of erruption in minutes,time to the next erruption in minutes,duration of erruption in minutes,time to the next erruption in minutes,pair0019,/Users/aj9225/Local/meta-learning-ecological-priors-from-llms/functionlearning/data/cause-effects/pairs/pair0019.txt,6,4.295833325,4.8729166625,density,4082210490
19,17,[4.5333333],81.4666667,4.5333333,81.4666667,duration of erruption in minutes,time to the next erruption in minutes,duration of erruption in minutes,time to the next erruption in minutes,pair0019,/Users/aj9225/Local/meta-learning-ecological-priors-from-llms/functionlearning/data/cause-effects/pairs/pair0019.txt,6,4.295833325,4.8729166625,density,4082210490
19,18,[4.7333333],79.2666667,4.7333333,79.2666667,duration of erruption in minutes,time to the next erruption in minutes,duration of erruption in minutes,time to the next erruption in minutes,pair0019,/Users/aj9225/Local/meta-learning-ecological-priors-from-llms/functionlearning/data/cause-effects/pairs/pair0019.txt,6,4.295833325,4.8729166625,density,4082210490
19,19,[2.1833333],57.8166667,2.1833333,57.8166667,duration of erruption in minutes,time to the next erruption in minutes,duration of erruption in minutes,time to the next erruption in minutes,pair0019,/Users/aj9225/Local/meta-learning-ecological-priors-from-llms/functionlearning/data/cause-effects/pairs/pair0019.txt,2,1.987499975,2.5645833125,density,4082210490
19,20,[4.65],76.35,4.65,76.35,duration of erruption in minutes,time to the next erruption in minutes,duration of erruption in minutes,time to the next erruption in minutes,pair0019,/Users/aj9225/Local/meta-learning-ecological-priors-from-llms/functionlearning/data/cause-effects/pairs/pair0019.txt,6,4.295833325,4.8729166625,density,4082210490
19,21,[1.6666667],45.3333333,1.6666667,45.3333333,duration of erruption in minutes,time to the next erruption in minutes,duration of erruption in minutes,time to the next erruption in minutes,pair0019,/Users/aj9225/Local/meta-learning-ecological-priors-from-llms/functionlearning/data/cause-effects/pairs/pair0019.txt,1,1.4104166375,1.987499975,density,4082210490
19,22,[2.75],60.25,2.75,60.25,duration of erruption in minutes,time to the next erruption in minutes,duration of erruption in minutes,time to the next erruption in minutes,pair0019,/Users/aj9225/Local/meta-learning-ecological-priors-from-llms/functionlearning/data/cause-effects/pairs/pair0019.txt,3,2.5645833125,3.14166665,density,4082210490
19,23,[4.9166667],93.0833333,4.9166667,93.0833333,duration of erruption in minutes,time to the next erruption in minutes,duration of erruption in minutes,time to the next erruption in minutes,pair0019,/Users/aj9225/Local/meta-learning-ecological-priors-from-llms/functionlearning/data/cause-effects/pairs/pair0019.txt,7,4.8729166625,5.45,coverage,4082210490
23,0,[19.0],50.0,19.0,50.0,age,weight,age,weight,pair0023,/Users/aj9225/Local/meta-learning-ecological-priors-from-llms/functionlearning/data/cause-effects/pairs/pair0023.txt,1,10.375,20.75,density,149690572
23,1,[58.0],65.0,58.0,65.0,age,weight,age,weight,pair0023,/Users/aj9225/Local/meta-learning-ecological-priors-from-llms/functionlearning/data/cause-effects/pairs/pair0023.txt,5,51.875,62.25,density,149690572
23,2,[3.0],12.0,3.0,12.0,age,weight,age,weight,pair0023,/Users/aj9225/Local/meta-learning-ecological-priors-from-llms/functionlearning/data/cause-effects/pairs/pair0023.txt,0,0.0,10.375,coverage,149690572
23,3,[36.0],68.0,36.0,68.0,age,weight,age,weight,pair0023,/Users/aj9225/Local/meta-learning-ecological-priors-from-llms/functionlearning/data/cause-effects/pairs/pair0023.txt,3,31.125,41.5,density,149690572
23,4,[48.0],70.0,48.0,70.0,age,weight,age,weight,pair0023,/Users/aj9225/Local/meta-learning-ecological-priors-from-llms/functionlearning/data/cause-effects/pairs/pair0023.txt,4,41.5,51.875,density,149690572
23,5,[61.0],70.0,61.0,70.0,age,weight,age,weight,pair0023,/Users/aj9225/Local/meta-learning-ecological-priors-from-llms/functionlearning/data/cause-effects/pairs/pair0023.txt,5,51.875,62.25,density,149690572
23,6,[26.0],97.0,26.0,97.0,age,weight,age,weight,pair0023,/Users/aj9225/Local/meta-learning-ecological-priors-from-llms/functionlearning/data/cause-effects/pairs/pair0023.txt,2,20.75,31.125,density,149690572
23,7,[72.0],74.0,72.0,74.0,age,weight,age,weight,pair0023,/Users/aj9225/Local/meta-learning-ecological-priors-from-llms/functionlearning/data/cause-effects/pairs/pair0023.txt,6,62.25,72.625,coverage,149690572
23,8,[52.0],70.0,52.0,70.0,age,weight,age,weight,pair0023,/Users/aj9225/Local/meta-learning-ecological-priors-from-llms/functionlearning/data/cause-effects/pairs/pair0023.txt,5,51.875,62.25,coverage,149690572
23,9,[50.0],70.0,50.0,70.0,age,weight,age,weight,pair0023,/Users/aj9225/Local/meta-learning-ecological-priors-from-llms/functionlearning/data/cause-effects/pairs/pair0023.txt,4,41.5,51.875,density,149690572
23,10,[65.0],85.0,65.0,85.0,age,weight,age,weight,pair0023,/Users/aj9225/Local/meta-learning-ecological-priors-from-llms/functionlearning/data/cause-effects/pairs/pair0023.txt,6,62.25,72.625,density,149690572
23,11,[22.0],52.0,22.0,52.0,age,weight,age,weight,pair0023,/Users/aj9225/Local/meta-learning-ecological-priors-from-llms/functionlearning/data/cause-effects/pairs/pair0023.txt,2,20.75,31.125,density,149690572
23,12,[69.0],75.0,69.0,75.0,age,weight,age,weight,pair0023,/Users/aj9225/Local/meta-learning-ecological-priors-from-llms/functionlearning/data/cause-effects/pairs/pair0023.txt,6,62.25,72.625,density,149690572
23,13,[17.0],54.0,17.0,54.0,age,weight,age,weight,pair0023,/Users/aj9225/Local/meta-learning-ecological-priors-from-llms/functionlearning/data/cause-effects/pairs/pair0023.txt,1,10.375,20.75,coverage,149690572
23,14,[35.0],63.0,35.0,63.0,age,weight,age,weight,pair0023,/Users/aj9225/Local/meta-learning-ecological-priors-from-llms/functionlearning/data/cause-effects/pairs/pair0023.txt,3,31.125,41.5,coverage,149690572
23,15,[47.0],55.0,47.0,55.0,age,weight,age,weight,pair0023,/Users/aj9225/Local/meta-learning-ecological-priors-from-llms/functionlearning/data/cause-effects/pairs/pair0023.txt,4,41.5,51.875,coverage,149690572
23,16,[78.0],70.0,78.0,70.0,age,weight,age,weight,pair0023,/Users/aj9225/Local/meta-learning-ecological-priors-from-llms/functionlearning/data/cause-effects/pairs/pair0023.txt,7,72.625,83.0,density,149690572
23,17,[75.0],80.0,75.0,80.0,age,weight,age,weight,pair0023,/Users/aj9225/Local/meta-learning-ecological-priors-from-llms/functionlearning/data/cause-effects/pairs/pair0023.txt,7,72.625,83.0,coverage,149690572
23,18,[31.0],80.0,31.0,80.0,age,weight,age,weight,pair0023,/Users/aj9225/Local/meta-learning-ecological-priors-from-llms/functionlearning/data/cause-effects/pairs/pair0023.txt,2,20.75,31.125,coverage,149690572
23,19,[38.0],61.0,38.0,61.0,age,weight,age,weight,pair0023,/Users/aj9225/Local/meta-learning-ecological-priors-from-llms/functionlearning/data/cause-effects/pairs/pair0023.txt,3,31.125,41.5,density,149690572
23,20,[50.0],80.0,50.0,80.0,age,weight,age,weight,pair0023,/Users/aj9225/Local/meta-learning-ecological-priors-from-llms/functionlearning/data/cause-effects/pairs/pair0023.txt,4,41.5,51.875,density,149690572
23,21,[44.0],80.0,44.0,80.0,age,weight,age,weight,pair0023,/Users/aj9225/Local/meta-learning-ecological-priors-from-llms/functionlearning/data/cause-effects/pairs/pair0023.txt,4,41.5,51.875,density,149690572
23,22,[54.0],78.0,54.0,78.0,age,weight,age,weight,pair0023,/Users/aj9225/Local/meta-learning-ecological-priors-from-llms/functionlearning/data/cause-effects/pairs/pair0023.txt,5,51.875,62.25,density,149690572
23,23,[41.0],55.0,41.0,55.0,age,weight,age,weight,pair0023,/Users/aj9225/Local/meta-learning-ecological-priors-from-llms/functionlearning/data/cause-effects/pairs/pair0023.txt,3,31.125,41.5,density,149690572
42,0,[284.0],11.1,284.0,11.1,days of the year,"mean daily temperature of Furtwangen (Schwarzwald), Germany",days of the year,"mean daily temperature of Furtwangen (Schwarzwald), Germany",pair0042,/Users/aj9225/Local/meta-learning-ecological-priors-from-llms/functionlearning/data/cause-effects/pairs/pair0042.txt,6,274.75,320.375,coverage,619160821
42,1,[131.0],10.2,131.0,10.2,days of the year,"mean daily temperature of Furtwangen (Schwarzwald), Germany",days of the year,"mean daily temperature of Furtwangen (Schwarzwald), Germany",pair0042,/Users/aj9225/Local/meta-learning-ecological-priors-from-llms/functionlearning/data/cause-effects/pairs/pair0042.txt,2,92.25,137.875,density,619160821
42,2,[250.0],14.9,250.0,14.9,days of the year,"mean daily temperature of Furtwangen (Schwarzwald), Germany",days of the year,"mean daily temperature of Furtwangen (Schwarzwald), Germany",pair0042,/Users/aj9225/Local/meta-learning-ecological-priors-from-llms/functionlearning/data/cause-effects/pairs/pair0042.txt,5,229.125,274.75,coverage,619160821
42,3,[196.0],14.3,196.0,14.3,days of the year,"mean daily temperature of Furtwangen (Schwarzwald), Germany",days of the year,"mean daily temperature of Furtwangen (Schwarzwald), Germany",pair0042,/Users/aj9225/Local/meta-learning-ecological-priors-from-llms/functionlearning/data/cause-effects/pairs/pair0042.txt,4,183.5,229.125,coverage,619160821
42,4,[239.0],17.6,239.0,17.6,days of the year,"mean daily temperature of Furtwangen (Schwarzwald), Germany",days of the year,"mean daily temperature of Furtwangen (Schwarzwald), Germany",pair0042,/Users/aj9225/Local/meta-learning-ecological-priors-from-llms/functionlearning/data/cause-effects/pairs/pair0042.txt,5,229.125,274.75,density,619160821
42,5,[326.0],-0.4,326.0,-0.4,days of the year,"mean daily temperature of Furtwangen (Schwarzwald), Germany",days of the year,"mean daily temperature of Furtwangen (Schwarzwald), Germany",pair0042,/Users/aj9225/Local/meta-learning-ecological-priors-from-llms/functionlearning/data/cause-effects/pairs/pair0042.txt,7,320.375,366.0,density,619160821
42,6,[4.0],3.5,4.0,3.5,days of the year,"mean daily temperature of Furtwangen (Schwarzwald), Germany",days of the year,"mean daily temperature of Furtwangen (Schwarzwald), Germany",pair0042,/Users/aj9225/Local/meta-learning-ecological-priors-from-llms/functionlearning/data/cause-effects/pairs/pair0042.txt,0,1.0,46.625,density,619160821
42,7,[164.0],6.1,164.0,6.1,days of the year,"mean daily temperature of Furtwangen (Schwarzwald), Germany",days of the year,"mean daily temperature of Furtwangen (Schwarzwald), Germany",pair0042,/Users/aj9225/Local/meta-learning-ecological-priors-from-llms/functionlearning/data/cause-effects/pairs/pair0042.txt,3,137.875,183.5,density,619160821
42,8,[214.0],19.4,214.0,19.4,days of the year,"mean daily temperature of Furtwangen (Schwarzwald), Germany",days of the year,"mean daily temperature of Furtwangen (Schwarzwald), Germany",pair0042,/Users/aj9225/Local/meta-learning-ecological-priors-from-llms/functionlearning/data/cause-effects/pairs/pair0042.txt,4,183.5,229.125,density,619160821
42,9,[77.0],-0.4,77.0,-0.4,days of the year,"mean daily temperature of Furtwangen (Schwarzwald), Germany",days of the year,"mean daily temperature of Furtwangen (Schwarzwald), Germany",pair0042,/Users/aj9225/Local/meta-learning-ecological-priors-from-llms/functionlearning/data/cause-effects/pairs/pair0042.txt,1,46.625,92.25,density,619160821
42,10,[317.0],-5.9,317.0,-5.9,days of the year,"mean daily temperature of Furtwangen (Schwarzwald), Germany",days of the year,"mean daily temperature of Furtwangen (Schwarzwald), Germany",pair0042,/Users/aj9225/Local/meta-learning-ecological-priors-from-llms/functionlearning/data/cause-effects/pairs/pair0042.txt,6,274.75,320.375,density,619160821
42,11,[80.0],-0.8,80.0,-0.8,days of the year,"mean daily temperature of Furtwangen (Schwarzwald), Germany",days of the year,"mean daily temperature of Furtwangen (Schwarzwald), Germany",pair0042,/Users/aj9225/Local/meta-learning-ecological-priors-from-llms/functionlearning/data/cause-effects/pairs/pair0042.txt,1,46.625,92.25,density,619160821
42,12,[155.0],11.6,155.0,11.6,days of the year,"mean daily temperature of Furtwangen (Schwarzwald), Germany",days of the year,"mean daily temperature of Furtwangen (Schwarzwald), Germany",pair0042,/Users/aj9225/Local/meta-learning-ecological-priors-from-llms/functionlearning/data/cause-effects/pairs/pair0042.txt,3,137.875,183.5,density,619160821
42,13,[326.0],8.3,326.0,8.3,days of the year,"mean daily temperature of Furtwangen (Schwarzwald), Germany",days of the year,"mean daily temperature of Furtwangen (Schwarzwald), Germany",pair0042,/Users/aj9225/Local/meta-learning-ecological-priors-from-llms/functionlearning/data/cause-effects/pairs/pair0042.txt,7,320.375,366.0,density,619160821
42,14,[175.0],15.8,175.0,15.8,days of the year,"mean daily temperature of Furtwangen (Schwarzwald), Germany",days of the year,"mean daily temperature of Furtwangen (Schwarzwald), Germany",pair0042,/Users/aj9225/Local/meta-learning-ecological-priors-from-llms/functionlearning/data/cause-effects/pairs/pair0042.txt,3,137.875,183.5,coverage,619160821
42,15,[356.0],7.1,356.0,7.1,days of the year,"mean daily temperature of Furtwangen (Schwarzwald), Germany",days of the year,"mean daily temperature of Furtwangen (Schwarzwald), Germany",pair0042,/Users/aj9225/Local/meta-learning-ecological-priors-from-llms/functionlearning/data/cause-effects/pairs/pair0042.txt,7,320.375,366.0,coverage,619160821
42,16,[26.0],-1.3,26.0,-1.3,days of the year,"mean daily temperature of Furtwangen (Schwarzwald), Germany",days of the year,"mean daily temperature of Furtwangen (Schwarzwald), Germany",pair0042,/Users/aj9225/Local/meta-learning-ecological-priors-from-llms/functionlearning/data/cause-effects/pairs/pair0042.txt,0,1.0,46.625,density,619160821
42,17,[304.0],5.0,304.0,5.0,days of the year,"mean daily temperature of Furtwangen (Schwarzwald), Germany",days of the year,"mean daily temperature of Furtwangen (Schwarzwald), Germany",pair0042,/Users/aj9225/Local/meta-learning-ecological-priors-from-llms/functionlearning/data/cause-effects/pairs/pair0042.txt,6,274.75,320.375,density,619160821
42,18,[82.0],4.5,82.0,4.5,days of the year,"mean daily temperature of Furtwangen (Schwarzwald), Germany",days of the year,"mean daily temperature of Furtwangen (Schwarzwald), Germany",pair0042,/Users/aj9225/Local/meta-learning-ecological-priors-from-llms/functionlearning/data/cause-effects/pairs/pair0042.txt,1,46.625,92.25,coverage,619160821
42,19,[124.0],0.3,124.0,0.3,days of the year,"mean daily temperature of Furtwangen (Schwarzwald), Germany",days of the year,"mean daily temperature of Furtwangen (Schwarzwald), Germany",pair0042,/Users/aj9225/Local/meta-learning-ecological-priors-from-llms/functionlearning/data/cause-effects/pairs/pair0042.txt,2,92.25,137.875,coverage,619160821
42,20,[101.0],6.9,101.0,6.9,days of the year,"mean daily temperature of Furtwangen (Schwarzwald), Germany",days of the year,"mean daily temperature of Furtwangen (Schwarzwald), Germany",pair0042,/Users/aj9225/Local/meta-learning-ecological-priors-from-llms/functionlearning/data/cause-effects/pairs/pair0042.txt,2,92.25,137.875,density,619160821
42,21,[243.0],14.8,243.0,14.8,days of the year,"mean daily temperature of Furtwangen (Schwarzwald), Germany",days of the year,"mean daily temperature of Furtwangen (Schwarzwald), Germany",pair0042,/Users/aj9225/Local/meta-learning-ecological-priors-from-llms/functionlearning/data/cause-effects/pairs/pair0042.txt,5,229.125,274.75,density,619160821
42,22,[39.0],-2.8,39.0,-2.8,days of the year,"mean daily temperature of Furtwangen (Schwarzwald), Germany",days of the year,"mean daily temperature of Furtwangen (Schwarzwald), Germany",pair0042,/Users/aj9225/Local/meta-learning-ecological-priors-from-llms/functionlearning/data/cause-effects/pairs/pair0042.txt,0,1.0,46.625,coverage,619160821
42,23,[228.0],17.0,228.0,17.0,days of the year,"mean daily temperature of Furtwangen (Schwarzwald), Germany",days of the year,"mean daily temperature of Furtwangen (Schwarzwald), Germany",pair0042,/Users/aj9225/Local/meta-learning-ecological-priors-from-llms/functionlearning/data/cause-effects/pairs/pair0042.txt,4,183.5,229.125,density,619160821
43,0,[282.42],283.35,282.42,283.35,"year 2000, day 50","year 2000, day 51","year 2000, day 50","year 2000, day 51",pair0043,/Users/aj9225/Local/meta-learning-ecological-priors-from-llms/functionlearning/data/cause-effects/pairs/pair0043.txt,5,275.72625,286.15749999999997,coverage,3534516177
43,1,[241.85],239.28,241.85,239.28,"year 2000, day 50","year 2000, day 51","year 2000, day 50","year 2000, day 51",pair0043,/Users/aj9225/Local/meta-learning-ecological-priors-from-llms/functionlearning/data/cause-effects/pairs/pair0043.txt,1,234.00125,244.4325,coverage,3534516177
43,2,[297.57],297.27,297.57,297.27,"year 2000, day 50","year 2000, day 51","year 2000, day 50","year 2000, day 51",pair0043,/Users/aj9225/Local/meta-learning-ecological-priors-from-llms/functionlearning/data/cause-effects/pairs/pair0043.txt,7,296.58875,307.02,coverage,3534516177
43,3,[299.15],299.45,299.15,299.45,"year 2000, day 50","year 2000, day 51","year 2000, day 50","year 2000, day 51",pair0043,/Users/aj9225/Local/meta-learning-ecological-priors-from-llms/functionlearning/data/cause-effects/pairs/pair0043.txt,7,296.58875,307.02,density,3534516177
43,4,[280.14],279.5,280.14,279.5,"year 2000, day 50","year 2000, day 51","year 2000, day 50","year 2000, day 51",pair0043,/Users/aj9225/Local/meta-learning-ecological-priors-from-llms/functionlearning/data/cause-effects/pairs/pair0043.txt,5,275.72625,286.15749999999997,density,3534516177
43,5,[273.57],273.6,273.57,273.6,"year 2000, day 50","year 2000, day 51","year 2000, day 50","year 2000, day 51",pair0043,/Users/aj9225/Local/meta-learning-ecological-priors-from-llms/functionlearning/data/cause-effects/pairs/pair0043.txt,4,265.29499999999996,275.72625,density,3534516177
43,6,[282.05],282.04,282.05,282.04,"year 2000, day 50","year 2000, day 51","year 2000, day 50","year 2000, day 51",pair0043,/Users/aj9225/Local/meta-learning-ecological-priors-from-llms/functionlearning/data/cause-effects/pairs/pair0043.txt,5,275.72625,286.15749999999997,density,3534516177
43,7,[296.65],296.65,296.65,296.65,"year 2000, day 50","year 2000, day 51","year 2000, day 50","year 2000, day 51",pair0043,/Users/aj9225/Local/meta-learning-ecological-priors-from-llms/functionlearning/data/cause-effects/pairs/pair0043.txt,7,296.58875,307.02,density,3534516177
43,8,[298.95],298.5,298.95,298.5,"year 2000, day 50","year 2000, day 51","year 2000, day 50","year 2000, day 51",pair0043,/Users/aj9225/Local/meta-learning-ecological-priors-from-llms/functionlearning/data/cause-effects/pairs/pair0043.txt,7,296.58875,307.02,density,3534516177
43,9,[296.87],296.77,296.87,296.77,"year 2000, day 50","year 2000, day 51","year 2000, day 50","year 2000, day 51",pair0043,/Users/aj9225/Local/meta-learning-ecological-priors-from-llms/functionlearning/data/cause-effects/pairs/pair0043.txt,7,296.58875,307.02,density,3534516177
43,10,[292.62],293.47,292.62,293.47,"year 2000, day 50","year 2000, day 51","year 2000, day 50","year 2000, day 51",pair0043,/Users/aj9225/Local/meta-learning-ecological-priors-from-llms/functionlearning/data/cause-effects/pairs/pair0043.txt,6,286.15749999999997,296.58875,coverage,3534516177
43,11,[255.37],253.79,255.37,253.79,"year 2000, day 50","year 2000, day 51","year 2000, day 50","year 2000, day 51",pair0043,/Users/aj9225/Local/meta-learning-ecological-priors-from-llms/functionlearning/data/cause-effects/pairs/pair0043.txt,3,254.86374999999998,265.29499999999996,density,3534516177
43,12,[261.55],257.87,261.55,257.87,"year 2000, day 50","year 2000, day 51","year 2000, day 50","year 2000, day 51",pair0043,/Users/aj9225/Local/meta-learning-ecological-priors-from-llms/functionlearning/data/cause-effects/pairs/pair0043.txt,3,254.86374999999998,265.29499999999996,coverage,3534516177
43,13,[226.65],228.2,226.65,228.2,"year 2000, day 50","year 2000, day 51","year 2000, day 50","year 2000, day 51",pair0043,/Users/aj9225/Local/meta-learning-ecological-priors-from-llms/functionlearning/data/cause-effects/pairs/pair0043.txt,0,223.57,234.00125,density,3534516177
43,14,[231.42],235.07,231.42,235.07,"year 2000, day 50","year 2000, day 51","year 2000, day 50","year 2000, day 51",pair0043,/Users/aj9225/Local/meta-learning-ecological-priors-from-llms/functionlearning/data/cause-effects/pairs/pair0043.txt,0,223.57,234.00125,coverage,3534516177
43,15,[267.55],265.37,267.55,265.37,"year 2000, day 50","year 2000, day 51","year 2000, day 50","year 2000, day 51",pair0043,/Users/aj9225/Local/meta-learning-ecological-priors-from-llms/functionlearning/data/cause-effects/pairs/pair0043.txt,4,265.29499999999996,275.72625,density,3534516177
43,16,[244.95],246.4,244.95,246.4,"year 2000, day 50","year 2000, day 51","year 2000, day 50","year 2000, day 51",pair0043,/Users/aj9225/Local/meta-learning-ecological-priors-from-llms/functionlearning/data/cause-effects/pairs/pair0043.txt,2,244.4325,254.86374999999998,coverage,3534516177
43,17,[250.12],248.1,250.12,248.1,"year 2000, day 50","year 2000, day 51","year 2000, day 50","year 2000, day 51",pair0043,/Users/aj9225/Local/meta-learning-ecological-priors-from-llms/functionlearning/data/cause-effects/pairs/pair0043.txt,2,244.4325,254.86374999999998,density,3534516177
43,18,[267.85],264.42,267.85,264.42,"year 2000, day 50","year 2000, day 51","year 2000, day 50","year 2000, day 51",pair0043,/Users/aj9225/Local/meta-learning-ecological-priors-from-llms/functionlearning/data/cause-effects/pairs/pair0043.txt,4,265.29499999999996,275.72625,coverage,3534516177
43,19,[296.07],296.25,296.07,296.25,"year 2000, day 50","year 2000, day 51","year 2000, day 50","year 2000, day 51",pair0043,/Users/aj9225/Local/meta-learning-ecological-priors-from-llms/functionlearning/data/cause-effects/pairs/pair0043.txt,6,286.15749999999997,296.58875,density,3534516177
43,20,[286.2],284.55,286.2,284.55,"year 2000, day 50","year 2000, day 51","year 2000, day 50","year 2000, day 51",pair0043,/Users/aj9225/Local/meta-learning-ecological-priors-from-llms/functionlearning/data/cause-effects/pairs/pair0043.txt,6,286.15749999999997,296.58875,density,3534516177
43,21,[244.97],247.22,244.97,247.22,"year 2000, day 50","year 2000, day 51","year 2000, day 50","year 2000, day 51",pair0043,/Users/aj9225/Local/meta-learning-ecological-priors-from-llms/functionlearning/data/cause-effects/pairs/pair0043.txt,2,244.4325,254.86374999999998,density,3534516177
43,22,[292.82],293.75,292.82,293.75,"year 2000, day 50","year 2000, day 51","year 2000, day 50","year 2000, day 51",pair0043,/Users/aj9225/Local/meta-learning-ecological-priors-from-llms/functionlearning/data/cause-effects/pairs/pair0043.txt,6,286.15749999999997,296.58875,density,3534516177
43,23,[243.37],244.22,243.37,244.22,"year 2000, day 50","year 2000, day 51","year 2000, day 50","year 2000, day 51",pair0043,/Users/aj9225/Local/meta-learning-ecological-priors-from-llms/functionlearning/data/cause-effects/pairs/pair0043.txt,1,234.00125,244.4325,density,3534516177
44,0,[81300.0],81510.0,81300.0,81510.0,"year 2000, day 50","year 2000, day 51","year 2000, day 50","year 2000, day 51",pair0044,/Users/aj9225/Local/meta-learning-ecological-priors-from-llms/functionlearning/data/cause-effects/pairs/pair0044.txt,4,79000.0,86382.5,density,4074418349
44,1,[59370.0],59110.0,59370.0,59110.0,"year 2000, day 50","year 2000, day 51","year 2000, day 50","year 2000, day 51",pair0044,/Users/aj9225/Local/meta-learning-ecological-priors-from-llms/functionlearning/data/cause-effects/pairs/pair0044.txt,1,56852.5,64235.0,coverage,4074418349
44,2,[101100.0],99850.0,101100.0,99850.0,"year 2000, day 50","year 2000, day 51","year 2000, day 50","year 2000, day 51",pair0044,/Users/aj9225/Local/meta-learning-ecological-priors-from-llms/functionlearning/data/cause-effects/pairs/pair0044.txt,6,93765.0,101147.5,density,4074418349
44,3,[96980.0],97740.0,96980.0,97740.0,"year 2000, day 50","year 2000, day 51","year 2000, day 50","year 2000, day 51",pair0044,/Users/aj9225/Local/meta-learning-ecological-priors-from-llms/functionlearning/data/cause-effects/pairs/pair0044.txt,6,93765.0,101147.5,density,4074418349
44,4,[73530.0],72660.0,73530.0,72660.0,"year 2000, day 50","year 2000, day 51","year 2000, day 50","year 2000, day 51",pair0044,/Users/aj9225/Local/meta-learning-ecological-priors-from-llms/functionlearning/data/cause-effects/pairs/pair0044.txt,3,71617.5,79000.0,coverage,4074418349
44,5,[101220.0],101220.0,101220.0,101220.0,"year 2000, day 50","year 2000, day 51","year 2000, day 50","year 2000, day 51",pair0044,/Users/aj9225/Local/meta-learning-ecological-priors-from-llms/functionlearning/data/cause-effects/pairs/pair0044.txt,7,101147.5,108530.0,coverage,4074418349
44,6,[102340.0],101490.0,102340.0,101490.0,"year 2000, day 50","year 2000, day 51","year 2000, day 50","year 2000, day 51",pair0044,/Users/aj9225/Local/meta-learning-ecological-priors-from-llms/functionlearning/data/cause-effects/pairs/pair0044.txt,7,101147.5,108530.0,density,4074418349
44,7,[97460.0],97590.0,97460.0,97590.0,"year 2000, day 50","year 2000, day 51","year 2000, day 50","year 2000, day 51",pair0044,/Users/aj9225/Local/meta-learning-ecological-priors-from-llms/functionlearning/data/cause-effects/pairs/pair0044.txt,6,93765.0,101147.5,density,4074418349
44,8,[53320.0],53240.0,53320.0,53240.0,"year 2000, day 50","year 2000, day 51","year 2000, day 50","year 2000, day 51",pair0044,/Users/aj9225/Local/meta-learning-ecological-priors-from-llms/functionlearning/data/cause-effects/pairs/pair0044.txt,0,49470.0,56852.5,coverage,4074418349
44,9,[103430.0],103320.0,103430.0,103320.0,"year 2000, day 50","year 2000, day 51","year 2000, day 50","year 2000, day 51",pair0044,/Users/aj9225/Local/meta-learning-ecological-priors-from-llms/functionlearning/data/cause-effects/pairs/pair0044.txt,7,101147.5,108530.0,density,4074418349
44,10,[102420.0],101610.0,102420.0,101610.0,"year 2000, day 50","year 2000, day 51","year 2000, day 50","year 2000, day 51",pair0044,/Users/aj9225/Local/meta-learning-ecological-priors-from-llms/functionlearning/data/cause-effects/pairs/pair0044.txt,7,101147.5,108530.0,density,4074418349
44,11,[102510.0],103230.0,102510.0,103230.0,"year 2000, day 50","year 2000, day 51","year 2000, day 50","year 2000, day 51",pair0044,/Users/aj9225/Local/meta-learning-ecological-priors-from-llms/functionlearning/data/cause-effects/pairs/pair0044.txt,7,101147.5,108530.0,density,4074418349
44,12,[99540.0],100560.0,99540.0,100560.0,"year 2000, day 50","year 2000, day 51","year 2000, day 50","year 2000, day 51",pair0044,/Users/aj9225/Local/meta-learning-ecological-priors-from-llms/functionlearning/data/cause-effects/pairs/pair0044.txt,6,93765.0,101147.5,coverage,4074418349
44,13,[81230.0],80970.0,81230.0,80970.0,"year 2000, day 50","year 2000, day 51","year 2000, day 50","year 2000, day 51",pair0044,/Users/aj9225/Local/meta-learning-ecological-priors-from-llms/functionlearning/data/cause-effects/pairs/pair0044.txt,4,79000.0,86382.5,coverage,4074418349
44,14,[89120.0],88920.0,89120.0,88920.0,"year 2000, day 50","year 2000, day 51","year 2000, day 50","year 2000, day 51",pair0044,/Users/aj9225/Local/meta-learning-ecological-priors-from-llms/functionlearning/data/cause-effects/pairs/pair0044.txt,5,86382.5,93765.0,coverage,4074418349
44,15,[71490.0],71460.0,71490.0,71460.0,"year 2000, day 50","year 2000, day 51","year 2000, day 50","year 2000, day 51",pair0044,/Users/aj9225/Local/meta-learning-ecological-priors-from-llms/functionlearning/data/cause-effects/pairs/pair0044.txt,2,64235.0,71617.5,density,4074418349
44,16,[98900.0],100810.0,98900.0,100810.0,"year 2000, day 50","year 2000, day 51","year 2000, day 50","year 2000, day 51",pair0044,/Users/aj9225/Local/meta-learning-ecological-priors-from-llms/functionlearning/data/cause-effects/pairs/pair0044.txt,6,93765.0,101147.5,density,4074418349
44,17,[102290.0],102480.0,102290.0,102480.0,"year 2000, day 50","year 2000, day 51","year 2000, day 50","year 2000, day 51",pair0044,/Users/aj9225/Local/meta-learning-ecological-priors-from-llms/functionlearning/data/cause-effects/pairs/pair0044.txt,7,101147.5,108530.0,density,4074418349
44,18,[90190.0],90320.0,90190.0,90320.0,"year 2000, day 50","year 2000, day 51","year 2000, day 50","year 2000, day 51",pair0044,/Users/aj9225/Local/meta-learning-ecological-priors-from-llms/functionlearning/data/cause-effects/pairs/pair0044.txt,5,86382.5,93765.0,density,4074418349
44,19,[96530.0],97100.0,96530.0,97100.0,"year 2000, day 50","year 2000, day 51","year 2000, day 50","year 2000, day 51",pair0044,/Users/aj9225/Local/meta-learning-ecological-priors-from-llms/functionlearning/data/cause-effects/pairs/pair0044.txt,6,93765.0,101147.5,density,4074418349
44,20,[69130.0],68990.0,69130.0,68990.0,"year 2000, day 50","year 2000, day 51","year 2000, day 50","year 2000, day 51",pair0044,/Users/aj9225/Local/meta-learning-ecological-priors-from-llms/functionlearning/data/cause-effects/pairs/pair0044.txt,2,64235.0,71617.5,coverage,4074418349
44,21,[98290.0],98480.0,98290.0,98480.0,"year 2000, day 50","year 2000, day 51","year 2000, day 50","year 2000, day 51",pair0044,/Users/aj9225/Local/meta-learning-ecological-priors-from-llms/functionlearning/data/cause-effects/pairs/pair0044.txt,6,93765.0,101147.5,density,4074418349
44,22,[101450.0],101940.0,101450.0,101940.0,"year 2000, day 50","year 2000, day 51","year 2000, day 50","year 2000, day 51",pair0044,/Users/aj9225/Local/meta-learning-ecological-priors-from-llms/functionlearning/data/cause-effects/pairs/pair0044.txt,7,101147.5,108530.0,density,4074418349
44,23,[100550.0],100270.0,100550.0,100270.0,"year 2000, day 50","year 2000, day 51","year 2000, day 50","year 2000, day 51",pair0044,/Users/aj9225/Local/meta-learning-ecological-priors-from-llms/functionlearning/data/cause-effects/pairs/pair0044.txt,6,93765.0,101147.5,density,4074418349
45,0,[101160.0],101197.0,101160.0,101197.0,"year 2000, day 50","year 2000, day 51","year 2000, day 50","year 2000, day 51",pair0045,/Users/aj9225/Local/meta-learning-ecological-priors-from-llms/functionlearning/data/cause-effects/pairs/pair0045.txt,4,100228.5,101169.375,density,1070428840
45,1,[100950.0],100787.0,100950.0,100787.0,"year 2000, day 50","year 2000, day 51","year 2000, day 50","year 2000, day 51",pair0045,/Users/aj9225/Local/meta-learning-ecological-priors-from-llms/functionlearning/data/cause-effects/pairs/pair0045.txt,4,100228.5,101169.375,coverage,1070428840
45,2,[101130.0],102030.0,101130.0,102030.0,"year 2000, day 50","year 2000, day 51","year 2000, day 50","year 2000, day 51",pair0045,/Users/aj9225/Local/meta-learning-ecological-priors-from-llms/functionlearning/data/cause-effects/pairs/pair0045.txt,4,100228.5,101169.375,density,1070428840
45,3,[102780.0],102905.0,102780.0,102905.0,"year 2000, day 50","year 2000, day 51","year 2000, day 50","year 2000, day 51",pair0045,/Users/aj9225/Local/meta-learning-ecological-priors-from-llms/functionlearning/data/cause-effects/pairs/pair0045.txt,6,102110.25,103051.125,density,1070428840
45,4,[99820.0],99180.0,99820.0,99180.0,"year 2000, day 50","year 2000, day 51","year 2000, day 50","year 2000, day 51",pair0045,/Users/aj9225/Local/meta-learning-ecological-priors-from-llms/functionlearning/data/cause-effects/pairs/pair0045.txt,3,99287.625,100228.5,coverage,1070428840
45,5,[101087.0],100300.0,101087.0,100300.0,"year 2000, day 50","year 2000, day 51","year 2000, day 50","year 2000, day 51",pair0045,/Users/aj9225/Local/meta-learning-ecological-priors-from-llms/functionlearning/data/cause-effects/pairs/pair0045.txt,4,100228.5,101169.375,density,1070428840
45,6,[102195.0],101155.0,102195.0,101155.0,"year 2000, day 50","year 2000, day 51","year 2000, day 50","year 2000, day 51",pair0045,/Users/aj9225/Local/meta-learning-ecological-priors-from-llms/functionlearning/data/cause-effects/pairs/pair0045.txt,6,102110.25,103051.125,density,1070428840
45,7,[98255.0],98747.0,98255.0,98747.0,"year 2000, day 50","year 2000, day 51","year 2000, day 50","year 2000, day 51",pair0045,/Users/aj9225/Local/meta-learning-ecological-priors-from-llms/functionlearning/data/cause-effects/pairs/pair0045.txt,1,97405.875,98346.75,coverage,1070428840
45,8,[99327.0],99550.0,99327.0,99550.0,"year 2000, day 50","year 2000, day 51","year 2000, day 50","year 2000, day 51",pair0045,/Users/aj9225/Local/meta-learning-ecological-priors-from-llms/functionlearning/data/cause-effects/pairs/pair0045.txt,3,99287.625,100228.5,density,1070428840
45,9,[103302.0],103057.0,103302.0,103057.0,"year 2000, day 50","year 2000, day 51","year 2000, day 50","year 2000, day 51",pair0045,/Users/aj9225/Local/meta-learning-ecological-priors-from-llms/functionlearning/data/cause-effects/pairs/pair0045.txt,7,103051.125,103992.0,density,1070428840
45,10,[96987.0],97895.0,96987.0,97895.0,"year 2000, day 50","year 2000, day 51","year 2000, day 50","year 2000, day 51",pair0045,/Users/aj9225/Local/meta-learning-ecological-priors-from-llms/functionlearning/data/cause-effects/pairs/pair0045.txt,0,96465.0,97405.875,coverage,1070428840
45,11,[101235.0],101262.0,101235.0,101262.0,"year 2000, day 50","year 2000, day 51","year 2000, day 50","year 2000, day 51",pair0045,/Users/aj9225/Local/meta-learning-ecological-priors-from-llms/functionlearning/data/cause-effects/pairs/pair0045.txt,5,101169.375,102110.25,density,1070428840
45,12,[100957.0],101562.0,100957.0,101562.0,"year 2000, day 50","year 2000, day 51","year 2000, day 50","year 2000, day 51",pair0045,/Users/aj9225/Local/meta-learning-ecological-priors-from-llms/functionlearning/data/cause-effects/pairs/pair0045.txt,4,100228.5,101169.375,density,1070428840
45,13,[101285.0],100845.0,101285.0,100845.0,"year 2000, day 50","year 2000, day 51","year 2000, day 50","year 2000, day 51",pair0045,/Users/aj9225/Local/meta-learning-ecological-priors-from-llms/functionlearning/data/cause-effects/pairs/pair0045.txt,5,101169.375,102110.25,density,1070428840
45,14,[99167.0],99467.0,99167.0,99467.0,"year 2000, day 50","year 2000, day 51","year 2000, day 50","year 2000, day 51",pair0045,/Users/aj9225/Local/meta-learning-ecological-priors-from-llms/functionlearning/data/cause-effects/pairs/pair0045.txt,2,98346.75,99287.625,density,1070428840
45,15,[101290.0],101452.0,101290.0,101452.0,"year 2000, day 50","year 2000, day 51","year 2000, day 50","year 2000, day 51",pair0045,/Users/aj9225/Local/meta-learning-ecological-priors-from-llms/functionlearning/data/cause-effects/pairs/pair0045.txt,5,101169.375,102110.25,coverage,1070428840
45,16,[98677.0],98915.0,98677.0,98915.0,"year 2000, day 50","year 2000, day 51","year 2000, day 50","year 2000, day 51",pair0045,/Users/aj9225/Local/meta-learning-ecological-priors-from-llms/functionlearning/data/cause-effects/pairs/pair0045.txt,2,98346.75,99287.625,coverage,1070428840
45,17,[102135.0],102055.0,102135.0,102055.0,"year 2000, day 50","year 2000, day 51","year 2000, day 50","year 2000, day 51",pair0045,/Users/aj9225/Local/meta-learning-ecological-priors-from-llms/functionlearning/data/cause-effects/pairs/pair0045.txt,6,102110.25,103051.125,density,1070428840
45,18,[98177.0],98085.0,98177.0,98085.0,"year 2000, day 50","year 2000, day 51","year 2000, day 50","year 2000, day 51",pair0045,/Users/aj9225/Local/meta-learning-ecological-priors-from-llms/functionlearning/data/cause-effects/pairs/pair0045.txt,1,97405.875,98346.75,density,1070428840
45,19,[101407.0],101640.0,101407.0,101640.0,"year 2000, day 50","year 2000, day 51","year 2000, day 50","year 2000, day 51",pair0045,/Users/aj9225/Local/meta-learning-ecological-priors-from-llms/functionlearning/data/cause-effects/pairs/pair0045.txt,5,101169.375,102110.25,density,1070428840
45,20,[103217.0],103110.0,103217.0,103110.0,"year 2000, day 50","year 2000, day 51","year 2000, day 50","year 2000, day 51",pair0045,/Users/aj9225/Local/meta-learning-ecological-priors-from-llms/functionlearning/data/cause-effects/pairs/pair0045.txt,7,103051.125,103992.0,coverage,1070428840
45,21,[101365.0],101300.0,101365.0,101300.0,"year 2000, day 50","year 2000, day 51","year 2000, day 50","year 2000, day 51",pair0045,/Users/aj9225/Local/meta-learning-ecological-priors-from-llms/functionlearning/data/cause-effects/pairs/pair0045.txt,5,101169.375,102110.25,density,1070428840
45,22,[102067.0],101982.0,102067.0,101982.0,"year 2000, day 50","year 2000, day 51","year 2000, day 50","year 2000, day 51",pair0045,/Users/aj9225/Local/meta-learning-ecological-priors-from-llms/functionlearning/data/cause-effects/pairs/pair0045.txt,5,101169.375,102110.25,density,1070428840
45,23,[102745.0],102895.0,102745.0,102895.0,"year 2000, day 50","year 2000, day 51","year 2000, day 50","year 2000, day 51",pair0045,/Users/aj9225/Local/meta-learning-ecological-priors-from-llms/functionlearning/data/cause-effects/pairs/pair0045.txt,6,102110.25,103051.125,coverage,1070428840
56,0,[40.0],-17.82,40.0,-17.82,"life expectancy at birth for different countries, female, 2000-2005",latitude of the country's capital,"life expectancy at birth for different countries, female, 2000-2005",latitude of the country's capital,pair0056,/Users/aj9225/Local/meta-learning-ecological-priors-from-llms/functionlearning/data/cause-effects/pairs/pair0056.txt,0,39.0,44.75,coverage,1339305887
56,1,[81.0],37.51,81.0,37.51,"life expectancy at birth for different countries, female, 2000-2005",latitude of the country's capital,"life expectancy at birth for different countries, female, 2000-2005",latitude of the country's capital,pair0056,/Users/aj9225/Local/meta-learning-ecological-priors-from-llms/functionlearning/data/cause-effects/pairs/pair0056.txt,7,79.25,85.0,density,1339305887
56,2,[74.0],25.4,74.0,25.4,"life expectancy at birth for different countries, female, 2000-2005",latitude of the country's capital,"life expectancy at birth for different countries, female, 2000-2005",latitude of the country's capital,pair0056,/Users/aj9225/Local/meta-learning-ecological-priors-from-llms/functionlearning/data/cause-effects/pairs/pair0056.txt,6,73.5,79.25,density,1339305887
56,3,[52.0],12.11,52.0,12.11,"life expectancy at birth for different countries, female, 2000-2005",latitude of the country's capital,"life expectancy at birth for different countries, female, 2000-2005",latitude of the country's capital,pair0056,/Users/aj9225/Local/meta-learning-ecological-priors-from-llms/functionlearning/data/cause-effects/pairs/pair0056.txt,2,50.5,56.25,coverage,1339305887
56,4,[76.0],12.52,76.0,12.52,"life expectancy at birth for different countries, female, 2000-2005",latitude of the country's capital,"life expectancy at birth for different countries, female, 2000-2005",latitude of the country's capital,pair0056,/Users/aj9225/Local/meta-learning-ecological-priors-from-llms/functionlearning/data/cause-effects/pairs/pair0056.txt,6,73.5,79.25,density,1339305887
56,5,[82.0],16.0,82.0,16.0,"life expectancy at birth for different countries, female, 2000-2005",latitude of the country's capital,"life expectancy at birth for different countries, female, 2000-2005",latitude of the country's capital,pair0056,/Users/aj9225/Local/meta-learning-ecological-priors-from-llms/functionlearning/data/cause-effects/pairs/pair0056.txt,7,79.25,85.0,coverage,1339305887
56,6,[82.0],22.18,82.0,22.18,"life expectancy at birth for different countries, female, 2000-2005",latitude of the country's capital,"life expectancy at birth for different countries, female, 2000-2005",latitude of the country's capital,pair0056,/Users/aj9225/Local/meta-learning-ecological-priors-from-llms/functionlearning/data/cause-effects/pairs/pair0056.txt,7,79.25,85.0,density,1339305887
56,7,[49.0],-3.38,49.0,-3.38,"life expectancy at birth for different countries, female, 2000-2005",latitude of the country's capital,"life expectancy at birth for different countries, female, 2000-2005",latitude of the country's capital,pair0056,/Users/aj9225/Local/meta-learning-ecological-priors-from-llms/functionlearning/data/cause-effects/pairs/pair0056.txt,1,44.75,50.5,coverage,1339305887
56,8,[58.0],0.39,58.0,0.39,"life expectancy at birth for different countries, female, 2000-2005",latitude of the country's capital,"life expectancy at birth for different countries, female, 2000-2005",latitude of the country's capital,pair0056,/Users/aj9225/Local/meta-learning-ecological-priors-from-llms/functionlearning/data/cause-effects/pairs/pair0056.txt,3,56.25,62.0,density,1339305887
56,9,[59.0],-8.57,59.0,-8.57,"life expectancy at birth for different countries, female, 2000-2005",latitude of the country's capital,"life expectancy at birth for different countries, female, 2000-2005",latitude of the country's capital,pair0056,/Users/aj9225/Local/meta-learning-ecological-priors-from-llms/functionlearning/data/cause-effects/pairs/pair0056.txt,3,56.25,62.0,coverage,1339305887
56,10,[76.0],42.0,76.0,42.0,"life expectancy at birth for different countries, female, 2000-2005",latitude of the country's capital,"life expectancy at birth for different countries, female, 2000-2005",latitude of the country's capital,pair0056,/Users/aj9225/Local/meta-learning-ecological-priors-from-llms/functionlearning/data/cause-effects/pairs/pair0056.txt,6,73.5,79.25,coverage,1339305887
56,11,[64.0],28.63,64.0,28.63,"life expectancy at birth for different countries, female, 2000-2005",latitude of the country's capital,"life expectancy at birth for different countries, female, 2000-2005",latitude of the country's capital,pair0056,/Users/aj9225/Local/meta-learning-ecological-priors-from-llms/functionlearning/data/cause-effects/pairs/pair0056.txt,4,62.0,67.75,density,1339305887
56,12,[45.0],-26.32,45.0,-26.32,"life expectancy at birth for different countries, female, 2000-2005",latitude of the country's capital,"life expectancy at birth for different countries, female, 2000-2005",latitude of the country's capital,pair0056,/Users/aj9225/Local/meta-learning-ecological-priors-from-llms/functionlearning/data/cause-effects/pairs/pair0056.txt,1,44.75,50.5,density,1339305887
56,13,[62.0],15.36,62.0,15.36,"life expectancy at birth for different countries, female, 2000-2005",latitude of the country's capital,"life expectancy at birth for different countries, female, 2000-2005",latitude of the country's capital,pair0056,/Users/aj9225/Local/meta-learning-ecological-priors-from-llms/functionlearning/data/cause-effects/pairs/pair0056.txt,4,62.0,67.75,density,1339305887
56,14,[70.0],41.32,70.0,41.32,"life expectancy at birth for different countries, female, 2000-2005",latitude of the country's capital,"life expectancy at birth for different countries, female, 2000-2005",latitude of the country's capital,pair0056,/Users/aj9225/Local/meta-learning-ecological-priors-from-llms/functionlearning/data/cause-effects/pairs/pair0056.txt,5,67.75,73.5,density,1339305887
56,15,[72.0],55.76,72.0,55.76,"life expectancy at birth for different countries, female, 2000-2005",latitude of the country's capital,"life expectancy at birth for different countries, female, 2000-2005",latitude of the country's capital,pair0056,/Users/aj9225/Local/meta-learning-ecological-priors-from-llms/functionlearning/data/cause-effects/pairs/pair0056.txt,5,67.75,73.5,density,1339305887
56,16,[72.0],5.82,72.0,5.82,"life expectancy at birth for different countries, female, 2000-2005",latitude of the country's capital,"life expectancy at birth for different countries, female, 2000-2005",latitude of the country's capital,pair0056,/Users/aj9225/Local/meta-learning-ecological-priors-from-llms/functionlearning/data/cause-effects/pairs/pair0056.txt,5,67.75,73.5,density,1339305887
56,17,[74.0],31.14,74.0,31.14,"life expectancy at birth for different countries, female, 2000-2005",latitude of the country's capital,"life expectancy at birth for different countries, female, 2000-2005",latitude of the country's capital,pair0056,/Users/aj9225/Local/meta-learning-ecological-priors-from-llms/functionlearning/data/cause-effects/pairs/pair0056.txt,6,73.5,79.25,density,1339305887
56,18,[81.0],49.61,81.0,49.61,"life expectancy at birth for different countries, female, 2000-2005",latitude of the country's capital,"life expectancy at birth for different countries, female, 2000-2005",latitude of the country's capital,pair0056,/Users/aj9225/Local/meta-learning-ecological-priors-from-llms/functionlearning/data/cause-effects/pairs/pair0056.txt,7,79.25,85.0,density,1339305887
56,19,[64.0],14.7,64.0,14.7,"life expectancy at birth for different countries, female, 2000-2005",latitude of the country's capital,"life expectancy at birth for different countries, female, 2000-2005",latitude of the country's capital,pair0056,/Users/aj9225/Local/meta-learning-ecological-priors-from-llms/functionlearning/data/cause-effects/pairs/pair0056.txt,4,62.0,67.75,coverage,1339305887
56,20,[77.0],47.5,77.0,47.5,"life expectancy at birth for different countries, female, 2000-2005",latitude of the country's capital,"life expectancy at birth for different countries, female, 2000-2005",latitude of the country's capital,pair0056,/Users/aj9225/Local/meta-learning-ecological-priors-from-llms/functionlearning/data/cause-effects/pairs/pair0056.txt,6,73.5,79.25,density,1339305887
56,21,[72.0],-12.09,72.0,-12.09,"life expectancy at birth for different countries, female, 2000-2005",latitude of the country's capital,"life expectancy at birth for different countries, female, 2000-2005",latitude of the country's capital,pair0056,/Users/aj9225/Local/meta-learning-ecological-priors-from-llms/functionlearning/data/cause-effects/pairs/pair0056.txt,5,67.75,73.5,coverage,1339305887
56,22,[54.0],12.65,54.0,12.65,"life expectancy at birth for different countries, female, 2000-2005",latitude of the country's capital,"life expectancy at birth for different countries, female, 2000-2005",latitude of the country's capital,pair0056,/Users/aj9225/Local/meta-learning-ecological-priors-from-llms/functionlearning/data/cause-effects/pairs/pair0056.txt,2,50.5,56.25,density,1339305887
56,23,[75.0],33.52,75.0,33.52,"life expectancy at birth for different countries, female, 2000-2005",latitude of the country's capital,"life expectancy at birth for different countries, female, 2000-2005",latitude of the country's capital,pair0056,/Users/aj9225/Local/meta-learning-ecological-priors-from-llms/functionlearning/data/cause-effects/pairs/pair0056.txt,6,73.5,79.25,density,1339305887
64,0,[90.0],78.0,90.0,78.0,"Population with sustainable access to improved drinking water sources (%) total, 2006","Infant mortality rate (per 1 000 live births) both sexes, 2006","Population with sustainable access to improved drinking water sources (%) total, 2006","Infant mortality rate (per 1 000 live births) both sexes, 2006",pair0064,/Users/aj9225/Local/meta-learning-ecological-priors-from-llms/functionlearning/data/cause-effects/pairs/pair0064.txt,6,80.5,90.25,coverage,3732435015
64,1,[88.0],20.0,88.0,20.0,"Population with sustainable access to improved drinking water sources (%) total, 2006","Infant mortality rate (per 1 000 live births) both sexes, 2006","Population with sustainable access to improved drinking water sources (%) total, 2006","Infant mortality rate (per 1 000 live births) both sexes, 2006",pair0064,/Users/aj9225/Local/meta-learning-ecological-priors-from-llms/functionlearning/data/cause-effects/pairs/pair0064.txt,6,80.5,90.25,density,3732435015
64,2,[99.0],28.0,99.0,28.0,"Population with sustainable access to improved drinking water sources (%) total, 2006","Infant mortality rate (per 1 000 live births) both sexes, 2006","Population with sustainable access to improved drinking water sources (%) total, 2006","Infant mortality rate (per 1 000 live births) both sexes, 2006",pair0064,/Users/aj9225/Local/meta-learning-ecological-priors-from-llms/functionlearning/data/cause-effects/pairs/pair0064.txt,7,90.25,100.0,density,3732435015
64,3,[95.0],29.0,95.0,29.0,"Population with sustainable access to improved drinking water sources (%) total, 2006","Infant mortality rate (per 1 000 live births) both sexes, 2006","Population with sustainable access to improved drinking water sources (%) total, 2006","Infant mortality rate (per 1 000 live births) both sexes, 2006",pair0064,/Users/aj9225/Local/meta-learning-ecological-priors-from-llms/functionlearning/data/cause-effects/pairs/pair0064.txt,7,90.25,100.0,density,3732435015
64,4,[46.0],129.0,46.0,129.0,"Population with sustainable access to improved drinking water sources (%) total, 2006","Infant mortality rate (per 1 000 live births) both sexes, 2006","Population with sustainable access to improved drinking water sources (%) total, 2006","Infant mortality rate (per 1 000 live births) both sexes, 2006",pair0064,/Users/aj9225/Local/meta-learning-ecological-priors-from-llms/functionlearning/data/cause-effects/pairs/pair0064.txt,2,41.5,51.25,coverage,3732435015
64,5,[60.0],59.0,60.0,59.0,"Population with sustainable access to improved drinking water sources (%) total, 2006","Infant mortality rate (per 1 000 live births) both sexes, 2006","Population with sustainable access to improved drinking water sources (%) total, 2006","Infant mortality rate (per 1 000 live births) both sexes, 2006",pair0064,/Users/aj9225/Local/meta-learning-ecological-priors-from-llms/functionlearning/data/cause-effects/pairs/pair0064.txt,3,51.25,61.0,density,3732435015
64,6,[89.0],57.0,89.0,57.0,"Population with sustainable access to improved drinking water sources (%) total, 2006","Infant mortality rate (per 1 000 live births) both sexes, 2006","Population with sustainable access to improved drinking water sources (%) total, 2006","Infant mortality rate (per 1 000 live births) both sexes, 2006",pair0064,/Users/aj9225/Local/meta-learning-ecological-priors-from-llms/functionlearning/data/cause-effects/pairs/pair0064.txt,6,80.5,90.25,density,3732435015
64,7,[97.0],15.0,97.0,15.0,"Population with sustainable access to improved drinking water sources (%) total, 2006","Infant mortality rate (per 1 000 live births) both sexes, 2006","Population with sustainable access to improved drinking water sources (%) total, 2006","Infant mortality rate (per 1 000 live births) both sexes, 2006",pair0064,/Users/aj9225/Local/meta-learning-ecological-priors-from-llms/functionlearning/data/cause-effects/pairs/pair0064.txt,7,90.25,100.0,density,3732435015
64,8,[29.0],90.0,29.0,90.0,"Population with sustainable access to improved drinking water sources (%) total, 2006","Infant mortality rate (per 1 000 live births) both sexes, 2006","Population with sustainable access to improved drinking water sources (%) total, 2006","Infant mortality rate (per 1 000 live births) both sexes, 2006",pair0064,/Users/aj9225/Local/meta-learning-ecological-priors-from-llms/functionlearning/data/cause-effects/pairs/pair0064.txt,0,22.0,31.75,coverage,3732435015
64,9,[100.0],42.0,100.0,42.0,"Population with sustainable access to improved drinking water sources (%) total, 2006","Infant mortality rate (per 1 000 live births) both sexes, 2006","Population with sustainable access to improved drinking water sources (%) total, 2006","Infant mortality rate (per 1 000 live births) both sexes, 2006",pair0064,/Users/aj9225/Local/meta-learning-ecological-priors-from-llms/functionlearning/data/cause-effects/pairs/pair0064.txt,7,90.25,100.0,density,3732435015
64,10,[100.0],34.0,100.0,34.0,"Population with sustainable access to improved drinking water sources (%) total, 2006","Infant mortality rate (per 1 000 live births) both sexes, 2006","Population with sustainable access to improved drinking water sources (%) total, 2006","Infant mortality rate (per 1 000 live births) both sexes, 2006",pair0064,/Users/aj9225/Local/meta-learning-ecological-priors-from-llms/functionlearning/data/cause-effects/pairs/pair0064.txt,7,90.25,100.0,density,3732435015
64,11,[42.0],148.0,42.0,148.0,"Population with sustainable access to improved drinking water sources (%) total, 2006","Infant mortality rate (per 1 000 live births) both sexes, 2006","Population with sustainable access to improved drinking water sources (%) total, 2006","Infant mortality rate (per 1 000 live births) both sexes, 2006",pair0064,/Users/aj9225/Local/meta-learning-ecological-priors-from-llms/functionlearning/data/cause-effects/pairs/pair0064.txt,2,41.5,51.25,density,3732435015
64,12,[99.0],17.0,99.0,17.0,"Population with sustainable access to improved drinking water sources (%) total, 2006","Infant mortality rate (per 1 000 live births) both sexes, 2006","Population with sustainable access to improved drinking water sources (%) total, 2006","Infant mortality rate (per 1 000 live births) both sexes, 2006",pair0064,/Users/aj9225/Local/meta-learning-ecological-priors-from-llms/functionlearning/data/cause-effects/pairs/pair0064.txt,7,90.25,100.0,density,3732435015
64,13,[62.0],47.0,62.0,47.0,"Population with sustainable access to improved drinking water sources (%) total, 2006","Infant mortality rate (per 1 000 live births) both sexes, 2006","Population with sustainable access to improved drinking water sources (%) total, 2006","Infant mortality rate (per 1 000 live births) both sexes, 2006",pair0064,/Users/aj9225/Local/meta-learning-ecological-priors-from-llms/functionlearning/data/cause-effects/pairs/pair0064.txt,4,61.0,70.75,coverage,3732435015
64,14,[93.0],46.0,93.0,46.0,"Population with sustainable access to improved drinking water sources (%) total, 2006","Infant mortality rate (per 1 000 live births) both sexes, 2006","Population with sustainable access to improved drinking water sources (%) total, 2006","Infant mortality rate (per 1 000 live births) both sexes, 2006",pair0064,/Users/aj9225/Local/meta-learning-ecological-priors-from-llms/functionlearning/data/cause-effects/pairs/pair0064.txt,7,90.25,100.0,coverage,3732435015
64,15,[40.0],54.0,40.0,54.0,"Population with sustainable access to improved drinking water sources (%) total, 2006","Infant mortality rate (per 1 000 live births) both sexes, 2006","Population with sustainable access to improved drinking water sources (%) total, 2006","Infant mortality rate (per 1 000 live births) both sexes, 2006",pair0064,/Users/aj9225/Local/meta-learning-ecological-priors-from-llms/functionlearning/data/cause-effects/pairs/pair0064.txt,1,31.75,41.5,coverage,3732435015
64,16,[98.0],21.0,98.0,21.0,"Population with sustainable access to improved drinking water sources (%) total, 2006","Infant mortality rate (per 1 000 live births) both sexes, 2006","Population with sustainable access to improved drinking water sources (%) total, 2006","Infant mortality rate (per 1 000 live births) both sexes, 2006",pair0064,/Users/aj9225/Local/meta-learning-ecological-priors-from-llms/functionlearning/data/cause-effects/pairs/pair0064.txt,7,90.25,100.0,density,3732435015
64,17,[77.0],37.0,77.0,37.0,"Population with sustainable access to improved drinking water sources (%) total, 2006","Infant mortality rate (per 1 000 live births) both sexes, 2006","Population with sustainable access to improved drinking water sources (%) total, 2006","Infant mortality rate (per 1 000 live births) both sexes, 2006",pair0064,/Users/aj9225/Local/meta-learning-ecological-priors-from-llms/functionlearning/data/cause-effects/pairs/pair0064.txt,5,70.75,80.5,density,3732435015
64,18,[81.0],63.0,81.0,63.0,"Population with sustainable access to improved drinking water sources (%) total, 2006","Infant mortality rate (per 1 000 live births) both sexes, 2006","Population with sustainable access to improved drinking water sources (%) total, 2006","Infant mortality rate (per 1 000 live births) both sexes, 2006",pair0064,/Users/aj9225/Local/meta-learning-ecological-priors-from-llms/functionlearning/data/cause-effects/pairs/pair0064.txt,6,80.5,90.25,density,3732435015
64,19,[59.0],69.0,59.0,69.0,"Population with sustainable access to improved drinking water sources (%) total, 2006","Infant mortality rate (per 1 000 live births) both sexes, 2006","Population with sustainable access to improved drinking water sources (%) total, 2006","Infant mortality rate (per 1 000 live births) both sexes, 2006",pair0064,/Users/aj9225/Local/meta-learning-ecological-priors-from-llms/functionlearning/data/cause-effects/pairs/pair0064.txt,3,51.25,61.0,coverage,3732435015
64,20,[80.0],52.0,80.0,52.0,"Population with sustainable access to improved drinking water sources (%) total, 2006","Infant mortality rate (per 1 000 live births) both sexes, 2006","Population with sustainable access to improved drinking water sources (%) total, 2006","Infant mortality rate (per 1 000 live births) both sexes, 2006",pair0064,/Users/aj9225/Local/meta-learning-ecological-priors-from-llms/functionlearning/data/cause-effects/pairs/pair0064.txt,5,70.75,80.5,coverage,3732435015
64,21,[80.0],74.0,80.0,74.0,"Population with sustainable access to improved drinking water sources (%) total, 2006","Infant mortality rate (per 1 000 live births) both sexes, 2006","Population with sustainable access to improved drinking water sources (%) total, 2006","Infant mortality rate (per 1 000 live births) both sexes, 2006",pair0064,/Users/aj9225/Local/meta-learning-ecological-priors-from-llms/functionlearning/data/cause-effects/pairs/pair0064.txt,5,70.75,80.5,density,3732435015
64,22,[99.0],10.0,99.0,10.0,"Population with sustainable access to improved drinking water sources (%) total, 2006","Infant mortality rate (per 1 000 live births) both sexes, 2006","Population with sustainable access to improved drinking water sources (%) total, 2006","Infant mortality rate (per 1 000 live births) both sexes, 2006",pair0064,/Users/aj9225/Local/meta-learning-ecological-priors-from-llms/functionlearning/data/cause-effects/pairs/pair0064.txt,7,90.25,100.0,density,3732435015
64,23,[65.0],65.0,65.0,65.0,"Population with sustainable access to improved drinking water sources (%) total, 2006","Infant mortality rate (per 1 000 live births) both sexes, 2006","Population with sustainable access to improved drinking water sources (%) total, 2006","Infant mortality rate (per 1 000 live births) both sexes, 2006",pair0064,/Users/aj9225/Local/meta-learning-ecological-priors-from-llms/functionlearning/data/cause-effects/pairs/pair0064.txt,4,61.0,70.75,density,3732435015
66,0,[-0.0047365305],-0.0084121977,-0.0047365305,-0.0084121977,stock returns of Hutchison (0013.HK),stock return of Cheung kong (0001.HK),stock returns of Hutchison (0013.HK),stock return of Cheung kong (0001.HK),pair0066,/Users/aj9225/Local/meta-learning-ecological-priors-from-llms/functionlearning/data/cause-effects/pairs/pair0066.txt,4,-0.023159118000000006,0.003916219999999998,density,1818173252
66,1,[-0.057036578],-0.052366566,-0.057036578,-0.052366566,stock returns of Hutchison (0013.HK),stock return of Cheung kong (0001.HK),stock returns of Hutchison (0013.HK),stock return of Cheung kong (0001.HK),pair0066,/Users/aj9225/Local/meta-learning-ecological-priors-from-llms/functionlearning/data/cause-effects/pairs/pair0066.txt,2,-0.077309794,-0.05023445600000001,coverage,1818173252
66,2,[0.02309935],0.036310329,0.02309935,0.036310329,stock returns of Hutchison (0013.HK),stock return of Cheung kong (0001.HK),stock returns of Hutchison (0013.HK),stock return of Cheung kong (0001.HK),pair0066,/Users/aj9225/Local/meta-learning-ecological-priors-from-llms/functionlearning/data/cause-effects/pairs/pair0066.txt,5,0.003916219999999998,0.030991557999999975,density,1818173252
66,3,[-0.13146047],-0.10730202,-0.13146047,-0.10730202,stock returns of Hutchison (0013.HK),stock return of Cheung kong (0001.HK),stock returns of Hutchison (0013.HK),stock return of Cheung kong (0001.HK),pair0066,/Users/aj9225/Local/meta-learning-ecological-priors-from-llms/functionlearning/data/cause-effects/pairs/pair0066.txt,0,-0.13146047,-0.10438513199999999,coverage,1818173252
66,4,[0.028354222],0.040445487,0.028354222,0.040445487,stock returns of Hutchison (0013.HK),stock return of Cheung kong (0001.HK),stock returns of Hutchison (0013.HK),stock return of Cheung kong (0001.HK),pair0066,/Users/aj9225/Local/meta-learning-ecological-priors-from-llms/functionlearning/data/cause-effects/pairs/pair0066.txt,5,0.003916219999999998,0.030991557999999975,density,1818173252
66,5,[-0.018632179],-0.018715996,-0.018632179,-0.018715996,stock returns of Hutchison (0013.HK),stock return of Cheung kong (0001.HK),stock returns of Hutchison (0013.HK),stock return of Cheung kong (0001.HK),pair0066,/Users/aj9225/Local/meta-learning-ecological-priors-from-llms/functionlearning/data/cause-effects/pairs/pair0066.txt,4,-0.023159118000000006,0.003916219999999998,density,1818173252
66,6,[0.020275885],0.014516612,0.020275885,0.014516612,stock returns of Hutchison (0013.HK),stock return of Cheung kong (0001.HK),stock returns of Hutchison (0013.HK),stock return of Cheung kong (0001.HK),pair0066,/Users/aj9225/Local/meta-learning-ecological-priors-from-llms/functionlearning/data/cause-effects/pairs/pair0066.txt,5,0.003916219999999998,0.030991557999999975,coverage,1818173252
66,7,[0.026149968],0.026410898,0.026149968,0.026410898,stock returns of Hutchison (0013.HK),stock return of Cheung kong (0001.HK),stock returns of Hutchison (0013.HK),stock return of Cheung kong (0001.HK),pair0066,/Users/aj9225/Local/meta-learning-ecological-priors-from-llms/functionlearning/data/cause-effects/pairs/pair0066.txt,5,0.003916219999999998,0.030991557999999975,density,1818173252
66,8,[-0.0083451705],-0.0079787234,-0.0083451705,-0.0079787234,stock returns of Hutchison (0013.HK),stock return of Cheung kong (0001.HK),stock returns of Hutchison (0013.HK),stock return of Cheung kong (0001.HK),pair0066,/Users/aj9225/Local/meta-learning-ecological-priors-from-llms/functionlearning/data/cause-effects/pairs/pair0066.txt,4,-0.023159118000000006,0.003916219999999998,density,1818173252
66,9,[0.014078921],0.0093403386,0.014078921,0.0093403386,stock returns of Hutchison (0013.HK),stock return of Cheung kong (0001.HK),stock returns of Hutchison (0013.HK),stock return of Cheung kong (0001.HK),pair0066,/Users/aj9225/Local/meta-learning-ecological-priors-from-llms/functionlearning/data/cause-effects/pairs/pair0066.txt,5,0.003916219999999998,0.030991557999999975,density,1818173252
66,10,[-0.0044203335],-0.0084586466,-0.0044203335,-0.0084586466,stock returns of Hutchison (0013.HK),stock return of Cheung kong (0001.HK),stock returns of Hutchison (0013.HK),stock return of Cheung kong (0001.HK),pair0066,/Users/aj9225/Local/meta-learning-ecological-priors-from-llms/functionlearning/data/cause-effects/pairs/pair0066.txt,4,-0.023159118000000006,0.003916219999999998,density,1818173252
66,11,[-0.01434013],-0.019561982,-0.01434013,-0.019561982,stock returns of Hutchison (0013.HK),stock return of Cheung kong (0001.HK),stock returns of Hutchison (0013.HK),stock return of Cheung kong (0001.HK),pair0066,/Users/aj9225/Local/meta-learning-ecological-priors-from-llms/functionlearning/data/cause-effects/pairs/pair0066.txt,4,-0.023159118000000006,0.003916219999999998,density,1818173252
66,12,[-0.033783784],-0.024323134,-0.033783784,-0.024323134,stock returns of Hutchison (0013.HK),stock return of Cheung kong (0001.HK),stock returns of Hutchison (0013.HK),stock return of Cheung kong (0001.HK),pair0066,/Users/aj9225/Local/meta-learning-ecological-priors-from-llms/functionlearning/data/cause-effects/pairs/pair0066.txt,3,-0.05023445600000001,-0.023159118000000006,density,1818173252
66,13,[0.0021303792],-0.0019271949,0.0021303792,-0.0019271949,stock returns of Hutchison (0013.HK),stock return of Cheung kong (0001.HK),stock returns of Hutchison (0013.HK),stock return of Cheung kong (0001.HK),pair0066,/Users/aj9225/Local/meta-learning-ecological-priors-from-llms/functionlearning/data/cause-effects/pairs/pair0066.txt,4,-0.023159118000000006,0.003916219999999998,density,1818173252
66,14,[0.0063520871],0.0,0.0063520871,0.0,stock returns of Hutchison (0013.HK),stock return of Cheung kong (0001.HK),stock returns of Hutchison (0013.HK),stock return of Cheung kong (0001.HK),pair0066,/Users/aj9225/Local/meta-learning-ecological-priors-from-llms/functionlearning/data/cause-effects/pairs/pair0066.txt,5,0.003916219999999998,0.030991557999999975,density,1818173252
66,15,[-0.033039887],-0.036806883,-0.033039887,-0.036806883,stock returns of Hutchison (0013.HK),stock return of Cheung kong (0001.HK),stock returns of Hutchison (0013.HK),stock return of Cheung kong (0001.HK),pair0066,/Users/aj9225/Local/meta-learning-ecological-priors-from-llms/functionlearning/data/cause-effects/pairs/pair0066.txt,3,-0.05023445600000001,-0.023159118000000006,coverage,1818173252
66,16,[-0.0035016049],-0.0070361861,-0.0035016049,-0.0070361861,stock returns of Hutchison (0013.HK),stock return of Cheung kong (0001.HK),stock returns of Hutchison (0013.HK),stock return of Cheung kong (0001.HK),pair0066,/Users/aj9225/Local/meta-learning-ecological-priors-from-llms/functionlearning/data/cause-effects/pairs/pair0066.txt,4,-0.023159118000000006,0.003916219999999998,density,1818173252
66,17,[-0.004004004],-0.0037481259,-0.004004004,-0.0037481259,stock returns of Hutchison (0013.HK),stock return of Cheung kong (0001.HK),stock returns of Hutchison (0013.HK),stock return of Cheung kong (0001.HK),pair0066,/Users/aj9225/Local/meta-learning-ecological-priors-from-llms/functionlearning/data/cause-effects/pairs/pair0066.txt,4,-0.023159118000000006,0.003916219999999998,coverage,1818173252
66,18,[-0.042015892],-0.010786015,-0.042015892,-0.010786015,stock returns of Hutchison (0013.HK),stock return of Cheung kong (0001.HK),stock returns of Hutchison (0013.HK),stock return of Cheung kong (0001.HK),pair0066,/Users/aj9225/Local/meta-learning-ecological-priors-from-llms/functionlearning/data/cause-effects/pairs/pair0066.txt,3,-0.05023445600000001,-0.023159118000000006,density,1818173252
66,19,[-0.0087256028],-0.006712963,-0.0087256028,-0.006712963,stock returns of Hutchison (0013.HK),stock return of Cheung kong (0001.HK),stock returns of Hutchison (0013.HK),stock return of Cheung kong (0001.HK),pair0066,/Users/aj9225/Local/meta-learning-ecological-priors-from-llms/functionlearning/data/cause-effects/pairs/pair0066.txt,4,-0.023159118000000006,0.003916219999999998,density,1818173252
66,20,[0.065288954],0.03444765,0.065288954,0.03444765,stock returns of Hutchison (0013.HK),stock return of Cheung kong (0001.HK),stock returns of Hutchison (0013.HK),stock return of Cheung kong (0001.HK),pair0066,/Users/aj9225/Local/meta-learning-ecological-priors-from-llms/functionlearning/data/cause-effects/pairs/pair0066.txt,7,0.05806689599999998,0.085142234,coverage,1818173252
66,21,[0.033657917],0.044717829,0.033657917,0.044717829,stock returns of Hutchison (0013.HK),stock return of Cheung kong (0001.HK),stock returns of Hutchison (0013.HK),stock return of Cheung kong (0001.HK),pair0066,/Users/aj9225/Local/meta-learning-ecological-priors-from-llms/functionlearning/data/cause-effects/pairs/pair0066.txt,6,0.030991557999999975,0.05806689599999998,coverage,1818173252
66,22,[0.030650445],-0.0050510848,0.030650445,-0.0050510848,stock returns of Hutchison (0013.HK),stock return of Cheung kong (0001.HK),stock returns of Hutchison (0013.HK),stock return of Cheung kong (0001.HK),pair0066,/Users/aj9225/Local/meta-learning-ecological-priors-from-llms/functionlearning/data/cause-effects/pairs/pair0066.txt,5,0.003916219999999998,0.030991557999999975,density,1818173252
66,23,[0.031571723],0.028918692,0.031571723,0.028918692,stock returns of Hutchison (0013.HK),stock return of Cheung kong (0001.HK),stock returns of Hutchison (0013.HK),stock return of Cheung kong (0001.HK),pair0066,/Users/aj9225/Local/meta-learning-ecological-priors-from-llms/functionlearning/data/cause-effects/pairs/pair0066.txt,6,0.030991557999999975,0.05806689599999998,density,1818173252
67,0,[0.0],0.0,0.0,0.0,stock returns of Cheung kong (0001.HK),stock return of Sun Hung Kai Prop. (0016.HK),stock returns of Cheung kong (0001.HK),stock return of Sun Hung Kai Prop. (0016.HK),pair0067,/Users/aj9225/Local/meta-learning-ecological-priors-from-llms/functionlearning/data/cause-effects/pairs/pair0067.txt,4,-0.0134471595,0.010016555625000007,density,1173253411
67,1,[0.022607579],-0.022622108,0.022607579,-0.022622108,stock returns of Cheung kong (0001.HK),stock return of Sun Hung Kai Prop. (0016.HK),stock returns of Cheung kong (0001.HK),stock return of Sun Hung Kai Prop. (0016.HK),pair0067,/Users/aj9225/Local/meta-learning-ecological-priors-from-llms/functionlearning/data/cause-effects/pairs/pair0067.txt,5,0.010016555625000007,0.033480270749999985,density,1173253411
67,2,[-0.0033291719],-0.006795017,-0.0033291719,-0.006795017,stock returns of Cheung kong (0001.HK),stock return of Sun Hung Kai Prop. (0016.HK),stock returns of Cheung kong (0001.HK),stock return of Sun Hung Kai Prop. (0016.HK),pair0067,/Users/aj9225/Local/meta-learning-ecological-priors-from-llms/functionlearning/data/cause-effects/pairs/pair0067.txt,4,-0.0134471595,0.010016555625000007,density,1173253411
67,3,[0.013990362],0.015817223,0.013990362,0.015817223,stock returns of Cheung kong (0001.HK),stock return of Sun Hung Kai Prop. (0016.HK),stock returns of Cheung kong (0001.HK),stock return of Sun Hung Kai Prop. (0016.HK),pair0067,/Users/aj9225/Local/meta-learning-ecological-priors-from-llms/functionlearning/data/cause-effects/pairs/pair0067.txt,5,0.010016555625000007,0.033480270749999985,density,1173253411
67,4,[0.030402838],0.034950895,0.030402838,0.034950895,stock returns of Cheung kong (0001.HK),stock return of Sun Hung Kai Prop. (0016.HK),stock returns of Cheung kong (0001.HK),stock return of Sun Hung Kai Prop. (0016.HK),pair0067,/Users/aj9225/Local/meta-learning-ecological-priors-from-llms/functionlearning/data/cause-effects/pairs/pair0067.txt,5,0.010016555625000007,0.033480270749999985,coverage,1173253411
67,5,[-0.021641372],-0.064349553,-0.021641372,-0.064349553,stock returns of Cheung kong (0001.HK),stock return of Sun Hung Kai Prop. (0016.HK),stock returns of Cheung kong (0001.HK),stock return of Sun Hung Kai Prop. (0016.HK),pair0067,/Users/aj9225/Local/meta-learning-ecological-priors-from-llms/functionlearning/data/cause-effects/pairs/pair0067.txt,3,-0.036910874625000006,-0.0134471595,density,1173253411
67,6,[-0.016977929],-0.028741093,-0.016977929,-0.028741093,stock returns of Cheung kong (0001.HK),stock return of Sun Hung Kai Prop. (0016.HK),stock returns of Cheung kong (0001.HK),stock return of Sun Hung Kai Prop. (0016.HK),pair0067,/Users/aj9225/Local/meta-learning-ecological-priors-from-llms/functionlearning/data/cause-effects/pairs/pair0067.txt,3,-0.036910874625000006,-0.0134471595,coverage,1173253411
67,7,[0.0],0.009770194,0.0,0.009770194,stock returns of Cheung kong (0001.HK),stock return of Sun Hung Kai Prop. (0016.HK),stock returns of Cheung kong (0001.HK),stock return of Sun Hung Kai Prop. (0016.HK),pair0067,/Users/aj9225/Local/meta-learning-ecological-priors-from-llms/functionlearning/data/cause-effects/pairs/pair0067.txt,4,-0.0134471595,0.010016555625000007,density,1173253411
67,8,[-0.068831627],-0.065380344,-0.068831627,-0.065380344,stock returns of Cheung kong (0001.HK),stock return of Sun Hung Kai Prop. (0016.HK),stock returns of Cheung kong (0001.HK),stock return of Sun Hung Kai Prop. (0016.HK),pair0067,/Users/aj9225/Local/meta-learning-ecological-priors-from-llms/functionlearning/data/cause-effects/pairs/pair0067.txt,1,-0.08383830487499999,-0.06037458975,coverage,1173253411
67,9,[-0.10610296],-0.038737446,-0.10610296,-0.038737446,stock returns of Cheung kong (0001.HK),stock return of Sun Hung Kai Prop. (0016.HK),stock returns of Cheung kong (0001.HK),stock return of Sun Hung Kai Prop. (0016.HK),pair0067,/Users/aj9225/Local/meta-learning-ecological-priors-from-llms/functionlearning/data/cause-effects/pairs/pair0067.txt,0,-0.10730202,-0.08383830487499999,coverage,1173253411
67,10,[0.080407701],0.017191977,0.080407701,0.017191977,stock returns of Cheung kong (0001.HK),stock return of Sun Hung Kai Prop. (0016.HK),stock returns of Cheung kong (0001.HK),stock return of Sun Hung Kai Prop. (0016.HK),pair0067,/Users/aj9225/Local/meta-learning-ecological-priors-from-llms/functionlearning/data/cause-effects/pairs/pair0067.txt,7,0.05694398587499999,0.080407701,coverage,1173253411
67,11,[0.023224275],0.025360977,0.023224275,0.025360977,stock returns of Cheung kong (0001.HK),stock return of Sun Hung Kai Prop. (0016.HK),stock returns of Cheung kong (0001.HK),stock return of Sun Hung Kai Prop. (0016.HK),pair0067,/Users/aj9225/Local/meta-learning-ecological-priors-from-llms/functionlearning/data/cause-effects/pairs/pair0067.txt,5,0.010016555625000007,0.033480270749999985,density,1173253411
67,12,[0.0],-0.0067989455,0.0,-0.0067989455,stock returns of Cheung kong (0001.HK),stock return of Sun Hung Kai Prop. (0016.HK),stock returns of Cheung kong (0001.HK),stock return of Sun Hung Kai Prop. (0016.HK),pair0067,/Users/aj9225/Local/meta-learning-ecological-priors-from-llms/functionlearning/data/cause-effects/pairs/pair0067.txt,4,-0.0134471595,0.010016555625000007,density,1173253411
67,13,[0.0],0.015233415,0.0,0.015233415,stock returns of Cheung kong (0001.HK),stock return of Sun Hung Kai Prop. (0016.HK),stock returns of Cheung kong (0001.HK),stock return of Sun Hung Kai Prop. (0016.HK),pair0067,/Users/aj9225/Local/meta-learning-ecological-priors-from-llms/functionlearning/data/cause-effects/pairs/pair0067.txt,4,-0.0134471595,0.010016555625000007,density,1173253411
67,14,[-0.0025448236],-0.018166804,-0.0025448236,-0.018166804,stock returns of Cheung kong (0001.HK),stock return of Sun Hung Kai Prop. (0016.HK),stock returns of Cheung kong (0001.HK),stock return of Sun Hung Kai Prop. (0016.HK),pair0067,/Users/aj9225/Local/meta-learning-ecological-priors-from-llms/functionlearning/data/cause-effects/pairs/pair0067.txt,4,-0.0134471595,0.010016555625000007,density,1173253411
67,15,[-0.036806883],-0.058267185,-0.036806883,-0.058267185,stock returns of Cheung kong (0001.HK),stock return of Sun Hung Kai Prop. (0016.HK),stock returns of Cheung kong (0001.HK),stock return of Sun Hung Kai Prop. (0016.HK),pair0067,/Users/aj9225/Local/meta-learning-ecological-priors-from-llms/functionlearning/data/cause-effects/pairs/pair0067.txt,3,-0.036910874625000006,-0.0134471595,density,1173253411
67,16,[0.042160234],0.036581999,0.042160234,0.036581999,stock returns of Cheung kong (0001.HK),stock return of Sun Hung Kai Prop. (0016.HK),stock returns of Cheung kong (0001.HK),stock return of Sun Hung Kai Prop. (0016.HK),pair0067,/Users/aj9225/Local/meta-learning-ecological-priors-from-llms/functionlearning/data/cause-effects/pairs/pair0067.txt,6,0.033480270749999985,0.05694398587499999,coverage,1173253411
67,17,[0.044717829],0.018832781,0.044717829,0.018832781,stock returns of Cheung kong (0001.HK),stock return of Sun Hung Kai Prop. (0016.HK),stock returns of Cheung kong (0001.HK),stock return of Sun Hung Kai Prop. (0016.HK),pair0067,/Users/aj9225/Local/meta-learning-ecological-priors-from-llms/functionlearning/data/cause-effects/pairs/pair0067.txt,6,0.033480270749999985,0.05694398587499999,density,1173253411
67,18,[-0.053744997],-0.036932707,-0.053744997,-0.036932707,stock returns of Cheung kong (0001.HK),stock return of Sun Hung Kai Prop. (0016.HK),stock returns of Cheung kong (0001.HK),stock return of Sun Hung Kai Prop. (0016.HK),pair0067,/Users/aj9225/Local/meta-learning-ecological-priors-from-llms/functionlearning/data/cause-effects/pairs/pair0067.txt,2,-0.06037458975,-0.036910874625000006,coverage,1173253411
67,19,[0.0],0.0,0.0,0.0,stock returns of Cheung kong (0001.HK),stock return of Sun Hung Kai Prop. (0016.HK),stock returns of Cheung kong (0001.HK),stock return of Sun Hung Kai Prop. (0016.HK),pair0067,/Users/aj9225/Local/meta-learning-ecological-priors-from-llms/functionlearning/data/cause-effects/pairs/pair0067.txt,4,-0.0134471595,0.010016555625000007,coverage,1173253411
67,20,[0.017501989],0.021269791,0.017501989,0.021269791,stock returns of Cheung kong (0001.HK),stock return of Sun Hung Kai Prop. (0016.HK),stock returns of Cheung kong (0001.HK),stock return of Sun Hung Kai Prop. (0016.HK),pair0067,/Users/aj9225/Local/meta-learning-ecological-priors-from-llms/functionlearning/data/cause-effects/pairs/pair0067.txt,5,0.010016555625000007,0.033480270749999985,density,1173253411
67,21,[0.0089301987],0.003992016,0.0089301987,0.003992016,stock returns of Cheung kong (0001.HK),stock return of Sun Hung Kai Prop. (0016.HK),stock returns of Cheung kong (0001.HK),stock return of Sun Hung Kai Prop. (0016.HK),pair0067,/Users/aj9225/Local/meta-learning-ecological-priors-from-llms/functionlearning/data/cause-effects/pairs/pair0067.txt,4,-0.0134471595,0.010016555625000007,density,1173253411
67,22,[-0.011914716],-0.0070921986,-0.011914716,-0.0070921986,stock returns of Cheung kong (0001.HK),stock return of Sun Hung Kai Prop. (0016.HK),stock returns of Cheung kong (0001.HK),stock return of Sun Hung Kai Prop. (0016.HK),pair0067,/Users/aj9225/Local/meta-learning-ecological-priors-from-llms/functionlearning/data/cause-effects/pairs/pair0067.txt,4,-0.0134471595,0.010016555625000007,density,1173253411
67,23,[-0.027094277],-0.017129105,-0.027094277,-0.017129105,stock returns of Cheung kong (0001.HK),stock return of Sun Hung Kai Prop. (0016.HK),stock returns of Cheung kong (0001.HK),stock return of Sun Hung Kai Prop. (0016.HK),pair0067,/Users/aj9225/Local/meta-learning-ecological-priors-from-llms/functionlearning/data/cause-effects/pairs/pair0067.txt,3,-0.036910874625000006,-0.0134471595,density,1173253411
68,0,[12684651.0],175.0,12684651.0,175.0,bytes sent at minute t,open http connections during that minute,bytes sent at minute t,open http connections during that minute,pair0068,/Users/aj9225/Local/meta-learning-ecological-priors-from-llms/functionlearning/data/cause-effects/pairs/pair0068.txt,5,12415549.875,14897368.25,coverage,3554955570
68,1,[234013.0],22.0,234013.0,22.0,bytes sent at minute t,open http connections during that minute,bytes sent at minute t,open http connections during that minute,pair0068,/Users/aj9225/Local/meta-learning-ecological-priors-from-llms/functionlearning/data/cause-effects/pairs/pair0068.txt,0,6458.0,2488276.375,density,3554955570
68,2,[218968.0],16.0,218968.0,16.0,bytes sent at minute t,open http connections during that minute,bytes sent at minute t,open http connections during that minute,pair0068,/Users/aj9225/Local/meta-learning-ecological-priors-from-llms/functionlearning/data/cause-effects/pairs/pair0068.txt,0,6458.0,2488276.375,density,3554955570
68,3,[228668.0],15.0,228668.0,15.0,bytes sent at minute t,open http connections during that minute,bytes sent at minute t,open http connections during that minute,pair0068,/Users/aj9225/Local/meta-learning-ecological-priors-from-llms/functionlearning/data/cause-effects/pairs/pair0068.txt,0,6458.0,2488276.375,density,3554955570
68,4,[16037552.0],135.0,16037552.0,135.0,bytes sent at minute t,open http connections during that minute,bytes sent at minute t,open http connections during that minute,pair0068,/Users/aj9225/Local/meta-learning-ecological-priors-from-llms/functionlearning/data/cause-effects/pairs/pair0068.txt,6,14897368.25,17379186.625,coverage,3554955570
68,5,[11325990.0],93.0,11325990.0,93.0,bytes sent at minute t,open http connections during that minute,bytes sent at minute t,open http connections during that minute,pair0068,/Users/aj9225/Local/meta-learning-ecological-priors-from-llms/functionlearning/data/cause-effects/pairs/pair0068.txt,4,9933731.5,12415549.875,coverage,3554955570
68,6,[228829.0],16.0,228829.0,16.0,bytes sent at minute t,open http connections during that minute,bytes sent at minute t,open http connections during that minute,pair0068,/Users/aj9225/Local/meta-learning-ecological-priors-from-llms/functionlearning/data/cause-effects/pairs/pair0068.txt,0,6458.0,2488276.375,density,3554955570
68,7,[229745.0],17.0,229745.0,17.0,bytes sent at minute t,open http connections during that minute,bytes sent at minute t,open http connections during that minute,pair0068,/Users/aj9225/Local/meta-learning-ecological-priors-from-llms/functionlearning/data/cause-effects/pairs/pair0068.txt,0,6458.0,2488276.375,density,3554955570
68,8,[4231991.0],42.0,4231991.0,42.0,bytes sent at minute t,open http connections during that minute,bytes sent at minute t,open http connections during that minute,pair0068,/Users/aj9225/Local/meta-learning-ecological-priors-from-llms/functionlearning/data/cause-effects/pairs/pair0068.txt,1,2488276.375,4970094.75,coverage,3554955570
68,9,[1757854.0],51.0,1757854.0,51.0,bytes sent at minute t,open http connections during that minute,bytes sent at minute t,open http connections during that minute,pair0068,/Users/aj9225/Local/meta-learning-ecological-priors-from-llms/functionlearning/data/cause-effects/pairs/pair0068.txt,0,6458.0,2488276.375,density,3554955570
68,10,[235773.0],30.0,235773.0,30.0,bytes sent at minute t,open http connections during that minute,bytes sent at minute t,open http connections during that minute,pair0068,/Users/aj9225/Local/meta-learning-ecological-priors-from-llms/functionlearning/data/cause-effects/pairs/pair0068.txt,0,6458.0,2488276.375,density,3554955570
68,11,[229941.0],18.0,229941.0,18.0,bytes sent at minute t,open http connections during that minute,bytes sent at minute t,open http connections during that minute,pair0068,/Users/aj9225/Local/meta-learning-ecological-priors-from-llms/functionlearning/data/cause-effects/pairs/pair0068.txt,0,6458.0,2488276.375,density,3554955570
68,12,[258988.0],30.0,258988.0,30.0,bytes sent at minute t,open http connections during that minute,bytes sent at minute t,open http connections during that minute,pair0068,/Users/aj9225/Local/meta-learning-ecological-priors-from-llms/functionlearning/data/cause-effects/pairs/pair0068.txt,0,6458.0,2488276.375,density,3554955570
68,13,[230709.0],22.0,230709.0,22.0,bytes sent at minute t,open http connections during that minute,bytes sent at minute t,open http connections during that minute,pair0068,/Users/aj9225/Local/meta-learning-ecological-priors-from-llms/functionlearning/data/cause-effects/pairs/pair0068.txt,0,6458.0,2488276.375,density,3554955570
68,14,[233673.0],21.0,233673.0,21.0,bytes sent at minute t,open http connections during that minute,bytes sent at minute t,open http connections during that minute,pair0068,/Users/aj9225/Local/meta-learning-ecological-priors-from-llms/functionlearning/data/cause-effects/pairs/pair0068.txt,0,6458.0,2488276.375,density,3554955570
68,15,[230022.0],18.0,230022.0,18.0,bytes sent at minute t,open http connections during that minute,bytes sent at minute t,open http connections during that minute,pair0068,/Users/aj9225/Local/meta-learning-ecological-priors-from-llms/functionlearning/data/cause-effects/pairs/pair0068.txt,0,6458.0,2488276.375,density,3554955570
68,16,[218348.0],14.0,218348.0,14.0,bytes sent at minute t,open http connections during that minute,bytes sent at minute t,open http connections during that minute,pair0068,/Users/aj9225/Local/meta-learning-ecological-priors-from-llms/functionlearning/data/cause-effects/pairs/pair0068.txt,0,6458.0,2488276.375,density,3554955570
68,17,[230968.0],23.0,230968.0,23.0,bytes sent at minute t,open http connections during that minute,bytes sent at minute t,open http connections during that minute,pair0068,/Users/aj9225/Local/meta-learning-ecological-priors-from-llms/functionlearning/data/cause-effects/pairs/pair0068.txt,0,6458.0,2488276.375,density,3554955570
68,18,[19861005.0],356.0,19861005.0,356.0,bytes sent at minute t,open http connections during that minute,bytes sent at minute t,open http connections during that minute,pair0068,/Users/aj9225/Local/meta-learning-ecological-priors-from-llms/functionlearning/data/cause-effects/pairs/pair0068.txt,7,17379186.625,19861005.0,coverage,3554955570
68,19,[8325981.0],159.0,8325981.0,159.0,bytes sent at minute t,open http connections during that minute,bytes sent at minute t,open http connections during that minute,pair0068,/Users/aj9225/Local/meta-learning-ecological-priors-from-llms/functionlearning/data/cause-effects/pairs/pair0068.txt,3,7451913.125,9933731.5,coverage,3554955570
68,20,[5351814.0],63.0,5351814.0,63.0,bytes sent at minute t,open http connections during that minute,bytes sent at minute t,open http connections during that minute,pair0068,/Users/aj9225/Local/meta-learning-ecological-priors-from-llms/functionlearning/data/cause-effects/pairs/pair0068.txt,2,4970094.75,7451913.125,coverage,3554955570
68,21,[218336.0],14.0,218336.0,14.0,bytes sent at minute t,open http connections during that minute,bytes sent at minute t,open http connections during that minute,pair0068,/Users/aj9225/Local/meta-learning-ecological-priors-from-llms/functionlearning/data/cause-effects/pairs/pair0068.txt,0,6458.0,2488276.375,density,3554955570
68,22,[227006.0],24.0,227006.0,24.0,bytes sent at minute t,open http connections during that minute,bytes sent at minute t,open http connections during that minute,pair0068,/Users/aj9225/Local/meta-learning-ecological-priors-from-llms/functionlearning/data/cause-effects/pairs/pair0068.txt,0,6458.0,2488276.375,density,3554955570
68,23,[230010.0],18.0,230010.0,18.0,bytes sent at minute t,open http connections during that minute,bytes sent at minute t,open http connections during that minute,pair0068,/Users/aj9225/Local/meta-learning-ecological-priors-from-llms/functionlearning/data/cause-effects/pairs/pair0068.txt,0,6458.0,2488276.375,coverage,3554955570
73,0,[0.915955],626.156501,0.915955,626.156501,CO2 emissions for different countries in different years,Energy use (kg of oil equivalent per capita) for different countries in different years,CO2 emissions for different countries in different years,Energy use (kg of oil equivalent per capita) for different countries in different years,pair0073,/Users/aj9225/Local/meta-learning-ecological-priors-from-llms/functionlearning/data/cause-effects/pairs/pair0073.txt,0,0.0,10.561414875,coverage,1103772361
73,1,[16.552893],7556.987952,16.552893,7556.987952,CO2 emissions for different countries in different years,Energy use (kg of oil equivalent per capita) for different countries in different years,CO2 emissions for different countries in different years,Energy use (kg of oil equivalent per capita) for different countries in different years,pair0073,/Users/aj9225/Local/meta-learning-ecological-priors-from-llms/functionlearning/data/cause-effects/pairs/pair0073.txt,1,10.561414875,21.12282975,density,1103772361
73,2,[31.057532],11258.625449,31.057532,11258.625449,CO2 emissions for different countries in different years,Energy use (kg of oil equivalent per capita) for different countries in different years,CO2 emissions for different countries in different years,Energy use (kg of oil equivalent per capita) for different countries in different years,pair0073,/Users/aj9225/Local/meta-learning-ecological-priors-from-llms/functionlearning/data/cause-effects/pairs/pair0073.txt,2,21.12282975,31.684244625,coverage,1103772361
73,3,[7.881858],2961.466664,7.881858,2961.466664,CO2 emissions for different countries in different years,Energy use (kg of oil equivalent per capita) for different countries in different years,CO2 emissions for different countries in different years,Energy use (kg of oil equivalent per capita) for different countries in different years,pair0073,/Users/aj9225/Local/meta-learning-ecological-priors-from-llms/functionlearning/data/cause-effects/pairs/pair0073.txt,0,0.0,10.561414875,density,1103772361
73,4,[37.26177],11087.878788,37.26177,11087.878788,CO2 emissions for different countries in different years,Energy use (kg of oil equivalent per capita) for different countries in different years,CO2 emissions for different countries in different years,Energy use (kg of oil equivalent per capita) for different countries in different years,pair0073,/Users/aj9225/Local/meta-learning-ecological-priors-from-llms/functionlearning/data/cause-effects/pairs/pair0073.txt,3,31.684244625,42.2456595,coverage,1103772361
73,5,[7.650542],2408.626358,7.650542,2408.626358,CO2 emissions for different countries in different years,Energy use (kg of oil equivalent per capita) for different countries in different years,CO2 emissions for different countries in different years,Energy use (kg of oil equivalent per capita) for different countries in different years,pair0073,/Users/aj9225/Local/meta-learning-ecological-priors-from-llms/functionlearning/data/cause-effects/pairs/pair0073.txt,0,0.0,10.561414875,density,1103772361
73,6,[5.497295],1514.312554,5.497295,1514.312554,CO2 emissions for different countries in different years,Energy use (kg of oil equivalent per capita) for different countries in different years,CO2 emissions for different countries in different years,Energy use (kg of oil equivalent per capita) for different countries in different years,pair0073,/Users/aj9225/Local/meta-learning-ecological-priors-from-llms/functionlearning/data/cause-effects/pairs/pair0073.txt,0,0.0,10.561414875,density,1103772361
73,7,[0.333891],267.135078,0.333891,267.135078,CO2 emissions for different countries in different years,Energy use (kg of oil equivalent per capita) for different countries in different years,CO2 emissions for different countries in different years,Energy use (kg of oil equivalent per capita) for different countries in different years,pair0073,/Users/aj9225/Local/meta-learning-ecological-priors-from-llms/functionlearning/data/cause-effects/pairs/pair0073.txt,0,0.0,10.561414875,density,1103772361
73,8,[0.510766],304.183173,0.510766,304.183173,CO2 emissions for different countries in different years,Energy use (kg of oil equivalent per capita) for different countries in different years,CO2 emissions for different countries in different years,Energy use (kg of oil equivalent per capita) for different countries in different years,pair0073,/Users/aj9225/Local/meta-learning-ecological-priors-from-llms/functionlearning/data/cause-effects/pairs/pair0073.txt,0,0.0,10.561414875,density,1103772361
73,9,[79.659668],3834.907063,79.659668,3834.907063,CO2 emissions for different countries in different years,Energy use (kg of oil equivalent per capita) for different countries in different years,CO2 emissions for different countries in different years,Energy use (kg of oil equivalent per capita) for different countries in different years,pair0073,/Users/aj9225/Local/meta-learning-ecological-priors-from-llms/functionlearning/data/cause-effects/pairs/pair0073.txt,7,73.92990412500001,84.491319,coverage,1103772361
73,10,[67.459423],19216.357131,67.459423,19216.357131,CO2 emissions for different countries in different years,Energy use (kg of oil equivalent per capita) for different countries in different years,CO2 emissions for different countries in different years,Energy use (kg of oil equivalent per capita) for different countries in different years,pair0073,/Users/aj9225/Local/meta-learning-ecological-priors-from-llms/functionlearning/data/cause-effects/pairs/pair0073.txt,6,63.36848925,73.92990412500001,coverage,1103772361
73,11,[60.823178],19596.30532,60.823178,19596.30532,CO2 emissions for different countries in different years,Energy use (kg of oil equivalent per capita) for different countries in different years,CO2 emissions for different countries in different years,Energy use (kg of oil equivalent per capita) for different countries in different years,pair0073,/Users/aj9225/Local/meta-learning-ecological-priors-from-llms/functionlearning/data/cause-effects/pairs/pair0073.txt,5,52.807074375,63.36848925,coverage,1103772361
73,12,[52.60899],8524.019738,52.60899,8524.019738,CO2 emissions for different countries in different years,Energy use (kg of oil equivalent per capita) for different countries in different years,CO2 emissions for different countries in different years,Energy use (kg of oil equivalent per capita) for different countries in different years,pair0073,/Users/aj9225/Local/meta-learning-ecological-priors-from-llms/functionlearning/data/cause-effects/pairs/pair0073.txt,4,42.2456595,52.807074375,coverage,1103772361
73,13,[2.154367],752.183802,2.154367,752.183802,CO2 emissions for different countries in different years,Energy use (kg of oil equivalent per capita) for different countries in different years,CO2 emissions for different countries in different years,Energy use (kg of oil equivalent per capita) for different countries in different years,pair0073,/Users/aj9225/Local/meta-learning-ecological-priors-from-llms/functionlearning/data/cause-effects/pairs/pair0073.txt,0,0.0,10.561414875,density,1103772361
73,14,[0.669085],495.451553,0.669085,495.451553,CO2 emissions for different countries in different years,Energy use (kg of oil equivalent per capita) for different countries in different years,CO2 emissions for different countries in different years,Energy use (kg of oil equivalent per capita) for different countries in different years,pair0073,/Users/aj9225/Local/meta-learning-ecological-priors-from-llms/functionlearning/data/cause-effects/pairs/pair0073.txt,0,0.0,10.561414875,density,1103772361
73,15,[1.390594],605.03193,1.390594,605.03193,CO2 emissions for different countries in different years,Energy use (kg of oil equivalent per capita) for different countries in different years,CO2 emissions for different countries in different years,Energy use (kg of oil equivalent per capita) for different countries in different years,pair0073,/Users/aj9225/Local/meta-learning-ecological-priors-from-llms/functionlearning/data/cause-effects/pairs/pair0073.txt,0,0.0,10.561414875,density,1103772361
73,16,[0.456034],526.058528,0.456034,526.058528,CO2 emissions for different countries in different years,Energy use (kg of oil equivalent per capita) for different countries in different years,CO2 emissions for different countries in different years,Energy use (kg of oil equivalent per capita) for different countries in different years,pair0073,/Users/aj9225/Local/meta-learning-ecological-priors-from-llms/functionlearning/data/cause-effects/pairs/pair0073.txt,0,0.0,10.561414875,density,1103772361
73,17,[1.035477],449.35624,1.035477,449.35624,CO2 emissions for different countries in different years,Energy use (kg of oil equivalent per capita) for different countries in different years,CO2 emissions for different countries in different years,Energy use (kg of oil equivalent per capita) for different countries in different years,pair0073,/Users/aj9225/Local/meta-learning-ecological-priors-from-llms/functionlearning/data/cause-effects/pairs/pair0073.txt,0,0.0,10.561414875,density,1103772361
73,18,[2.098489],864.400488,2.098489,864.400488,CO2 emissions for different countries in different years,Energy use (kg of oil equivalent per capita) for different countries in different years,CO2 emissions for different countries in different years,Energy use (kg of oil equivalent per capita) for different countries in different years,pair0073,/Users/aj9225/Local/meta-learning-ecological-priors-from-llms/functionlearning/data/cause-effects/pairs/pair0073.txt,0,0.0,10.561414875,density,1103772361
73,19,[5.456571],2947.960167,5.456571,2947.960167,CO2 emissions for different countries in different years,Energy use (kg of oil equivalent per capita) for different countries in different years,CO2 emissions for different countries in different years,Energy use (kg of oil equivalent per capita) for different countries in different years,pair0073,/Users/aj9225/Local/meta-learning-ecological-priors-from-llms/functionlearning/data/cause-effects/pairs/pair0073.txt,0,0.0,10.561414875,density,1103772361
73,20,[11.753166],2080.430108,11.753166,2080.430108,CO2 emissions for different countries in different years,Energy use (kg of oil equivalent per capita) for different countries in different years,CO2 emissions for different countries in different years,Energy use (kg of oil equivalent per capita) for different countries in different years,pair0073,/Users/aj9225/Local/meta-learning-ecological-priors-from-llms/functionlearning/data/cause-effects/pairs/pair0073.txt,1,10.561414875,21.12282975,coverage,1103772361
73,21,[16.261743],4647.775746,16.261743,4647.775746,CO2 emissions for different countries in different years,Energy use (kg of oil equivalent per capita) for different countries in different years,CO2 emissions for different countries in different years,Energy use (kg of oil equivalent per capita) for different countries in different years,pair0073,/Users/aj9225/Local/meta-learning-ecological-priors-from-llms/functionlearning/data/cause-effects/pairs/pair0073.txt,1,10.561414875,21.12282975,density,1103772361
73,22,[0.875853],664.15756,0.875853,664.15756,CO2 emissions for different countries in different years,Energy use (kg of oil equivalent per capita) for different countries in different years,CO2 emissions for different countries in different years,Energy use (kg of oil equivalent per capita) for different countries in different years,pair0073,/Users/aj9225/Local/meta-learning-ecological-priors-from-llms/functionlearning/data/cause-effects/pairs/pair0073.txt,0,0.0,10.561414875,density,1103772361
73,23,[6.438594],3075.092775,6.438594,3075.092775,CO2 emissions for different countries in different years,Energy use (kg of oil equivalent per capita) for different countries in different years,CO2 emissions for different countries in different years,Energy use (kg of oil equivalent per capita) for different countries in different years,pair0073,/Users/aj9225/Local/meta-learning-ecological-priors-from-llms/functionlearning/data/cause-effects/pairs/pair0073.txt,0,0.0,10.561414875,density,1103772361
74,0,[19350.0],76.0,19350.0,76.0,GNI (Gross national income) per capita for different countries (in US$),life expectancy at birth for different countries,GNI (Gross national income) per capita for different countries (in US$),life expectancy at birth for different countries,pair0074,/Users/aj9225/Local/meta-learning-ecological-priors-from-llms/functionlearning/data/cause-effects/pairs/pair0074.txt,1,11006.25,21872.5,density,1757496907
74,1,[600.0],67.0,600.0,67.0,GNI (Gross national income) per capita for different countries (in US$),life expectancy at birth for different countries,GNI (Gross national income) per capita for different countries (in US$),life expectancy at birth for different countries,pair0074,/Users/aj9225/Local/meta-learning-ecological-priors-from-llms/functionlearning/data/cause-effects/pairs/pair0074.txt,0,140.0,11006.25,density,1757496907
74,2,[38420.0],78.0,38420.0,78.0,GNI (Gross national income) per capita for different countries (in US$),life expectancy at birth for different countries,GNI (Gross national income) per capita for different countries (in US$),life expectancy at birth for different countries,pair0074,/Users/aj9225/Local/meta-learning-ecological-priors-from-llms/functionlearning/data/cause-effects/pairs/pair0074.txt,3,32738.75,43605.0,density,1757496907
74,3,[1409.0],53.0,1409.0,53.0,GNI (Gross national income) per capita for different countries (in US$),life expectancy at birth for different countries,GNI (Gross national income) per capita for different countries (in US$),life expectancy at birth for different countries,pair0074,/Users/aj9225/Local/meta-learning-ecological-priors-from-llms/functionlearning/data/cause-effects/pairs/pair0074.txt,0,140.0,11006.25,density,1757496907
74,4,[65330.0],82.0,65330.0,82.0,GNI (Gross national income) per capita for different countries (in US$),life expectancy at birth for different countries,GNI (Gross national income) per capita for different countries (in US$),life expectancy at birth for different countries,pair0074,/Users/aj9225/Local/meta-learning-ecological-priors-from-llms/functionlearning/data/cause-effects/pairs/pair0074.txt,5,54471.25,65337.5,coverage,1757496907
74,5,[20560.0],79.0,20560.0,79.0,GNI (Gross national income) per capita for different countries (in US$),life expectancy at birth for different countries,GNI (Gross national income) per capita for different countries (in US$),life expectancy at birth for different countries,pair0074,/Users/aj9225/Local/meta-learning-ecological-priors-from-llms/functionlearning/data/cause-effects/pairs/pair0074.txt,1,11006.25,21872.5,density,1757496907
74,6,[38210.0],83.0,38210.0,83.0,GNI (Gross national income) per capita for different countries (in US$),life expectancy at birth for different countries,GNI (Gross national income) per capita for different countries (in US$),life expectancy at birth for different countries,pair0074,/Users/aj9225/Local/meta-learning-ecological-priors-from-llms/functionlearning/data/cause-effects/pairs/pair0074.txt,3,32738.75,43605.0,coverage,1757496907
74,7,[3130.0],71.0,3130.0,71.0,GNI (Gross national income) per capita for different countries (in US$),life expectancy at birth for different countries,GNI (Gross national income) per capita for different countries (in US$),life expectancy at birth for different countries,pair0074,/Users/aj9225/Local/meta-learning-ecological-priors-from-llms/functionlearning/data/cause-effects/pairs/pair0074.txt,0,140.0,11006.25,density,1757496907
74,8,[1080.0],45.0,1080.0,45.0,GNI (Gross national income) per capita for different countries (in US$),life expectancy at birth for different countries,GNI (Gross national income) per capita for different countries (in US$),life expectancy at birth for different countries,pair0074,/Users/aj9225/Local/meta-learning-ecological-priors-from-llms/functionlearning/data/cause-effects/pairs/pair0074.txt,0,140.0,11006.25,density,1757496907
74,9,[340.0],44.0,340.0,44.0,GNI (Gross national income) per capita for different countries (in US$),life expectancy at birth for different countries,GNI (Gross national income) per capita for different countries (in US$),life expectancy at birth for different countries,pair0074,/Users/aj9225/Local/meta-learning-ecological-priors-from-llms/functionlearning/data/cause-effects/pairs/pair0074.txt,0,140.0,11006.25,coverage,1757496907
74,10,[2340.0],69.0,2340.0,69.0,GNI (Gross national income) per capita for different countries (in US$),life expectancy at birth for different countries,GNI (Gross national income) per capita for different countries (in US$),life expectancy at birth for different countries,pair0074,/Users/aj9225/Local/meta-learning-ecological-priors-from-llms/functionlearning/data/cause-effects/pairs/pair0074.txt,0,140.0,11006.25,density,1757496907
74,11,[31960.0],81.0,31960.0,81.0,GNI (Gross national income) per capita for different countries (in US$),life expectancy at birth for different countries,GNI (Gross national income) per capita for different countries (in US$),life expectancy at birth for different countries,pair0074,/Users/aj9225/Local/meta-learning-ecological-priors-from-llms/functionlearning/data/cause-effects/pairs/pair0074.txt,2,21872.5,32738.75,density,1757496907
74,12,[220.0],62.0,220.0,62.0,GNI (Gross national income) per capita for different countries (in US$),life expectancy at birth for different countries,GNI (Gross national income) per capita for different countries (in US$),life expectancy at birth for different countries,pair0074,/Users/aj9225/Local/meta-learning-ecological-priors-from-llms/functionlearning/data/cause-effects/pairs/pair0074.txt,0,140.0,11006.25,density,1757496907
74,13,[6970.0],74.0,6970.0,74.0,GNI (Gross national income) per capita for different countries (in US$),life expectancy at birth for different countries,GNI (Gross national income) per capita for different countries (in US$),life expectancy at birth for different countries,pair0074,/Users/aj9225/Local/meta-learning-ecological-priors-from-llms/functionlearning/data/cause-effects/pairs/pair0074.txt,0,140.0,11006.25,density,1757496907
74,14,[49590.0],80.0,49590.0,80.0,GNI (Gross national income) per capita for different countries (in US$),life expectancy at birth for different countries,GNI (Gross national income) per capita for different countries (in US$),life expectancy at birth for different countries,pair0074,/Users/aj9225/Local/meta-learning-ecological-priors-from-llms/functionlearning/data/cause-effects/pairs/pair0074.txt,4,43605.0,54471.25,coverage,1757496907
74,15,[2010.0],71.0,2010.0,71.0,GNI (Gross national income) per capita for different countries (in US$),life expectancy at birth for different countries,GNI (Gross national income) per capita for different countries (in US$),life expectancy at birth for different countries,pair0074,/Users/aj9225/Local/meta-learning-ecological-priors-from-llms/functionlearning/data/cause-effects/pairs/pair0074.txt,0,140.0,11006.25,density,1757496907
74,16,[250.0],44.0,250.0,44.0,GNI (Gross national income) per capita for different countries (in US$),life expectancy at birth for different countries,GNI (Gross national income) per capita for different countries (in US$),life expectancy at birth for different countries,pair0074,/Users/aj9225/Local/meta-learning-ecological-priors-from-llms/functionlearning/data/cause-effects/pairs/pair0074.txt,0,140.0,11006.25,density,1757496907
74,17,[24700.0],81.0,24700.0,81.0,GNI (Gross national income) per capita for different countries (in US$),life expectancy at birth for different countries,GNI (Gross national income) per capita for different countries (in US$),life expectancy at birth for different countries,pair0074,/Users/aj9225/Local/meta-learning-ecological-priors-from-llms/functionlearning/data/cause-effects/pairs/pair0074.txt,2,21872.5,32738.75,coverage,1757496907
74,18,[330.0],51.0,330.0,51.0,GNI (Gross national income) per capita for different countries (in US$),life expectancy at birth for different countries,GNI (Gross national income) per capita for different countries (in US$),life expectancy at birth for different countries,pair0074,/Users/aj9225/Local/meta-learning-ecological-priors-from-llms/functionlearning/data/cause-effects/pairs/pair0074.txt,0,140.0,11006.25,density,1757496907
74,19,[430.0],56.0,430.0,56.0,GNI (Gross national income) per capita for different countries (in US$),life expectancy at birth for different countries,GNI (Gross national income) per capita for different countries (in US$),life expectancy at birth for different countries,pair0074,/Users/aj9225/Local/meta-learning-ecological-priors-from-llms/functionlearning/data/cause-effects/pairs/pair0074.txt,0,140.0,11006.25,density,1757496907
74,20,[3840.0],77.0,3840.0,77.0,GNI (Gross national income) per capita for different countries (in US$),life expectancy at birth for different countries,GNI (Gross national income) per capita for different countries (in US$),life expectancy at birth for different countries,pair0074,/Users/aj9225/Local/meta-learning-ecological-priors-from-llms/functionlearning/data/cause-effects/pairs/pair0074.txt,0,140.0,11006.25,density,1757496907
74,21,[47580.0],79.0,47580.0,79.0,GNI (Gross national income) per capita for different countries (in US$),life expectancy at birth for different countries,GNI (Gross national income) per capita for different countries (in US$),life expectancy at birth for different countries,pair0074,/Users/aj9225/Local/meta-learning-ecological-priors-from-llms/functionlearning/data/cause-effects/pairs/pair0074.txt,4,43605.0,54471.25,density,1757496907
74,22,[21530.0],79.0,21530.0,79.0,GNI (Gross national income) per capita for different countries (in US$),life expectancy at birth for different countries,GNI (Gross national income) per capita for different countries (in US$),life expectancy at birth for different countries,pair0074,/Users/aj9225/Local/meta-learning-ecological-priors-from-llms/functionlearning/data/cause-effects/pairs/pair0074.txt,1,11006.25,21872.5,coverage,1757496907
74,23,[84890.0],80.0,84890.0,80.0,GNI (Gross national income) per capita for different countries (in US$),life expectancy at birth for different countries,GNI (Gross national income) per capita for different countries (in US$),life expectancy at birth for different countries,pair0074,/Users/aj9225/Local/meta-learning-ecological-priors-from-llms/functionlearning/data/cause-effects/pairs/pair0074.txt,7,76203.75,87070.0,coverage,1757496907
75,0,[131.0],1150.0,131.0,1150.0,under 5 mortality rate for different countries (deaths per 1000 live births),GNI (Gross national income) per capita for different countries (in US$),under 5 mortality rate for different countries (deaths per 1000 live births),GNI (Gross national income) per capita for different countries (in US$),pair0075,/Users/aj9225/Local/meta-learning-ecological-priors-from-llms/functionlearning/data/cause-effects/pairs/pair0075.txt,4,129.5,161.375,coverage,2765224489
75,1,[69.0],1070.0,69.0,1070.0,under 5 mortality rate for different countries (deaths per 1000 live births),GNI (Gross national income) per capita for different countries (in US$),under 5 mortality rate for different countries (deaths per 1000 live births),GNI (Gross national income) per capita for different countries (in US$),pair0075,/Users/aj9225/Local/meta-learning-ecological-priors-from-llms/functionlearning/data/cause-effects/pairs/pair0075.txt,2,65.75,97.625,density,2765224489
75,2,[61.0],1420.0,61.0,1420.0,under 5 mortality rate for different countries (deaths per 1000 live births),GNI (Gross national income) per capita for different countries (in US$),under 5 mortality rate for different countries (deaths per 1000 live births),GNI (Gross national income) per capita for different countries (in US$),pair0075,/Users/aj9225/Local/meta-learning-ecological-priors-from-llms/functionlearning/data/cause-effects/pairs/pair0075.txt,1,33.875,65.75,coverage,2765224489
75,3,[195.0],250.0,195.0,250.0,under 5 mortality rate for different countries (deaths per 1000 live births),GNI (Gross national income) per capita for different countries (in US$),under 5 mortality rate for different countries (deaths per 1000 live births),GNI (Gross national income) per capita for different countries (in US$),pair0075,/Users/aj9225/Local/meta-learning-ecological-priors-from-llms/functionlearning/data/cause-effects/pairs/pair0075.txt,6,193.25,225.125,coverage,2765224489
75,4,[5.0],24700.0,5.0,24700.0,under 5 mortality rate for different countries (deaths per 1000 live births),GNI (Gross national income) per capita for different countries (in US$),under 5 mortality rate for different countries (deaths per 1000 live births),GNI (Gross national income) per capita for different countries (in US$),pair0075,/Users/aj9225/Local/meta-learning-ecological-priors-from-llms/functionlearning/data/cause-effects/pairs/pair0075.txt,0,2.0,33.875,density,2765224489
75,5,[6.0],11905.0,6.0,11905.0,under 5 mortality rate for different countries (deaths per 1000 live births),GNI (Gross national income) per capita for different countries (in US$),under 5 mortality rate for different countries (deaths per 1000 live births),GNI (Gross national income) per capita for different countries (in US$),pair0075,/Users/aj9225/Local/meta-learning-ecological-priors-from-llms/functionlearning/data/cause-effects/pairs/pair0075.txt,0,2.0,33.875,density,2765224489
75,6,[8.0],14540.0,8.0,14540.0,under 5 mortality rate for different countries (deaths per 1000 live births),GNI (Gross national income) per capita for different countries (in US$),under 5 mortality rate for different countries (deaths per 1000 live births),GNI (Gross national income) per capita for different countries (in US$),pair0075,/Users/aj9225/Local/meta-learning-ecological-priors-from-llms/functionlearning/data/cause-effects/pairs/pair0075.txt,0,2.0,33.875,density,2765224489
75,7,[20.0],4660.0,20.0,4660.0,under 5 mortality rate for different countries (deaths per 1000 live births),GNI (Gross national income) per capita for different countries (in US$),under 5 mortality rate for different countries (deaths per 1000 live births),GNI (Gross national income) per capita for different countries (in US$),pair0075,/Users/aj9225/Local/meta-learning-ecological-priors-from-llms/functionlearning/data/cause-effects/pairs/pair0075.txt,0,2.0,33.875,density,2765224489
75,8,[4.0],42440.0,4.0,42440.0,under 5 mortality rate for different countries (deaths per 1000 live births),GNI (Gross national income) per capita for different countries (in US$),under 5 mortality rate for different countries (deaths per 1000 live births),GNI (Gross national income) per capita for different countries (in US$),pair0075,/Users/aj9225/Local/meta-learning-ecological-priors-from-llms/functionlearning/data/cause-effects/pairs/pair0075.txt,0,2.0,33.875,density,2765224489
75,9,[4.0],11906.0,4.0,11906.0,under 5 mortality rate for different countries (deaths per 1000 live births),GNI (Gross national income) per capita for different countries (in US$),under 5 mortality rate for different countries (deaths per 1000 live births),GNI (Gross national income) per capita for different countries (in US$),pair0075,/Users/aj9225/Local/meta-learning-ecological-priors-from-llms/functionlearning/data/cause-effects/pairs/pair0075.txt,0,2.0,33.875,density,2765224489
75,10,[194.0],320.0,194.0,320.0,under 5 mortality rate for different countries (deaths per 1000 live births),GNI (Gross national income) per capita for different countries (in US$),under 5 mortality rate for different countries (deaths per 1000 live births),GNI (Gross national income) per capita for different countries (in US$),pair0075,/Users/aj9225/Local/meta-learning-ecological-priors-from-llms/functionlearning/data/cause-effects/pairs/pair0075.txt,6,193.25,225.125,density,2765224489
75,11,[6.0],14270.0,6.0,14270.0,under 5 mortality rate for different countries (deaths per 1000 live births),GNI (Gross national income) per capita for different countries (in US$),under 5 mortality rate for different countries (deaths per 1000 live births),GNI (Gross national income) per capita for different countries (in US$),pair0075,/Users/aj9225/Local/meta-learning-ecological-priors-from-llms/functionlearning/data/cause-effects/pairs/pair0075.txt,0,2.0,33.875,density,2765224489
75,12,[127.0],1970.0,127.0,1970.0,under 5 mortality rate for different countries (deaths per 1000 live births),GNI (Gross national income) per capita for different countries (in US$),under 5 mortality rate for different countries (deaths per 1000 live births),GNI (Gross national income) per capita for different countries (in US$),pair0075,/Users/aj9225/Local/meta-learning-ecological-priors-from-llms/functionlearning/data/cause-effects/pairs/pair0075.txt,3,97.625,129.5,density,2765224489
75,13,[27.0],4990.0,27.0,4990.0,under 5 mortality rate for different countries (deaths per 1000 live births),GNI (Gross national income) per capita for different countries (in US$),under 5 mortality rate for different countries (deaths per 1000 live births),GNI (Gross national income) per capita for different countries (in US$),pair0075,/Users/aj9225/Local/meta-learning-ecological-priors-from-llms/functionlearning/data/cause-effects/pairs/pair0075.txt,0,2.0,33.875,density,2765224489
75,14,[104.0],430.0,104.0,430.0,under 5 mortality rate for different countries (deaths per 1000 live births),GNI (Gross national income) per capita for different countries (in US$),under 5 mortality rate for different countries (deaths per 1000 live births),GNI (Gross national income) per capita for different countries (in US$),pair0075,/Users/aj9225/Local/meta-learning-ecological-priors-from-llms/functionlearning/data/cause-effects/pairs/pair0075.txt,3,97.625,129.5,coverage,2765224489
75,15,[93.0],2460.0,93.0,2460.0,under 5 mortality rate for different countries (deaths per 1000 live births),GNI (Gross national income) per capita for different countries (in US$),under 5 mortality rate for different countries (deaths per 1000 live births),GNI (Gross national income) per capita for different countries (in US$),pair0075,/Users/aj9225/Local/meta-learning-ecological-priors-from-llms/functionlearning/data/cause-effects/pairs/pair0075.txt,2,65.75,97.625,coverage,2765224489
75,16,[4.0],28650.0,4.0,28650.0,under 5 mortality rate for different countries (deaths per 1000 live births),GNI (Gross national income) per capita for different countries (in US$),under 5 mortality rate for different countries (deaths per 1000 live births),GNI (Gross national income) per capita for different countries (in US$),pair0075,/Users/aj9225/Local/meta-learning-ecological-priors-from-llms/functionlearning/data/cause-effects/pairs/pair0075.txt,0,2.0,33.875,coverage,2765224489
75,17,[36.0],2580.0,36.0,2580.0,under 5 mortality rate for different countries (deaths per 1000 live births),GNI (Gross national income) per capita for different countries (in US$),under 5 mortality rate for different countries (deaths per 1000 live births),GNI (Gross national income) per capita for different countries (in US$),pair0075,/Users/aj9225/Local/meta-learning-ecological-priors-from-llms/functionlearning/data/cause-effects/pairs/pair0075.txt,1,33.875,65.75,density,2765224489
75,18,[257.0],250.0,257.0,250.0,under 5 mortality rate for different countries (deaths per 1000 live births),GNI (Gross national income) per capita for different countries (in US$),under 5 mortality rate for different countries (deaths per 1000 live births),GNI (Gross national income) per capita for different countries (in US$),pair0075,/Users/aj9225/Local/meta-learning-ecological-priors-from-llms/functionlearning/data/cause-effects/pairs/pair0075.txt,7,225.125,257.0,coverage,2765224489
75,19,[186.0],1160.0,186.0,1160.0,under 5 mortality rate for different countries (deaths per 1000 live births),GNI (Gross national income) per capita for different countries (in US$),under 5 mortality rate for different countries (deaths per 1000 live births),GNI (Gross national income) per capita for different countries (in US$),pair0075,/Users/aj9225/Local/meta-learning-ecological-priors-from-llms/functionlearning/data/cause-effects/pairs/pair0075.txt,5,161.375,193.25,coverage,2765224489
75,20,[33.0],2330.0,33.0,2330.0,under 5 mortality rate for different countries (deaths per 1000 live births),GNI (Gross national income) per capita for different countries (in US$),under 5 mortality rate for different countries (deaths per 1000 live births),GNI (Gross national income) per capita for different countries (in US$),pair0075,/Users/aj9225/Local/meta-learning-ecological-priors-from-llms/functionlearning/data/cause-effects/pairs/pair0075.txt,0,2.0,33.875,density,2765224489
75,21,[132.0],1420.0,132.0,1420.0,under 5 mortality rate for different countries (deaths per 1000 live births),GNI (Gross national income) per capita for different countries (in US$),under 5 mortality rate for different countries (deaths per 1000 live births),GNI (Gross national income) per capita for different countries (in US$),pair0075,/Users/aj9225/Local/meta-learning-ecological-priors-from-llms/functionlearning/data/cause-effects/pairs/pair0075.txt,4,129.5,161.375,density,2765224489
75,22,[106.0],410.0,106.0,410.0,under 5 mortality rate for different countries (deaths per 1000 live births),GNI (Gross national income) per capita for different countries (in US$),under 5 mortality rate for different countries (deaths per 1000 live births),GNI (Gross national income) per capita for different countries (in US$),pair0075,/Users/aj9225/Local/meta-learning-ecological-priors-from-llms/functionlearning/data/cause-effects/pairs/pair0075.txt,3,97.625,129.5,density,2765224489
75,23,[48.0],2000.0,48.0,2000.0,under 5 mortality rate for different countries (deaths per 1000 live births),GNI (Gross national income) per capita for different countries (in US$),under 5 mortality rate for different countries (deaths per 1000 live births),GNI (Gross national income) per capita for different countries (in US$),pair0075,/Users/aj9225/Local/meta-learning-ecological-priors-from-llms/functionlearning/data/cause-effects/pairs/pair0075.txt,1,33.875,65.75,density,2765224489
76,0,[1.9],2.2,1.9,2.2,the average annual rate of change of population;,the average annual rate of change of total dietary consumption for total population (kcal/day),the average annual rate of change of population;,the average annual rate of change of total dietary consumption for total population (kcal/day),pair0076,/Users/aj9225/Local/meta-learning-ecological-priors-from-llms/functionlearning/data/cause-effects/pairs/pair0076.txt,5,1.4874999999999998,3.2250000000000005,density,2360486913
76,1,[-2.2],-4.4,-2.2,-4.4,the average annual rate of change of population;,the average annual rate of change of total dietary consumption for total population (kcal/day),the average annual rate of change of population;,the average annual rate of change of total dietary consumption for total population (kcal/day),pair0076,/Users/aj9225/Local/meta-learning-ecological-priors-from-llms/functionlearning/data/cause-effects/pairs/pair0076.txt,2,-3.725,-1.9874999999999998,coverage,2360486913
76,2,[-0.1],0.7,-0.1,0.7,the average annual rate of change of population;,the average annual rate of change of total dietary consumption for total population (kcal/day),the average annual rate of change of population;,the average annual rate of change of total dietary consumption for total population (kcal/day),pair0076,/Users/aj9225/Local/meta-learning-ecological-priors-from-llms/functionlearning/data/cause-effects/pairs/pair0076.txt,4,-0.25,1.4874999999999998,coverage,2360486913
76,3,[0.4],0.2,0.4,0.2,the average annual rate of change of population;,the average annual rate of change of total dietary consumption for total population (kcal/day),the average annual rate of change of population;,the average annual rate of change of total dietary consumption for total population (kcal/day),pair0076,/Users/aj9225/Local/meta-learning-ecological-priors-from-llms/functionlearning/data/cause-effects/pairs/pair0076.txt,4,-0.25,1.4874999999999998,density,2360486913
76,4,[-1.4],-1.5,-1.4,-1.5,the average annual rate of change of population;,the average annual rate of change of total dietary consumption for total population (kcal/day),the average annual rate of change of population;,the average annual rate of change of total dietary consumption for total population (kcal/day),pair0076,/Users/aj9225/Local/meta-learning-ecological-priors-from-llms/functionlearning/data/cause-effects/pairs/pair0076.txt,3,-1.9874999999999998,-0.25,density,2360486913
76,5,[-5.9],-5.6,-5.9,-5.6,the average annual rate of change of population;,the average annual rate of change of total dietary consumption for total population (kcal/day),the average annual rate of change of population;,the average annual rate of change of total dietary consumption for total population (kcal/day),pair0076,/Users/aj9225/Local/meta-learning-ecological-priors-from-llms/functionlearning/data/cause-effects/pairs/pair0076.txt,0,-7.2,-5.4625,coverage,2360486913
76,6,[5.4],5.2,5.4,5.2,the average annual rate of change of population;,the average annual rate of change of total dietary consumption for total population (kcal/day),the average annual rate of change of population;,the average annual rate of change of total dietary consumption for total population (kcal/day),pair0076,/Users/aj9225/Local/meta-learning-ecological-priors-from-llms/functionlearning/data/cause-effects/pairs/pair0076.txt,7,4.9624999999999995,6.7,coverage,2360486913
76,7,[-3.1],-2.4,-3.1,-2.4,the average annual rate of change of population;,the average annual rate of change of total dietary consumption for total population (kcal/day),the average annual rate of change of population;,the average annual rate of change of total dietary consumption for total population (kcal/day),pair0076,/Users/aj9225/Local/meta-learning-ecological-priors-from-llms/functionlearning/data/cause-effects/pairs/pair0076.txt,2,-3.725,-1.9874999999999998,density,2360486913
76,8,[-0.4],-0.9,-0.4,-0.9,the average annual rate of change of population;,the average annual rate of change of total dietary consumption for total population (kcal/day),the average annual rate of change of population;,the average annual rate of change of total dietary consumption for total population (kcal/day),pair0076,/Users/aj9225/Local/meta-learning-ecological-priors-from-llms/functionlearning/data/cause-effects/pairs/pair0076.txt,3,-1.9874999999999998,-0.25,density,2360486913
76,9,[-1.2],-0.8,-1.2,-0.8,the average annual rate of change of population;,the average annual rate of change of total dietary consumption for total population (kcal/day),the average annual rate of change of population;,the average annual rate of change of total dietary consumption for total population (kcal/day),pair0076,/Users/aj9225/Local/meta-learning-ecological-priors-from-llms/functionlearning/data/cause-effects/pairs/pair0076.txt,3,-1.9874999999999998,-0.25,density,2360486913
76,10,[2.5],1.8,2.5,1.8,the average annual rate of change of population;,the average annual rate of change of total dietary consumption for total population (kcal/day),the average annual rate of change of population;,the average annual rate of change of total dietary consumption for total population (kcal/day),pair0076,/Users/aj9225/Local/meta-learning-ecological-priors-from-llms/functionlearning/data/cause-effects/pairs/pair0076.txt,5,1.4874999999999998,3.2250000000000005,density,2360486913
76,11,[-3.8],-6.0,-3.8,-6.0,the average annual rate of change of population;,the average annual rate of change of total dietary consumption for total population (kcal/day),the average annual rate of change of population;,the average annual rate of change of total dietary consumption for total population (kcal/day),pair0076,/Users/aj9225/Local/meta-learning-ecological-priors-from-llms/functionlearning/data/cause-effects/pairs/pair0076.txt,1,-5.4625,-3.725,coverage,2360486913
76,12,[0.9],0.6,0.9,0.6,the average annual rate of change of population;,the average annual rate of change of total dietary consumption for total population (kcal/day),the average annual rate of change of population;,the average annual rate of change of total dietary consumption for total population (kcal/day),pair0076,/Users/aj9225/Local/meta-learning-ecological-priors-from-llms/functionlearning/data/cause-effects/pairs/pair0076.txt,4,-0.25,1.4874999999999998,density,2360486913
76,13,[-2.1],-2.0,-2.1,-2.0,the average annual rate of change of population;,the average annual rate of change of total dietary consumption for total population (kcal/day),the average annual rate of change of population;,the average annual rate of change of total dietary consumption for total population (kcal/day),pair0076,/Users/aj9225/Local/meta-learning-ecological-priors-from-llms/functionlearning/data/cause-effects/pairs/pair0076.txt,2,-3.725,-1.9874999999999998,density,2360486913
76,14,[0.7],0.4,0.7,0.4,the average annual rate of change of population;,the average annual rate of change of total dietary consumption for total population (kcal/day),the average annual rate of change of population;,the average annual rate of change of total dietary consumption for total population (kcal/day),pair0076,/Users/aj9225/Local/meta-learning-ecological-priors-from-llms/functionlearning/data/cause-effects/pairs/pair0076.txt,4,-0.25,1.4874999999999998,density,2360486913
76,15,[-1.3],-1.9,-1.3,-1.9,the average annual rate of change of population;,the average annual rate of change of total dietary consumption for total population (kcal/day),the average annual rate of change of population;,the average annual rate of change of total dietary consumption for total population (kcal/day),pair0076,/Users/aj9225/Local/meta-learning-ecological-priors-from-llms/functionlearning/data/cause-effects/pairs/pair0076.txt,3,-1.9874999999999998,-0.25,density,2360486913
76,16,[1.5],2.9,1.5,2.9,the average annual rate of change of population;,the average annual rate of change of total dietary consumption for total population (kcal/day),the average annual rate of change of population;,the average annual rate of change of total dietary consumption for total population (kcal/day),pair0076,/Users/aj9225/Local/meta-learning-ecological-priors-from-llms/functionlearning/data/cause-effects/pairs/pair0076.txt,5,1.4874999999999998,3.2250000000000005,coverage,2360486913
76,17,[3.6],-0.8,3.6,-0.8,the average annual rate of change of population;,the average annual rate of change of total dietary consumption for total population (kcal/day),the average annual rate of change of population;,the average annual rate of change of total dietary consumption for total population (kcal/day),pair0076,/Users/aj9225/Local/meta-learning-ecological-priors-from-llms/functionlearning/data/cause-effects/pairs/pair0076.txt,6,3.2250000000000005,4.9624999999999995,coverage,2360486913
76,18,[-0.3],-5.1,-0.3,-5.1,the average annual rate of change of population;,the average annual rate of change of total dietary consumption for total population (kcal/day),the average annual rate of change of population;,the average annual rate of change of total dietary consumption for total population (kcal/day),pair0076,/Users/aj9225/Local/meta-learning-ecological-priors-from-llms/functionlearning/data/cause-effects/pairs/pair0076.txt,3,-1.9874999999999998,-0.25,coverage,2360486913
76,19,[0.5],2.3,0.5,2.3,the average annual rate of change of population;,the average annual rate of change of total dietary consumption for total population (kcal/day),the average annual rate of change of population;,the average annual rate of change of total dietary consumption for total population (kcal/day),pair0076,/Users/aj9225/Local/meta-learning-ecological-priors-from-llms/functionlearning/data/cause-effects/pairs/pair0076.txt,4,-0.25,1.4874999999999998,density,2360486913
76,20,[-3.0],-4.7,-3.0,-4.7,the average annual rate of change of population;,the average annual rate of change of total dietary consumption for total population (kcal/day),the average annual rate of change of population;,the average annual rate of change of total dietary consumption for total population (kcal/day),pair0076,/Users/aj9225/Local/meta-learning-ecological-priors-from-llms/functionlearning/data/cause-effects/pairs/pair0076.txt,2,-3.725,-1.9874999999999998,density,2360486913
76,21,[2.4],4.0,2.4,4.0,the average annual rate of change of population;,the average annual rate of change of total dietary consumption for total population (kcal/day),the average annual rate of change of population;,the average annual rate of change of total dietary consumption for total population (kcal/day),pair0076,/Users/aj9225/Local/meta-learning-ecological-priors-from-llms/functionlearning/data/cause-effects/pairs/pair0076.txt,5,1.4874999999999998,3.2250000000000005,density,2360486913
76,22,[2.4],2.7,2.4,2.7,the average annual rate of change of population;,the average annual rate of change of total dietary consumption for total population (kcal/day),the average annual rate of change of population;,the average annual rate of change of total dietary consumption for total population (kcal/day),pair0076,/Users/aj9225/Local/meta-learning-ecological-priors-from-llms/functionlearning/data/cause-effects/pairs/pair0076.txt,5,1.4874999999999998,3.2250000000000005,density,2360486913
76,23,[1.1],2.7,1.1,2.7,the average annual rate of change of population;,the average annual rate of change of total dietary consumption for total population (kcal/day),the average annual rate of change of population;,the average annual rate of change of total dietary consumption for total population (kcal/day),pair0076,/Users/aj9225/Local/meta-learning-ecological-priors-from-llms/functionlearning/data/cause-effects/pairs/pair0076.txt,4,-0.25,1.4874999999999998,density,2360486913
78,0,[277.8],8.87,277.8,8.87,PPFD (Photosynthetic Photon Flux Density),NEP (Net Ecosystem Productivity),PPFD (Photosynthetic Photon Flux Density),NEP (Net Ecosystem Productivity),pair0078,/Users/aj9225/Local/meta-learning-ecological-priors-from-llms/functionlearning/data/cause-effects/pairs/pair0078.txt,1,222.87499999999997,441.54999999999995,density,368247393
78,1,[578.0],15.794,578.0,15.794,PPFD (Photosynthetic Photon Flux Density),NEP (Net Ecosystem Productivity),PPFD (Photosynthetic Photon Flux Density),NEP (Net Ecosystem Productivity),pair0078,/Users/aj9225/Local/meta-learning-ecological-priors-from-llms/functionlearning/data/cause-effects/pairs/pair0078.txt,2,441.54999999999995,660.225,coverage,368247393
78,2,[88.6],0.322,88.6,0.322,PPFD (Photosynthetic Photon Flux Density),NEP (Net Ecosystem Productivity),PPFD (Photosynthetic Photon Flux Density),NEP (Net Ecosystem Productivity),pair0078,/Users/aj9225/Local/meta-learning-ecological-priors-from-llms/functionlearning/data/cause-effects/pairs/pair0078.txt,0,4.2,222.87499999999997,density,368247393
78,3,[1137.8],9.556,1137.8,9.556,PPFD (Photosynthetic Photon Flux Density),NEP (Net Ecosystem Productivity),PPFD (Photosynthetic Photon Flux Density),NEP (Net Ecosystem Productivity),pair0078,/Users/aj9225/Local/meta-learning-ecological-priors-from-llms/functionlearning/data/cause-effects/pairs/pair0078.txt,5,1097.575,1316.25,coverage,368247393
78,4,[341.6],14.543,341.6,14.543,PPFD (Photosynthetic Photon Flux Density),NEP (Net Ecosystem Productivity),PPFD (Photosynthetic Photon Flux Density),NEP (Net Ecosystem Productivity),pair0078,/Users/aj9225/Local/meta-learning-ecological-priors-from-llms/functionlearning/data/cause-effects/pairs/pair0078.txt,1,222.87499999999997,441.54999999999995,density,368247393
78,5,[504.0],20.772,504.0,20.772,PPFD (Photosynthetic Photon Flux Density),NEP (Net Ecosystem Productivity),PPFD (Photosynthetic Photon Flux Density),NEP (Net Ecosystem Productivity),pair0078,/Users/aj9225/Local/meta-learning-ecological-priors-from-llms/functionlearning/data/cause-effects/pairs/pair0078.txt,2,441.54999999999995,660.225,density,368247393
78,6,[714.6],21.749,714.6,21.749,PPFD (Photosynthetic Photon Flux Density),NEP (Net Ecosystem Productivity),PPFD (Photosynthetic Photon Flux Density),NEP (Net Ecosystem Productivity),pair0078,/Users/aj9225/Local/meta-learning-ecological-priors-from-llms/functionlearning/data/cause-effects/pairs/pair0078.txt,3,660.225,878.9,coverage,368247393
78,7,[104.0],0.695,104.0,0.695,PPFD (Photosynthetic Photon Flux Density),NEP (Net Ecosystem Productivity),PPFD (Photosynthetic Photon Flux Density),NEP (Net Ecosystem Productivity),pair0078,/Users/aj9225/Local/meta-learning-ecological-priors-from-llms/functionlearning/data/cause-effects/pairs/pair0078.txt,0,4.2,222.87499999999997,density,368247393
78,8,[1222.1],25.188,1222.1,25.188,PPFD (Photosynthetic Photon Flux Density),NEP (Net Ecosystem Productivity),PPFD (Photosynthetic Photon Flux Density),NEP (Net Ecosystem Productivity),pair0078,/Users/aj9225/Local/meta-learning-ecological-priors-from-llms/functionlearning/data/cause-effects/pairs/pair0078.txt,5,1097.575,1316.25,density,368247393
78,9,[145.3],5.037,145.3,5.037,PPFD (Photosynthetic Photon Flux Density),NEP (Net Ecosystem Productivity),PPFD (Photosynthetic Photon Flux Density),NEP (Net Ecosystem Productivity),pair0078,/Users/aj9225/Local/meta-learning-ecological-priors-from-llms/functionlearning/data/cause-effects/pairs/pair0078.txt,0,4.2,222.87499999999997,density,368247393
78,10,[846.3],26.743,846.3,26.743,PPFD (Photosynthetic Photon Flux Density),NEP (Net Ecosystem Productivity),PPFD (Photosynthetic Photon Flux Density),NEP (Net Ecosystem Productivity),pair0078,/Users/aj9225/Local/meta-learning-ecological-priors-from-llms/functionlearning/data/cause-effects/pairs/pair0078.txt,3,660.225,878.9,density,368247393
78,11,[152.0],6.416,152.0,6.416,PPFD (Photosynthetic Photon Flux Density),NEP (Net Ecosystem Productivity),PPFD (Photosynthetic Photon Flux Density),NEP (Net Ecosystem Productivity),pair0078,/Users/aj9225/Local/meta-learning-ecological-priors-from-llms/functionlearning/data/cause-effects/pairs/pair0078.txt,0,4.2,222.87499999999997,coverage,368247393
78,12,[1370.0],28.862,1370.0,28.862,PPFD (Photosynthetic Photon Flux Density),NEP (Net Ecosystem Productivity),PPFD (Photosynthetic Photon Flux Density),NEP (Net Ecosystem Productivity),pair0078,/Users/aj9225/Local/meta-learning-ecological-priors-from-llms/functionlearning/data/cause-effects/pairs/pair0078.txt,6,1316.25,1534.925,density,368247393
78,13,[977.4],16.718,977.4,16.718,PPFD (Photosynthetic Photon Flux Density),NEP (Net Ecosystem Productivity),PPFD (Photosynthetic Photon Flux Density),NEP (Net Ecosystem Productivity),pair0078,/Users/aj9225/Local/meta-learning-ecological-priors-from-llms/functionlearning/data/cause-effects/pairs/pair0078.txt,4,878.9,1097.575,coverage,368247393
78,14,[285.5],9.15,285.5,9.15,PPFD (Photosynthetic Photon Flux Density),NEP (Net Ecosystem Productivity),PPFD (Photosynthetic Photon Flux Density),NEP (Net Ecosystem Productivity),pair0078,/Users/aj9225/Local/meta-learning-ecological-priors-from-llms/functionlearning/data/cause-effects/pairs/pair0078.txt,1,222.87499999999997,441.54999999999995,density,368247393
78,15,[88.5],1.083,88.5,1.083,PPFD (Photosynthetic Photon Flux Density),NEP (Net Ecosystem Productivity),PPFD (Photosynthetic Photon Flux Density),NEP (Net Ecosystem Productivity),pair0078,/Users/aj9225/Local/meta-learning-ecological-priors-from-llms/functionlearning/data/cause-effects/pairs/pair0078.txt,0,4.2,222.87499999999997,density,368247393
78,16,[333.4],11.507,333.4,11.507,PPFD (Photosynthetic Photon Flux Density),NEP (Net Ecosystem Productivity),PPFD (Photosynthetic Photon Flux Density),NEP (Net Ecosystem Productivity),pair0078,/Users/aj9225/Local/meta-learning-ecological-priors-from-llms/functionlearning/data/cause-effects/pairs/pair0078.txt,1,222.87499999999997,441.54999999999995,coverage,368247393
78,17,[605.5],22.838,605.5,22.838,PPFD (Photosynthetic Photon Flux Density),NEP (Net Ecosystem Productivity),PPFD (Photosynthetic Photon Flux Density),NEP (Net Ecosystem Productivity),pair0078,/Users/aj9225/Local/meta-learning-ecological-priors-from-llms/functionlearning/data/cause-effects/pairs/pair0078.txt,2,441.54999999999995,660.225,density,368247393
78,18,[1084.7],33.018,1084.7,33.018,PPFD (Photosynthetic Photon Flux Density),NEP (Net Ecosystem Productivity),PPFD (Photosynthetic Photon Flux Density),NEP (Net Ecosystem Productivity),pair0078,/Users/aj9225/Local/meta-learning-ecological-priors-from-llms/functionlearning/data/cause-effects/pairs/pair0078.txt,4,878.9,1097.575,density,368247393
78,19,[1660.2],23.776,1660.2,23.776,PPFD (Photosynthetic Photon Flux Density),NEP (Net Ecosystem Productivity),PPFD (Photosynthetic Photon Flux Density),NEP (Net Ecosystem Productivity),pair0078,/Users/aj9225/Local/meta-learning-ecological-priors-from-llms/functionlearning/data/cause-effects/pairs/pair0078.txt,7,1534.925,1753.6,coverage,368247393
78,20,[1443.9],20.652,1443.9,20.652,PPFD (Photosynthetic Photon Flux Density),NEP (Net Ecosystem Productivity),PPFD (Photosynthetic Photon Flux Density),NEP (Net Ecosystem Productivity),pair0078,/Users/aj9225/Local/meta-learning-ecological-priors-from-llms/functionlearning/data/cause-effects/pairs/pair0078.txt,6,1316.25,1534.925,coverage,368247393
78,21,[999.3],31.041,999.3,31.041,PPFD (Photosynthetic Photon Flux Density),NEP (Net Ecosystem Productivity),PPFD (Photosynthetic Photon Flux Density),NEP (Net Ecosystem Productivity),pair0078,/Users/aj9225/Local/meta-learning-ecological-priors-from-llms/functionlearning/data/cause-effects/pairs/pair0078.txt,4,878.9,1097.575,density,368247393
78,22,[822.8],13.41,822.8,13.41,PPFD (Photosynthetic Photon Flux Density),NEP (Net Ecosystem Productivity),PPFD (Photosynthetic Photon Flux Density),NEP (Net Ecosystem Productivity),pair0078,/Users/aj9225/Local/meta-learning-ecological-priors-from-llms/functionlearning/data/cause-effects/pairs/pair0078.txt,3,660.225,878.9,density,368247393
78,23,[1693.1],20.105,1693.1,20.105,PPFD (Photosynthetic Photon Flux Density),NEP (Net Ecosystem Productivity),PPFD (Photosynthetic Photon Flux Density),NEP (Net Ecosystem Productivity),pair0078,/Users/aj9225/Local/meta-learning-ecological-priors-from-llms/functionlearning/data/cause-effects/pairs/pair0078.txt,7,1534.925,1753.6,density,368247393
84,0,[8.2963],9.1799,8.2963,9.1799,the natural logarithm of employment in 1980 in 3102 counties in US;,the natural logorithm of the corresponding population,the natural logarithm of employment in 1980 in 3102 counties in US;,the natural logorithm of the corresponding population,pair0084,/Users/aj9225/Local/meta-learning-ecological-priors-from-llms/functionlearning/data/cause-effects/pairs/pair0084.txt,3,8.0267625,9.43345,coverage,118365489
84,1,[8.9833],10.0441,8.9833,10.0441,the natural logarithm of employment in 1980 in 3102 counties in US;,the natural logorithm of the corresponding population,the natural logarithm of employment in 1980 in 3102 counties in US;,the natural logorithm of the corresponding population,pair0084,/Users/aj9225/Local/meta-learning-ecological-priors-from-llms/functionlearning/data/cause-effects/pairs/pair0084.txt,3,8.0267625,9.43345,density,118365489
84,2,[8.7442],9.623,8.7442,9.623,the natural logarithm of employment in 1980 in 3102 counties in US;,the natural logorithm of the corresponding population,the natural logarithm of employment in 1980 in 3102 counties in US;,the natural logorithm of the corresponding population,pair0084,/Users/aj9225/Local/meta-learning-ecological-priors-from-llms/functionlearning/data/cause-effects/pairs/pair0084.txt,3,8.0267625,9.43345,density,118365489
84,3,[6.2025],7.0792,6.2025,7.0792,the natural logarithm of employment in 1980 in 3102 counties in US;,the natural logorithm of the corresponding population,the natural logarithm of employment in 1980 in 3102 counties in US;,the natural logorithm of the corresponding population,pair0084,/Users/aj9225/Local/meta-learning-ecological-priors-from-llms/functionlearning/data/cause-effects/pairs/pair0084.txt,1,5.2133875,6.620075,coverage,118365489
84,4,[3.8067],4.5109,3.8067,4.5109,the natural logarithm of employment in 1980 in 3102 counties in US;,the natural logorithm of the corresponding population,the natural logarithm of employment in 1980 in 3102 counties in US;,the natural logorithm of the corresponding population,pair0084,/Users/aj9225/Local/meta-learning-ecological-priors-from-llms/functionlearning/data/cause-effects/pairs/pair0084.txt,0,3.8067,5.2133875,coverage,118365489
84,5,[9.591],10.7369,9.591,10.7369,the natural logarithm of employment in 1980 in 3102 counties in US;,the natural logorithm of the corresponding population,the natural logarithm of employment in 1980 in 3102 counties in US;,the natural logorithm of the corresponding population,pair0084,/Users/aj9225/Local/meta-learning-ecological-priors-from-llms/functionlearning/data/cause-effects/pairs/pair0084.txt,4,9.43345,10.8401375,density,118365489
84,6,[9.0367],9.9182,9.0367,9.9182,the natural logarithm of employment in 1980 in 3102 counties in US;,the natural logorithm of the corresponding population,the natural logarithm of employment in 1980 in 3102 counties in US;,the natural logorithm of the corresponding population,pair0084,/Users/aj9225/Local/meta-learning-ecological-priors-from-llms/functionlearning/data/cause-effects/pairs/pair0084.txt,3,8.0267625,9.43345,density,118365489
84,7,[8.7701],9.8484,8.7701,9.8484,the natural logarithm of employment in 1980 in 3102 counties in US;,the natural logorithm of the corresponding population,the natural logarithm of employment in 1980 in 3102 counties in US;,the natural logorithm of the corresponding population,pair0084,/Users/aj9225/Local/meta-learning-ecological-priors-from-llms/functionlearning/data/cause-effects/pairs/pair0084.txt,3,8.0267625,9.43345,density,118365489
84,8,[11.8694],12.8076,11.8694,12.8076,the natural logarithm of employment in 1980 in 3102 counties in US;,the natural logorithm of the corresponding population,the natural logarithm of employment in 1980 in 3102 counties in US;,the natural logorithm of the corresponding population,pair0084,/Users/aj9225/Local/meta-learning-ecological-priors-from-llms/functionlearning/data/cause-effects/pairs/pair0084.txt,5,10.8401375,12.246824999999998,density,118365489
84,9,[11.1468],12.051,11.1468,12.051,the natural logarithm of employment in 1980 in 3102 counties in US;,the natural logorithm of the corresponding population,the natural logarithm of employment in 1980 in 3102 counties in US;,the natural logorithm of the corresponding population,pair0084,/Users/aj9225/Local/meta-learning-ecological-priors-from-llms/functionlearning/data/cause-effects/pairs/pair0084.txt,5,10.8401375,12.246824999999998,coverage,118365489
84,10,[9.0472],10.1684,9.0472,10.1684,the natural logarithm of employment in 1980 in 3102 counties in US;,the natural logorithm of the corresponding population,the natural logarithm of employment in 1980 in 3102 counties in US;,the natural logorithm of the corresponding population,pair0084,/Users/aj9225/Local/meta-learning-ecological-priors-from-llms/functionlearning/data/cause-effects/pairs/pair0084.txt,3,8.0267625,9.43345,density,118365489
84,11,[9.4292],10.4025,9.4292,10.4025,the natural logarithm of employment in 1980 in 3102 counties in US;,the natural logorithm of the corresponding population,the natural logarithm of employment in 1980 in 3102 counties in US;,the natural logorithm of the corresponding population,pair0084,/Users/aj9225/Local/meta-learning-ecological-priors-from-llms/functionlearning/data/cause-effects/pairs/pair0084.txt,3,8.0267625,9.43345,density,118365489
84,12,[10.0921],10.9329,10.0921,10.9329,the natural logarithm of employment in 1980 in 3102 counties in US;,the natural logorithm of the corresponding population,the natural logarithm of employment in 1980 in 3102 counties in US;,the natural logorithm of the corresponding population,pair0084,/Users/aj9225/Local/meta-learning-ecological-priors-from-llms/functionlearning/data/cause-effects/pairs/pair0084.txt,4,9.43345,10.8401375,coverage,118365489
84,13,[7.6615],8.6781,7.6615,8.6781,the natural logarithm of employment in 1980 in 3102 counties in US;,the natural logorithm of the corresponding population,the natural logarithm of employment in 1980 in 3102 counties in US;,the natural logorithm of the corresponding population,pair0084,/Users/aj9225/Local/meta-learning-ecological-priors-from-llms/functionlearning/data/cause-effects/pairs/pair0084.txt,2,6.620075,8.0267625,density,118365489
84,14,[7.6266],8.5962,7.6266,8.5962,the natural logarithm of employment in 1980 in 3102 counties in US;,the natural logorithm of the corresponding population,the natural logarithm of employment in 1980 in 3102 counties in US;,the natural logorithm of the corresponding population,pair0084,/Users/aj9225/Local/meta-learning-ecological-priors-from-llms/functionlearning/data/cause-effects/pairs/pair0084.txt,2,6.620075,8.0267625,density,118365489
84,15,[7.9868],8.977,7.9868,8.977,the natural logarithm of employment in 1980 in 3102 counties in US;,the natural logorithm of the corresponding population,the natural logarithm of employment in 1980 in 3102 counties in US;,the natural logorithm of the corresponding population,pair0084,/Users/aj9225/Local/meta-learning-ecological-priors-from-llms/functionlearning/data/cause-effects/pairs/pair0084.txt,2,6.620075,8.0267625,coverage,118365489
84,16,[9.8058],10.7908,9.8058,10.7908,the natural logarithm of employment in 1980 in 3102 counties in US;,the natural logorithm of the corresponding population,the natural logarithm of employment in 1980 in 3102 counties in US;,the natural logorithm of the corresponding population,pair0084,/Users/aj9225/Local/meta-learning-ecological-priors-from-llms/functionlearning/data/cause-effects/pairs/pair0084.txt,4,9.43345,10.8401375,density,118365489
84,17,[13.6885],14.6647,13.6885,14.6647,the natural logarithm of employment in 1980 in 3102 counties in US;,the natural logorithm of the corresponding population,the natural logarithm of employment in 1980 in 3102 counties in US;,the natural logorithm of the corresponding population,pair0084,/Users/aj9225/Local/meta-learning-ecological-priors-from-llms/functionlearning/data/cause-effects/pairs/pair0084.txt,7,13.653512499999998,15.0602,coverage,118365489
84,18,[9.0758],10.0254,9.0758,10.0254,the natural logarithm of employment in 1980 in 3102 counties in US;,the natural logorithm of the corresponding population,the natural logarithm of employment in 1980 in 3102 counties in US;,the natural logorithm of the corresponding population,pair0084,/Users/aj9225/Local/meta-learning-ecological-priors-from-llms/functionlearning/data/cause-effects/pairs/pair0084.txt,3,8.0267625,9.43345,density,118365489
84,19,[12.422],13.0878,12.422,13.0878,the natural logarithm of employment in 1980 in 3102 counties in US;,the natural logorithm of the corresponding population,the natural logarithm of employment in 1980 in 3102 counties in US;,the natural logorithm of the corresponding population,pair0084,/Users/aj9225/Local/meta-learning-ecological-priors-from-llms/functionlearning/data/cause-effects/pairs/pair0084.txt,6,12.246824999999998,13.653512499999998,density,118365489
84,20,[9.8663],10.7057,9.8663,10.7057,the natural logarithm of employment in 1980 in 3102 counties in US;,the natural logorithm of the corresponding population,the natural logarithm of employment in 1980 in 3102 counties in US;,the natural logorithm of the corresponding population,pair0084,/Users/aj9225/Local/meta-learning-ecological-priors-from-llms/functionlearning/data/cause-effects/pairs/pair0084.txt,4,9.43345,10.8401375,density,118365489
84,21,[12.9577],13.6657,12.9577,13.6657,the natural logarithm of employment in 1980 in 3102 counties in US;,the natural logorithm of the corresponding population,the natural logarithm of employment in 1980 in 3102 counties in US;,the natural logorithm of the corresponding population,pair0084,/Users/aj9225/Local/meta-learning-ecological-priors-from-llms/functionlearning/data/cause-effects/pairs/pair0084.txt,6,12.246824999999998,13.653512499999998,coverage,118365489
84,22,[7.4622],8.4338,7.4622,8.4338,the natural logarithm of employment in 1980 in 3102 counties in US;,the natural logorithm of the corresponding population,the natural logarithm of employment in 1980 in 3102 counties in US;,the natural logorithm of the corresponding population,pair0084,/Users/aj9225/Local/meta-learning-ecological-priors-from-llms/functionlearning/data/cause-effects/pairs/pair0084.txt,2,6.620075,8.0267625,density,118365489
84,23,[10.1429],11.2101,10.1429,11.2101,the natural logarithm of employment in 1980 in 3102 counties in US;,the natural logorithm of the corresponding population,the natural logarithm of employment in 1980 in 3102 counties in US;,the natural logorithm of the corresponding population,pair0084,/Users/aj9225/Local/meta-learning-ecological-priors-from-llms/functionlearning/data/cause-effects/pairs/pair0084.txt,4,9.43345,10.8401375,density,118365489
93,0,[2.70989489555359],0.9710932970047,2.70989489555359,0.9710932970047,average precipitation over 1948 to 2004 in mm/day,average runoff in over 1948 to 2004 mm/day,average precipitation over 1948 to 2004 in mm/day,average runoff in over 1948 to 2004 mm/day,pair0093,/Users/aj9225/Local/meta-learning-ecological-priors-from-llms/functionlearning/data/cause-effects/pairs/pair0093.txt,2,2.4141885936260223,3.271969810128212,density,3717673524
93,1,[5.36617755889893],3.75818514823914,5.36617755889893,3.75818514823914,average precipitation over 1948 to 2004 in mm/day,average runoff in over 1948 to 2004 mm/day,average precipitation over 1948 to 2004 in mm/day,average runoff in over 1948 to 2004 mm/day,pair0093,/Users/aj9225/Local/meta-learning-ecological-priors-from-llms/functionlearning/data/cause-effects/pairs/pair0093.txt,5,4.987532243132591,5.845313459634781,coverage,3717673524
93,2,[2.65541410446167],0.910870969295502,2.65541410446167,0.910870969295502,average precipitation over 1948 to 2004 in mm/day,average runoff in over 1948 to 2004 mm/day,average precipitation over 1948 to 2004 in mm/day,average runoff in over 1948 to 2004 mm/day,pair0093,/Users/aj9225/Local/meta-learning-ecological-priors-from-llms/functionlearning/data/cause-effects/pairs/pair0093.txt,2,2.4141885936260223,3.271969810128212,density,3717673524
93,3,[3.20467352867126],0.828246235847473,3.20467352867126,0.828246235847473,average precipitation over 1948 to 2004 in mm/day,average runoff in over 1948 to 2004 mm/day,average precipitation over 1948 to 2004 in mm/day,average runoff in over 1948 to 2004 mm/day,pair0093,/Users/aj9225/Local/meta-learning-ecological-priors-from-llms/functionlearning/data/cause-effects/pairs/pair0093.txt,2,2.4141885936260223,3.271969810128212,density,3717673524
93,4,[3.38149499893188],2.23101425170898,3.38149499893188,2.23101425170898,average precipitation over 1948 to 2004 in mm/day,average runoff in over 1948 to 2004 mm/day,average precipitation over 1948 to 2004 in mm/day,average runoff in over 1948 to 2004 mm/day,pair0093,/Users/aj9225/Local/meta-learning-ecological-priors-from-llms/functionlearning/data/cause-effects/pairs/pair0093.txt,3,3.271969810128212,4.129751026630402,density,3717673524
93,5,[1.67419874668121],0.0976594686508179,1.67419874668121,0.0976594686508179,average precipitation over 1948 to 2004 in mm/day,average runoff in over 1948 to 2004 mm/day,average precipitation over 1948 to 2004 in mm/day,average runoff in over 1948 to 2004 mm/day,pair0093,/Users/aj9225/Local/meta-learning-ecological-priors-from-llms/functionlearning/data/cause-effects/pairs/pair0093.txt,1,1.5564073771238327,2.4141885936260223,density,3717673524
93,6,[4.02436637878418],1.43758416175842,4.02436637878418,1.43758416175842,average precipitation over 1948 to 2004 in mm/day,average runoff in over 1948 to 2004 mm/day,average precipitation over 1948 to 2004 in mm/day,average runoff in over 1948 to 2004 mm/day,pair0093,/Users/aj9225/Local/meta-learning-ecological-priors-from-llms/functionlearning/data/cause-effects/pairs/pair0093.txt,3,3.271969810128212,4.129751026630402,density,3717673524
93,7,[2.26921033859253],0.397287786006927,2.26921033859253,0.397287786006927,average precipitation over 1948 to 2004 in mm/day,average runoff in over 1948 to 2004 mm/day,average precipitation over 1948 to 2004 in mm/day,average runoff in over 1948 to 2004 mm/day,pair0093,/Users/aj9225/Local/meta-learning-ecological-priors-from-llms/functionlearning/data/cause-effects/pairs/pair0093.txt,1,1.5564073771238327,2.4141885936260223,coverage,3717673524
93,8,[2.6115140914917],0.967088460922241,2.6115140914917,0.967088460922241,average precipitation over 1948 to 2004 in mm/day,average runoff in over 1948 to 2004 mm/day,average precipitation over 1948 to 2004 in mm/day,average runoff in over 1948 to 2004 mm/day,pair0093,/Users/aj9225/Local/meta-learning-ecological-priors-from-llms/functionlearning/data/cause-effects/pairs/pair0093.txt,2,2.4141885936260223,3.271969810128212,density,3717673524
93,9,[4.31286764144897],1.51776826381683,4.31286764144897,1.51776826381683,average precipitation over 1948 to 2004 in mm/day,average runoff in over 1948 to 2004 mm/day,average precipitation over 1948 to 2004 in mm/day,average runoff in over 1948 to 2004 mm/day,pair0093,/Users/aj9225/Local/meta-learning-ecological-priors-from-llms/functionlearning/data/cause-effects/pairs/pair0093.txt,4,4.129751026630402,4.987532243132591,coverage,3717673524
93,10,[6.49640417098999],5.85448837280273,6.49640417098999,5.85448837280273,average precipitation over 1948 to 2004 in mm/day,average runoff in over 1948 to 2004 mm/day,average precipitation over 1948 to 2004 in mm/day,average runoff in over 1948 to 2004 mm/day,pair0093,/Users/aj9225/Local/meta-learning-ecological-priors-from-llms/functionlearning/data/cause-effects/pairs/pair0093.txt,6,5.845313459634781,6.7030946761369705,coverage,3717673524
93,11,[7.56087589263916],6.06071996688843,7.56087589263916,6.06071996688843,average precipitation over 1948 to 2004 in mm/day,average runoff in over 1948 to 2004 mm/day,average precipitation over 1948 to 2004 in mm/day,average runoff in over 1948 to 2004 mm/day,pair0093,/Users/aj9225/Local/meta-learning-ecological-priors-from-llms/functionlearning/data/cause-effects/pairs/pair0093.txt,7,6.7030946761369705,7.56087589263916,coverage,3717673524
93,12,[2.8610634803772],0.857794761657715,2.8610634803772,0.857794761657715,average precipitation over 1948 to 2004 in mm/day,average runoff in over 1948 to 2004 mm/day,average precipitation over 1948 to 2004 in mm/day,average runoff in over 1948 to 2004 mm/day,pair0093,/Users/aj9225/Local/meta-learning-ecological-priors-from-llms/functionlearning/data/cause-effects/pairs/pair0093.txt,2,2.4141885936260223,3.271969810128212,density,3717673524
93,13,[2.37515950202942],0.702094972133636,2.37515950202942,0.702094972133636,average precipitation over 1948 to 2004 in mm/day,average runoff in over 1948 to 2004 mm/day,average precipitation over 1948 to 2004 in mm/day,average runoff in over 1948 to 2004 mm/day,pair0093,/Users/aj9225/Local/meta-learning-ecological-priors-from-llms/functionlearning/data/cause-effects/pairs/pair0093.txt,1,1.5564073771238327,2.4141885936260223,density,3717673524
93,14,[2.33061170578003],1.28685915470123,2.33061170578003,1.28685915470123,average precipitation over 1948 to 2004 in mm/day,average runoff in over 1948 to 2004 mm/day,average precipitation over 1948 to 2004 in mm/day,average runoff in over 1948 to 2004 mm/day,pair0093,/Users/aj9225/Local/meta-learning-ecological-priors-from-llms/functionlearning/data/cause-effects/pairs/pair0093.txt,1,1.5564073771238327,2.4141885936260223,density,3717673524
93,15,[3.58673310279846],1.60509884357452,3.58673310279846,1.60509884357452,average precipitation over 1948 to 2004 in mm/day,average runoff in over 1948 to 2004 mm/day,average precipitation over 1948 to 2004 in mm/day,average runoff in over 1948 to 2004 mm/day,pair0093,/Users/aj9225/Local/meta-learning-ecological-priors-from-llms/functionlearning/data/cause-effects/pairs/pair0093.txt,3,3.271969810128212,4.129751026630402,density,3717673524
93,16,[1.36056911945343],0.0774550810456276,1.36056911945343,0.0774550810456276,average precipitation over 1948 to 2004 in mm/day,average runoff in over 1948 to 2004 mm/day,average precipitation over 1948 to 2004 in mm/day,average runoff in over 1948 to 2004 mm/day,pair0093,/Users/aj9225/Local/meta-learning-ecological-priors-from-llms/functionlearning/data/cause-effects/pairs/pair0093.txt,0,0.698626160621643,1.5564073771238327,coverage,3717673524
93,17,[2.25383830070496],0.6971475481987,2.25383830070496,0.6971475481987,average precipitation over 1948 to 2004 in mm/day,average runoff in over 1948 to 2004 mm/day,average precipitation over 1948 to 2004 in mm/day,average runoff in over 1948 to 2004 mm/day,pair0093,/Users/aj9225/Local/meta-learning-ecological-priors-from-llms/functionlearning/data/cause-effects/pairs/pair0093.txt,1,1.5564073771238327,2.4141885936260223,density,3717673524
93,18,[1.49269533157349],0.569233417510986,1.49269533157349,0.569233417510986,average precipitation over 1948 to 2004 in mm/day,average runoff in over 1948 to 2004 mm/day,average precipitation over 1948 to 2004 in mm/day,average runoff in over 1948 to 2004 mm/day,pair0093,/Users/aj9225/Local/meta-learning-ecological-priors-from-llms/functionlearning/data/cause-effects/pairs/pair0093.txt,0,0.698626160621643,1.5564073771238327,density,3717673524
93,19,[2.79578852653503],1.1225460767746,2.79578852653503,1.1225460767746,average precipitation over 1948 to 2004 in mm/day,average runoff in over 1948 to 2004 mm/day,average precipitation over 1948 to 2004 in mm/day,average runoff in over 1948 to 2004 mm/day,pair0093,/Users/aj9225/Local/meta-learning-ecological-priors-from-llms/functionlearning/data/cause-effects/pairs/pair0093.txt,2,2.4141885936260223,3.271969810128212,coverage,3717673524
93,20,[3.26594352722168],1.01756227016449,3.26594352722168,1.01756227016449,average precipitation over 1948 to 2004 in mm/day,average runoff in over 1948 to 2004 mm/day,average precipitation over 1948 to 2004 in mm/day,average runoff in over 1948 to 2004 mm/day,pair0093,/Users/aj9225/Local/meta-learning-ecological-priors-from-llms/functionlearning/data/cause-effects/pairs/pair0093.txt,2,2.4141885936260223,3.271969810128212,density,3717673524
93,21,[2.8772885799408],1.27920591831207,2.8772885799408,1.27920591831207,average precipitation over 1948 to 2004 in mm/day,average runoff in over 1948 to 2004 mm/day,average precipitation over 1948 to 2004 in mm/day,average runoff in over 1948 to 2004 mm/day,pair0093,/Users/aj9225/Local/meta-learning-ecological-priors-from-llms/functionlearning/data/cause-effects/pairs/pair0093.txt,2,2.4141885936260223,3.271969810128212,density,3717673524
93,22,[4.09779262542725],1.71948564052582,4.09779262542725,1.71948564052582,average precipitation over 1948 to 2004 in mm/day,average runoff in over 1948 to 2004 mm/day,average precipitation over 1948 to 2004 in mm/day,average runoff in over 1948 to 2004 mm/day,pair0093,/Users/aj9225/Local/meta-learning-ecological-priors-from-llms/functionlearning/data/cause-effects/pairs/pair0093.txt,3,3.271969810128212,4.129751026630402,coverage,3717673524
93,23,[3.28286051750183],1.78978896141052,3.28286051750183,1.78978896141052,average precipitation over 1948 to 2004 in mm/day,average runoff in over 1948 to 2004 mm/day,average precipitation over 1948 to 2004 in mm/day,average runoff in over 1948 to 2004 mm/day,pair0093,/Users/aj9225/Local/meta-learning-ecological-priors-from-llms/functionlearning/data/cause-effects/pairs/pair0093.txt,3,3.271969810128212,4.129751026630402,density,3717673524
98,0,[0.0068027210884353],0.0018382352941176,0.0068027210884353,0.0018382352941176,speed at the beginning,speed at the end,speed at the beginning,speed at the end,pair0098,/Users/aj9225/Local/meta-learning-ecological-priors-from-llms/functionlearning/data/cause-effects/pairs/pair0098.txt,6,0.0065983757844222495,0.007267441860465074,density,3236314157
98,1,[0.0063291139240506],0.0017361111111111,0.0063291139240506,0.0017361111111111,speed at the beginning,speed at the end,speed at the beginning,speed at the end,pair0098,/Users/aj9225/Local/meta-learning-ecological-priors-from-llms/functionlearning/data/cause-effects/pairs/pair0098.txt,5,0.005929309708379425,0.0065983757844222495,density,3236314157
98,2,[0.0050251256281407],0.0011792452830188,0.0050251256281407,0.0011792452830188,speed at the beginning,speed at the end,speed at the beginning,speed at the end,pair0098,/Users/aj9225/Local/meta-learning-ecological-priors-from-llms/functionlearning/data/cause-effects/pairs/pair0098.txt,3,0.004591177556293775,0.005260243632336599,density,3236314157
98,3,[0.0063291139240506],0.0014925373134328,0.0063291139240506,0.0014925373134328,speed at the beginning,speed at the end,speed at the beginning,speed at the end,pair0098,/Users/aj9225/Local/meta-learning-ecological-priors-from-llms/functionlearning/data/cause-effects/pairs/pair0098.txt,5,0.005929309708379425,0.0065983757844222495,density,3236314157
98,4,[0.0063694267515923],0.0017391304347826,0.0063694267515923,0.0017391304347826,speed at the beginning,speed at the end,speed at the beginning,speed at the end,pair0098,/Users/aj9225/Local/meta-learning-ecological-priors-from-llms/functionlearning/data/cause-effects/pairs/pair0098.txt,5,0.005929309708379425,0.0065983757844222495,density,3236314157
98,5,[0.0068027210884353],0.0018050541516245,0.0068027210884353,0.0018050541516245,speed at the beginning,speed at the end,speed at the beginning,speed at the end,pair0098,/Users/aj9225/Local/meta-learning-ecological-priors-from-llms/functionlearning/data/cause-effects/pairs/pair0098.txt,6,0.0065983757844222495,0.007267441860465074,density,3236314157
98,6,[0.0055865921787709],0.0015174506828528,0.0055865921787709,0.0015174506828528,speed at the beginning,speed at the end,speed at the beginning,speed at the end,pair0098,/Users/aj9225/Local/meta-learning-ecological-priors-from-llms/functionlearning/data/cause-effects/pairs/pair0098.txt,4,0.005260243632336599,0.005929309708379425,density,3236314157
98,7,[0.0059880239520958],0.0015384615384615,0.0059880239520958,0.0015384615384615,speed at the beginning,speed at the end,speed at the beginning,speed at the end,pair0098,/Users/aj9225/Local/meta-learning-ecological-priors-from-llms/functionlearning/data/cause-effects/pairs/pair0098.txt,5,0.005929309708379425,0.0065983757844222495,density,3236314157
98,8,[0.0068027210884353],0.0018761726078799,0.0068027210884353,0.0018761726078799,speed at the beginning,speed at the end,speed at the beginning,speed at the end,pair0098,/Users/aj9225/Local/meta-learning-ecological-priors-from-llms/functionlearning/data/cause-effects/pairs/pair0098.txt,6,0.0065983757844222495,0.007267441860465074,coverage,3236314157
98,9,[0.0036764705882352],0.0009276437847866,0.0036764705882352,0.0009276437847866,speed at the beginning,speed at the end,speed at the beginning,speed at the end,pair0098,/Users/aj9225/Local/meta-learning-ecological-priors-from-llms/functionlearning/data/cause-effects/pairs/pair0098.txt,1,0.003253045404208125,0.00392211148025095,density,3236314157
98,10,[0.0059523809523809],0.0014947683109118,0.0059523809523809,0.0014947683109118,speed at the beginning,speed at the end,speed at the beginning,speed at the end,pair0098,/Users/aj9225/Local/meta-learning-ecological-priors-from-llms/functionlearning/data/cause-effects/pairs/pair0098.txt,5,0.005929309708379425,0.0065983757844222495,coverage,3236314157
98,11,[0.0056497175141242],0.0014064697609001,0.0056497175141242,0.0014064697609001,speed at the beginning,speed at the end,speed at the beginning,speed at the end,pair0098,/Users/aj9225/Local/meta-learning-ecological-priors-from-llms/functionlearning/data/cause-effects/pairs/pair0098.txt,4,0.005260243632336599,0.005929309708379425,density,3236314157
98,12,[0.0056179775280898],0.0014684287812041,0.0056179775280898,0.0014684287812041,speed at the beginning,speed at the end,speed at the beginning,speed at the end,pair0098,/Users/aj9225/Local/meta-learning-ecological-priors-from-llms/functionlearning/data/cause-effects/pairs/pair0098.txt,4,0.005260243632336599,0.005929309708379425,density,3236314157
98,13,[0.0029761904761904],0.0006775067750677,0.0029761904761904,0.0006775067750677,speed at the beginning,speed at the end,speed at the beginning,speed at the end,pair0098,/Users/aj9225/Local/meta-learning-ecological-priors-from-llms/functionlearning/data/cause-effects/pairs/pair0098.txt,0,0.0025839793281653,0.003253045404208125,density,3236314157
98,14,[0.0025839793281653],0.0007293946024799,0.0025839793281653,0.0007293946024799,speed at the beginning,speed at the end,speed at the beginning,speed at the end,pair0098,/Users/aj9225/Local/meta-learning-ecological-priors-from-llms/functionlearning/data/cause-effects/pairs/pair0098.txt,0,0.0025839793281653,0.003253045404208125,coverage,3236314157
98,15,[0.0072992700729927],0.0018761726078799,0.0072992700729927,0.0018761726078799,speed at the beginning,speed at the end,speed at the beginning,speed at the end,pair0098,/Users/aj9225/Local/meta-learning-ecological-priors-from-llms/functionlearning/data/cause-effects/pairs/pair0098.txt,7,0.007267441860465074,0.0079365079365079,density,3236314157
98,16,[0.0067567567567567],0.0018726591760299,0.0067567567567567,0.0018726591760299,speed at the beginning,speed at the end,speed at the beginning,speed at the end,pair0098,/Users/aj9225/Local/meta-learning-ecological-priors-from-llms/functionlearning/data/cause-effects/pairs/pair0098.txt,6,0.0065983757844222495,0.007267441860465074,density,3236314157
98,17,[0.0050251256281407],0.0012422360248447,0.0050251256281407,0.0012422360248447,speed at the beginning,speed at the end,speed at the beginning,speed at the end,pair0098,/Users/aj9225/Local/meta-learning-ecological-priors-from-llms/functionlearning/data/cause-effects/pairs/pair0098.txt,3,0.004591177556293775,0.005260243632336599,coverage,3236314157
98,18,[0.0043478260869565],0.0010162601626016,0.0043478260869565,0.0010162601626016,speed at the beginning,speed at the end,speed at the beginning,speed at the end,pair0098,/Users/aj9225/Local/meta-learning-ecological-priors-from-llms/functionlearning/data/cause-effects/pairs/pair0098.txt,2,0.00392211148025095,0.004591177556293775,coverage,3236314157
98,19,[0.0045454545454545],0.0010845986984815,0.0045454545454545,0.0010845986984815,speed at the beginning,speed at the end,speed at the beginning,speed at the end,pair0098,/Users/aj9225/Local/meta-learning-ecological-priors-from-llms/functionlearning/data/cause-effects/pairs/pair0098.txt,2,0.00392211148025095,0.004591177556293775,density,3236314157
98,20,[0.0073529411764705],0.0019493177387914,0.0073529411764705,0.0019493177387914,speed at the beginning,speed at the end,speed at the beginning,speed at the end,pair0098,/Users/aj9225/Local/meta-learning-ecological-priors-from-llms/functionlearning/data/cause-effects/pairs/pair0098.txt,7,0.007267441860465074,0.0079365079365079,coverage,3236314157
98,21,[0.0034129692832764],0.0007968127490039,0.0034129692832764,0.0007968127490039,speed at the beginning,speed at the end,speed at the beginning,speed at the end,pair0098,/Users/aj9225/Local/meta-learning-ecological-priors-from-llms/functionlearning/data/cause-effects/pairs/pair0098.txt,1,0.003253045404208125,0.00392211148025095,coverage,3236314157
98,22,[0.0073529411764705],0.0018018018018018,0.0073529411764705,0.0018018018018018,speed at the beginning,speed at the end,speed at the beginning,speed at the end,pair0098,/Users/aj9225/Local/meta-learning-ecological-priors-from-llms/functionlearning/data/cause-effects/pairs/pair0098.txt,7,0.007267441860465074,0.0079365079365079,density,3236314157
98,23,[0.0056179775280898],0.0012406947890818,0.0056179775280898,0.0012406947890818,speed at the beginning,speed at the end,speed at the beginning,speed at the end,pair0098,/Users/aj9225/Local/meta-learning-ecological-priors-from-llms/functionlearning/data/cause-effects/pairs/pair0098.txt,4,0.005260243632336599,0.005929309708379425,coverage,3236314157
100,0,[4.02535],3.73767,4.02535,3.73767,"logarithm of the second column ('syct', cycle time in nanoseconds)","logarithm of the seventh column ('perf', published performance on a benchmark mix relative to an IBM 370/158-3)","logarithm of the second column ('syct', cycle time in nanoseconds)","logarithm of the seventh column ('perf', published performance on a benchmark mix relative to an IBM 370/158-3)",pair0100,/Users/aj9225/Local/meta-learning-ecological-priors-from-llms/functionlearning/data/cause-effects/pairs/pair0100.txt,2,3.9532125,4.51321375,density,3598687395
100,1,[4.52179],4.12713,4.52179,4.12713,"logarithm of the second column ('syct', cycle time in nanoseconds)","logarithm of the seventh column ('perf', published performance on a benchmark mix relative to an IBM 370/158-3)","logarithm of the second column ('syct', cycle time in nanoseconds)","logarithm of the seventh column ('perf', published performance on a benchmark mix relative to an IBM 370/158-3)",pair0100,/Users/aj9225/Local/meta-learning-ecological-priors-from-llms/functionlearning/data/cause-effects/pairs/pair0100.txt,3,4.51321375,5.073214999999999,density,3598687395
100,2,[3.2581],5.22036,3.2581,5.22036,"logarithm of the second column ('syct', cycle time in nanoseconds)","logarithm of the seventh column ('perf', published performance on a benchmark mix relative to an IBM 370/158-3)","logarithm of the second column ('syct', cycle time in nanoseconds)","logarithm of the seventh column ('perf', published performance on a benchmark mix relative to an IBM 370/158-3)",pair0100,/Users/aj9225/Local/meta-learning-ecological-priors-from-llms/functionlearning/data/cause-effects/pairs/pair0100.txt,0,2.83321,3.39321125,density,3598687395
100,3,[5.99146],3.46574,5.99146,3.46574,"logarithm of the second column ('syct', cycle time in nanoseconds)","logarithm of the seventh column ('perf', published performance on a benchmark mix relative to an IBM 370/158-3)","logarithm of the second column ('syct', cycle time in nanoseconds)","logarithm of the seventh column ('perf', published performance on a benchmark mix relative to an IBM 370/158-3)",pair0100,/Users/aj9225/Local/meta-learning-ecological-priors-from-llms/functionlearning/data/cause-effects/pairs/pair0100.txt,5,5.63321625,6.193217499999999,density,3598687395
100,4,[5.76832],3.13549,5.76832,3.13549,"logarithm of the second column ('syct', cycle time in nanoseconds)","logarithm of the seventh column ('perf', published performance on a benchmark mix relative to an IBM 370/158-3)","logarithm of the second column ('syct', cycle time in nanoseconds)","logarithm of the seventh column ('perf', published performance on a benchmark mix relative to an IBM 370/158-3)",pair0100,/Users/aj9225/Local/meta-learning-ecological-priors-from-llms/functionlearning/data/cause-effects/pairs/pair0100.txt,5,5.63321625,6.193217499999999,density,3598687395
100,5,[3.95124],4.86753,3.95124,4.86753,"logarithm of the second column ('syct', cycle time in nanoseconds)","logarithm of the seventh column ('perf', published performance on a benchmark mix relative to an IBM 370/158-3)","logarithm of the second column ('syct', cycle time in nanoseconds)","logarithm of the seventh column ('perf', published performance on a benchmark mix relative to an IBM 370/158-3)",pair0100,/Users/aj9225/Local/meta-learning-ecological-priors-from-llms/functionlearning/data/cause-effects/pairs/pair0100.txt,1,3.39321125,3.9532125,coverage,3598687395
100,6,[3.4012],6.23441,3.4012,6.23441,"logarithm of the second column ('syct', cycle time in nanoseconds)","logarithm of the seventh column ('perf', published performance on a benchmark mix relative to an IBM 370/158-3)","logarithm of the second column ('syct', cycle time in nanoseconds)","logarithm of the seventh column ('perf', published performance on a benchmark mix relative to an IBM 370/158-3)",pair0100,/Users/aj9225/Local/meta-learning-ecological-priors-from-llms/functionlearning/data/cause-effects/pairs/pair0100.txt,1,3.39321125,3.9532125,density,3598687395
100,7,[3.3673],5.39363,3.3673,5.39363,"logarithm of the second column ('syct', cycle time in nanoseconds)","logarithm of the seventh column ('perf', published performance on a benchmark mix relative to an IBM 370/158-3)","logarithm of the second column ('syct', cycle time in nanoseconds)","logarithm of the seventh column ('perf', published performance on a benchmark mix relative to an IBM 370/158-3)",pair0100,/Users/aj9225/Local/meta-learning-ecological-priors-from-llms/functionlearning/data/cause-effects/pairs/pair0100.txt,0,2.83321,3.39321125,coverage,3598687395
100,8,[5.48064],1.79176,5.48064,1.79176,"logarithm of the second column ('syct', cycle time in nanoseconds)","logarithm of the seventh column ('perf', published performance on a benchmark mix relative to an IBM 370/158-3)","logarithm of the second column ('syct', cycle time in nanoseconds)","logarithm of the seventh column ('perf', published performance on a benchmark mix relative to an IBM 370/158-3)",pair0100,/Users/aj9225/Local/meta-learning-ecological-priors-from-llms/functionlearning/data/cause-effects/pairs/pair0100.txt,4,5.073214999999999,5.63321625,density,3598687395
100,9,[4.52179],3.91202,4.52179,3.91202,"logarithm of the second column ('syct', cycle time in nanoseconds)","logarithm of the seventh column ('perf', published performance on a benchmark mix relative to an IBM 370/158-3)","logarithm of the second column ('syct', cycle time in nanoseconds)","logarithm of the seventh column ('perf', published performance on a benchmark mix relative to an IBM 370/158-3)",pair0100,/Users/aj9225/Local/meta-learning-ecological-priors-from-llms/functionlearning/data/cause-effects/pairs/pair0100.txt,3,4.51321375,5.073214999999999,coverage,3598687395
100,10,[4.31749],4.96981,4.31749,4.96981,"logarithm of the second column ('syct', cycle time in nanoseconds)","logarithm of the seventh column ('perf', published performance on a benchmark mix relative to an IBM 370/158-3)","logarithm of the second column ('syct', cycle time in nanoseconds)","logarithm of the seventh column ('perf', published performance on a benchmark mix relative to an IBM 370/158-3)",pair0100,/Users/aj9225/Local/meta-learning-ecological-priors-from-llms/functionlearning/data/cause-effects/pairs/pair0100.txt,2,3.9532125,4.51321375,coverage,3598687395
100,11,[4.65396],3.09104,4.65396,3.09104,"logarithm of the second column ('syct', cycle time in nanoseconds)","logarithm of the seventh column ('perf', published performance on a benchmark mix relative to an IBM 370/158-3)","logarithm of the second column ('syct', cycle time in nanoseconds)","logarithm of the seventh column ('perf', published performance on a benchmark mix relative to an IBM 370/158-3)",pair0100,/Users/aj9225/Local/meta-learning-ecological-priors-from-llms/functionlearning/data/cause-effects/pairs/pair0100.txt,3,4.51321375,5.073214999999999,density,3598687395
100,12,[5.70378],3.78419,5.70378,3.78419,"logarithm of the second column ('syct', cycle time in nanoseconds)","logarithm of the seventh column ('perf', published performance on a benchmark mix relative to an IBM 370/158-3)","logarithm of the second column ('syct', cycle time in nanoseconds)","logarithm of the seventh column ('perf', published performance on a benchmark mix relative to an IBM 370/158-3)",pair0100,/Users/aj9225/Local/meta-learning-ecological-priors-from-llms/functionlearning/data/cause-effects/pairs/pair0100.txt,5,5.63321625,6.193217499999999,coverage,3598687395
100,13,[5.4161],3.68888,5.4161,3.68888,"logarithm of the second column ('syct', cycle time in nanoseconds)","logarithm of the seventh column ('perf', published performance on a benchmark mix relative to an IBM 370/158-3)","logarithm of the second column ('syct', cycle time in nanoseconds)","logarithm of the seventh column ('perf', published performance on a benchmark mix relative to an IBM 370/158-3)",pair0100,/Users/aj9225/Local/meta-learning-ecological-priors-from-llms/functionlearning/data/cause-effects/pairs/pair0100.txt,4,5.073214999999999,5.63321625,coverage,3598687395
100,14,[6.69703],2.89037,6.69703,2.89037,"logarithm of the second column ('syct', cycle time in nanoseconds)","logarithm of the seventh column ('perf', published performance on a benchmark mix relative to an IBM 370/158-3)","logarithm of the second column ('syct', cycle time in nanoseconds)","logarithm of the seventh column ('perf', published performance on a benchmark mix relative to an IBM 370/158-3)",pair0100,/Users/aj9225/Local/meta-learning-ecological-priors-from-llms/functionlearning/data/cause-effects/pairs/pair0100.txt,6,6.193217499999999,6.75321875,coverage,3598687395
100,15,[4.94164],4.89784,4.94164,4.89784,"logarithm of the second column ('syct', cycle time in nanoseconds)","logarithm of the seventh column ('perf', published performance on a benchmark mix relative to an IBM 370/158-3)","logarithm of the second column ('syct', cycle time in nanoseconds)","logarithm of the seventh column ('perf', published performance on a benchmark mix relative to an IBM 370/158-3)",pair0100,/Users/aj9225/Local/meta-learning-ecological-priors-from-llms/functionlearning/data/cause-effects/pairs/pair0100.txt,3,4.51321375,5.073214999999999,density,3598687395
100,16,[3.2581],5.15329,3.2581,5.15329,"logarithm of the second column ('syct', cycle time in nanoseconds)","logarithm of the seventh column ('perf', published performance on a benchmark mix relative to an IBM 370/158-3)","logarithm of the second column ('syct', cycle time in nanoseconds)","logarithm of the seventh column ('perf', published performance on a benchmark mix relative to an IBM 370/158-3)",pair0100,/Users/aj9225/Local/meta-learning-ecological-priors-from-llms/functionlearning/data/cause-effects/pairs/pair0100.txt,0,2.83321,3.39321125,density,3598687395
100,17,[3.91202],3.95124,3.91202,3.95124,"logarithm of the second column ('syct', cycle time in nanoseconds)","logarithm of the seventh column ('perf', published performance on a benchmark mix relative to an IBM 370/158-3)","logarithm of the second column ('syct', cycle time in nanoseconds)","logarithm of the seventh column ('perf', published performance on a benchmark mix relative to an IBM 370/158-3)",pair0100,/Users/aj9225/Local/meta-learning-ecological-priors-from-llms/functionlearning/data/cause-effects/pairs/pair0100.txt,1,3.39321125,3.9532125,density,3598687395
100,18,[3.91202],4.17439,3.91202,4.17439,"logarithm of the second column ('syct', cycle time in nanoseconds)","logarithm of the seventh column ('perf', published performance on a benchmark mix relative to an IBM 370/158-3)","logarithm of the second column ('syct', cycle time in nanoseconds)","logarithm of the seventh column ('perf', published performance on a benchmark mix relative to an IBM 370/158-3)",pair0100,/Users/aj9225/Local/meta-learning-ecological-priors-from-llms/functionlearning/data/cause-effects/pairs/pair0100.txt,1,3.39321125,3.9532125,density,3598687395
100,19,[6.80239],3.61092,6.80239,3.61092,"logarithm of the second column ('syct', cycle time in nanoseconds)","logarithm of the seventh column ('perf', published performance on a benchmark mix relative to an IBM 370/158-3)","logarithm of the second column ('syct', cycle time in nanoseconds)","logarithm of the seventh column ('perf', published performance on a benchmark mix relative to an IBM 370/158-3)",pair0100,/Users/aj9225/Local/meta-learning-ecological-priors-from-llms/functionlearning/data/cause-effects/pairs/pair0100.txt,7,6.75321875,7.31322,coverage,3598687395
100,20,[6.80239],3.09104,6.80239,3.09104,"logarithm of the second column ('syct', cycle time in nanoseconds)","logarithm of the seventh column ('perf', published performance on a benchmark mix relative to an IBM 370/158-3)","logarithm of the second column ('syct', cycle time in nanoseconds)","logarithm of the seventh column ('perf', published performance on a benchmark mix relative to an IBM 370/158-3)",pair0100,/Users/aj9225/Local/meta-learning-ecological-priors-from-llms/functionlearning/data/cause-effects/pairs/pair0100.txt,7,6.75321875,7.31322,density,3598687395
100,21,[5.29832],3.71357,5.29832,3.71357,"logarithm of the second column ('syct', cycle time in nanoseconds)","logarithm of the seventh column ('perf', published performance on a benchmark mix relative to an IBM 370/158-3)","logarithm of the second column ('syct', cycle time in nanoseconds)","logarithm of the seventh column ('perf', published performance on a benchmark mix relative to an IBM 370/158-3)",pair0100,/Users/aj9225/Local/meta-learning-ecological-priors-from-llms/functionlearning/data/cause-effects/pairs/pair0100.txt,4,5.073214999999999,5.63321625,density,3598687395
100,22,[4.31749],5.55683,4.31749,5.55683,"logarithm of the second column ('syct', cycle time in nanoseconds)","logarithm of the seventh column ('perf', published performance on a benchmark mix relative to an IBM 370/158-3)","logarithm of the second column ('syct', cycle time in nanoseconds)","logarithm of the seventh column ('perf', published performance on a benchmark mix relative to an IBM 370/158-3)",pair0100,/Users/aj9225/Local/meta-learning-ecological-priors-from-llms/functionlearning/data/cause-effects/pairs/pair0100.txt,2,3.9532125,4.51321375,density,3598687395
100,23,[6.68461],2.48491,6.68461,2.48491,"logarithm of the second column ('syct', cycle time in nanoseconds)","logarithm of the seventh column ('perf', published performance on a benchmark mix relative to an IBM 370/158-3)","logarithm of the second column ('syct', cycle time in nanoseconds)","logarithm of the seventh column ('perf', published performance on a benchmark mix relative to an IBM 370/158-3)",pair0100,/Users/aj9225/Local/meta-learning-ecological-priors-from-llms/functionlearning/data/cause-effects/pairs/pair0100.txt,6,6.193217499999999,6.75321875,density,3598687395
