task_id,trial_id,input,target,x,y,x_name,y_name,x_description,y_description,pair_id,source_file,bin_id,bin_left,bin_right,sample_stage,seed
1,0,[615.0],6.2,615.0,6.2,altitude,temperature (average over 1961-1990),altitude,temperature (average over 1961-1990),pair0001,/Users/aj9225/Local/meta-learning-ecological-priors-from-llms/functionlearning/data/cause-effects/pairs/pair0001.txt,1,370.0,740.0,density,383329927
1,1,[408.0],8.8,408.0,8.8,altitude,temperature (average over 1961-1990),altitude,temperature (average over 1961-1990),pair0001,/Users/aj9225/Local/meta-learning-ecological-priors-from-llms/functionlearning/data/cause-effects/pairs/pair0001.txt,1,370.0,740.0,density,383329927
1,2,[1486.0],3.3,1486.0,3.3,altitude,temperature (average over 1961-1990),altitude,temperature (average over 1961-1990),pair0001,/Users/aj9225/Local/meta-learning-ecological-priors-from-llms/functionlearning/data/cause-effects/pairs/pair0001.txt,4,1480.0,1850.0,coverage,383329927
1,3,[246.0],9.1,246.0,9.1,altitude,temperature (average over 1961-1990),altitude,temperature (average over 1961-1990),pair0001,/Users/aj9225/Local/meta-learning-ecological-priors-from-llms/functionlearning/data/cause-effects/pairs/pair0001.txt,0,0.0,370.0,coverage,383329927
1,4,[356.0],7.5,356.0,7.5,altitude,temperature (average over 1961-1990),altitude,temperature (average over 1961-1990),pair0001,/Users/aj9225/Local/meta-learning-ecological-priors-from-llms/functionlearning/data/cause-effects/pairs/pair0001.txt,0,0.0,370.0,density,383329927
1,5,[112.0],9.7,112.0,9.7,altitude,temperature (average over 1961-1990),altitude,temperature (average over 1961-1990),pair0001,/Users/aj9225/Local/meta-learning-ecological-priors-from-llms/functionlearning/data/cause-effects/pairs/pair0001.txt,0,0.0,370.0,density,383329927
1,6,[311.0],7.8,311.0,7.8,altitude,temperature (average over 1961-1990),altitude,temperature (average over 1961-1990),pair0001,/Users/aj9225/Local/meta-learning-ecological-priors-from-llms/functionlearning/data/cause-effects/pairs/pair0001.txt,0,0.0,370.0,density,383329927
1,7,[161.0],8.6,161.0,8.6,altitude,temperature (average over 1961-1990),altitude,temperature (average over 1961-1990),pair0001,/Users/aj9225/Local/meta-learning-ecological-priors-from-llms/functionlearning/data/cause-effects/pairs/pair0001.txt,0,0.0,370.0,density,383329927
1,8,[444.0],7.9,444.0,7.9,altitude,temperature (average over 1961-1990),altitude,temperature (average over 1961-1990),pair0001,/Users/aj9225/Local/meta-learning-ecological-priors-from-llms/functionlearning/data/cause-effects/pairs/pair0001.txt,1,370.0,740.0,density,383329927
1,9,[580.0],6.4,580.0,6.4,altitude,temperature (average over 1961-1990),altitude,temperature (average over 1961-1990),pair0001,/Users/aj9225/Local/meta-learning-ecological-priors-from-llms/functionlearning/data/cause-effects/pairs/pair0001.txt,1,370.0,740.0,density,383329927
1,10,[2960.0],-4.8,2960.0,-4.8,altitude,temperature (average over 1961-1990),altitude,temperature (average over 1961-1990),pair0001,/Users/aj9225/Local/meta-learning-ecological-priors-from-llms/functionlearning/data/cause-effects/pairs/pair0001.txt,7,2590.0,2960.0,coverage,383329927
1,11,[363.0],8.8,363.0,8.8,altitude,temperature (average over 1961-1990),altitude,temperature (average over 1961-1990),pair0001,/Users/aj9225/Local/meta-learning-ecological-priors-from-llms/functionlearning/data/cause-effects/pairs/pair0001.txt,0,0.0,370.0,density,383329927
1,12,[797.0],6.6,797.0,6.6,altitude,temperature (average over 1961-1990),altitude,temperature (average over 1961-1990),pair0001,/Users/aj9225/Local/meta-learning-ecological-priors-from-llms/functionlearning/data/cause-effects/pairs/pair0001.txt,2,740.0,1110.0,coverage,383329927
1,13,[37.0],7.8,37.0,7.8,altitude,temperature (average over 1961-1990),altitude,temperature (average over 1961-1990),pair0001,/Users/aj9225/Local/meta-learning-ecological-priors-from-llms/functionlearning/data/cause-effects/pairs/pair0001.txt,0,0.0,370.0,density,383329927
1,14,[24.0],8.4,24.0,8.4,altitude,temperature (average over 1961-1990),altitude,temperature (average over 1961-1990),pair0001,/Users/aj9225/Local/meta-learning-ecological-priors-from-llms/functionlearning/data/cause-effects/pairs/pair0001.txt,0,0.0,370.0,density,383329927
1,15,[81.0],7.9,81.0,7.9,altitude,temperature (average over 1961-1990),altitude,temperature (average over 1961-1990),pair0001,/Users/aj9225/Local/meta-learning-ecological-priors-from-llms/functionlearning/data/cause-effects/pairs/pair0001.txt,0,0.0,370.0,density,383329927
1,16,[487.0],6.7,487.0,6.7,altitude,temperature (average over 1961-1990),altitude,temperature (average over 1961-1990),pair0001,/Users/aj9225/Local/meta-learning-ecological-priors-from-llms/functionlearning/data/cause-effects/pairs/pair0001.txt,1,370.0,740.0,coverage,383329927
1,17,[1213.0],2.9,1213.0,2.9,altitude,temperature (average over 1961-1990),altitude,temperature (average over 1961-1990),pair0001,/Users/aj9225/Local/meta-learning-ecological-priors-from-llms/functionlearning/data/cause-effects/pairs/pair0001.txt,3,1110.0,1480.0,coverage,383329927
1,18,[794.0],6.4,794.0,6.4,altitude,temperature (average over 1961-1990),altitude,temperature (average over 1961-1990),pair0001,/Users/aj9225/Local/meta-learning-ecological-priors-from-llms/functionlearning/data/cause-effects/pairs/pair0001.txt,2,740.0,1110.0,density,383329927
1,19,[401.0],8.7,401.0,8.7,altitude,temperature (average over 1961-1990),altitude,temperature (average over 1961-1990),pair0001,/Users/aj9225/Local/meta-learning-ecological-priors-from-llms/functionlearning/data/cause-effects/pairs/pair0001.txt,1,370.0,740.0,density,383329927
1,20,[46.0],9.6,46.0,9.6,altitude,temperature (average over 1961-1990),altitude,temperature (average over 1961-1990),pair0001,/Users/aj9225/Local/meta-learning-ecological-priors-from-llms/functionlearning/data/cause-effects/pairs/pair0001.txt,0,0.0,370.0,density,383329927
1,21,[37.0],10.3,37.0,10.3,altitude,temperature (average over 1961-1990),altitude,temperature (average over 1961-1990),pair0001,/Users/aj9225/Local/meta-learning-ecological-priors-from-llms/functionlearning/data/cause-effects/pairs/pair0001.txt,0,0.0,370.0,density,383329927
1,22,[754.0],6.6,754.0,6.6,altitude,temperature (average over 1961-1990),altitude,temperature (average over 1961-1990),pair0001,/Users/aj9225/Local/meta-learning-ecological-priors-from-llms/functionlearning/data/cause-effects/pairs/pair0001.txt,2,740.0,1110.0,density,383329927
1,23,[141.0],8.8,141.0,8.8,altitude,temperature (average over 1961-1990),altitude,temperature (average over 1961-1990),pair0001,/Users/aj9225/Local/meta-learning-ecological-priors-from-llms/functionlearning/data/cause-effects/pairs/pair0001.txt,0,0.0,370.0,density,383329927
14,0,[130.0],18.0,130.0,18.0,horsepower,mpg,horsepower,mpg,pair0014,/Users/aj9225/Local/meta-learning-ecological-priors-from-llms/functionlearning/data/cause-effects/pairs/pair0014.txt,3,115.0,138.0,density,3324115916
14,1,[86.0],28.0,86.0,28.0,horsepower,mpg,horsepower,mpg,pair0014,/Users/aj9225/Local/meta-learning-ecological-priors-from-llms/functionlearning/data/cause-effects/pairs/pair0014.txt,1,69.0,92.0,density,3324115916
14,2,[90.0],27.0,90.0,27.0,horsepower,mpg,horsepower,mpg,pair0014,/Users/aj9225/Local/meta-learning-ecological-priors-from-llms/functionlearning/data/cause-effects/pairs/pair0014.txt,1,69.0,92.0,coverage,3324115916
14,3,[200.0],10.0,200.0,10.0,horsepower,mpg,horsepower,mpg,pair0014,/Users/aj9225/Local/meta-learning-ecological-priors-from-llms/functionlearning/data/cause-effects/pairs/pair0014.txt,6,184.0,207.0,coverage,3324115916
14,4,[150.0],13.0,150.0,13.0,horsepower,mpg,horsepower,mpg,pair0014,/Users/aj9225/Local/meta-learning-ecological-priors-from-llms/functionlearning/data/cause-effects/pairs/pair0014.txt,4,138.0,161.0,density,3324115916
14,5,[170.0],13.0,170.0,13.0,horsepower,mpg,horsepower,mpg,pair0014,/Users/aj9225/Local/meta-learning-ecological-priors-from-llms/functionlearning/data/cause-effects/pairs/pair0014.txt,5,161.0,184.0,coverage,3324115916
14,6,[107.0],21.0,107.0,21.0,horsepower,mpg,horsepower,mpg,pair0014,/Users/aj9225/Local/meta-learning-ecological-priors-from-llms/functionlearning/data/cause-effects/pairs/pair0014.txt,2,92.0,115.0,coverage,3324115916
14,7,[86.0],27.0,86.0,27.0,horsepower,mpg,horsepower,mpg,pair0014,/Users/aj9225/Local/meta-learning-ecological-priors-from-llms/functionlearning/data/cause-effects/pairs/pair0014.txt,1,69.0,92.0,density,3324115916
14,8,[67.0],36.4,67.0,36.4,horsepower,mpg,horsepower,mpg,pair0014,/Users/aj9225/Local/meta-learning-ecological-priors-from-llms/functionlearning/data/cause-effects/pairs/pair0014.txt,0,46.0,69.0,coverage,3324115916
14,9,[88.0],19.0,88.0,19.0,horsepower,mpg,horsepower,mpg,pair0014,/Users/aj9225/Local/meta-learning-ecological-priors-from-llms/functionlearning/data/cause-effects/pairs/pair0014.txt,1,69.0,92.0,density,3324115916
14,10,[175.0],13.0,175.0,13.0,horsepower,mpg,horsepower,mpg,pair0014,/Users/aj9225/Local/meta-learning-ecological-priors-from-llms/functionlearning/data/cause-effects/pairs/pair0014.txt,5,161.0,184.0,density,3324115916
14,11,[150.0],14.0,150.0,14.0,horsepower,mpg,horsepower,mpg,pair0014,/Users/aj9225/Local/meta-learning-ecological-priors-from-llms/functionlearning/data/cause-effects/pairs/pair0014.txt,4,138.0,161.0,coverage,3324115916
14,12,[230.0],16.0,230.0,16.0,horsepower,mpg,horsepower,mpg,pair0014,/Users/aj9225/Local/meta-learning-ecological-priors-from-llms/functionlearning/data/cause-effects/pairs/pair0014.txt,7,207.0,230.0,coverage,3324115916
14,13,[105.0],19.2,105.0,19.2,horsepower,mpg,horsepower,mpg,pair0014,/Users/aj9225/Local/meta-learning-ecological-priors-from-llms/functionlearning/data/cause-effects/pairs/pair0014.txt,2,92.0,115.0,density,3324115916
14,14,[70.0],34.2,70.0,34.2,horsepower,mpg,horsepower,mpg,pair0014,/Users/aj9225/Local/meta-learning-ecological-priors-from-llms/functionlearning/data/cause-effects/pairs/pair0014.txt,1,69.0,92.0,density,3324115916
14,15,[148.0],14.0,148.0,14.0,horsepower,mpg,horsepower,mpg,pair0014,/Users/aj9225/Local/meta-learning-ecological-priors-from-llms/functionlearning/data/cause-effects/pairs/pair0014.txt,4,138.0,161.0,density,3324115916
14,16,[58.0],36.0,58.0,36.0,horsepower,mpg,horsepower,mpg,pair0014,/Users/aj9225/Local/meta-learning-ecological-priors-from-llms/functionlearning/data/cause-effects/pairs/pair0014.txt,0,46.0,69.0,density,3324115916
14,17,[125.0],17.0,125.0,17.0,horsepower,mpg,horsepower,mpg,pair0014,/Users/aj9225/Local/meta-learning-ecological-priors-from-llms/functionlearning/data/cause-effects/pairs/pair0014.txt,3,115.0,138.0,coverage,3324115916
14,18,[95.0],24.0,95.0,24.0,horsepower,mpg,horsepower,mpg,pair0014,/Users/aj9225/Local/meta-learning-ecological-priors-from-llms/functionlearning/data/cause-effects/pairs/pair0014.txt,2,92.0,115.0,density,3324115916
14,19,[102.0],20.0,102.0,20.0,horsepower,mpg,horsepower,mpg,pair0014,/Users/aj9225/Local/meta-learning-ecological-priors-from-llms/functionlearning/data/cause-effects/pairs/pair0014.txt,2,92.0,115.0,density,3324115916
14,20,[79.0],28.0,79.0,28.0,horsepower,mpg,horsepower,mpg,pair0014,/Users/aj9225/Local/meta-learning-ecological-priors-from-llms/functionlearning/data/cause-effects/pairs/pair0014.txt,1,69.0,92.0,density,3324115916
14,21,[100.0],18.0,100.0,18.0,horsepower,mpg,horsepower,mpg,pair0014,/Users/aj9225/Local/meta-learning-ecological-priors-from-llms/functionlearning/data/cause-effects/pairs/pair0014.txt,2,92.0,115.0,density,3324115916
14,22,[70.0],29.0,70.0,29.0,horsepower,mpg,horsepower,mpg,pair0014,/Users/aj9225/Local/meta-learning-ecological-priors-from-llms/functionlearning/data/cause-effects/pairs/pair0014.txt,1,69.0,92.0,density,3324115916
14,23,[48.0],44.3,48.0,44.3,horsepower,mpg,horsepower,mpg,pair0014,/Users/aj9225/Local/meta-learning-ecological-priors-from-llms/functionlearning/data/cause-effects/pairs/pair0014.txt,0,46.0,69.0,density,3324115916
18,0,[8.28],5.6,8.28,5.6,age of child in years,concentration of GAG (the units have been lost),age of child in years,concentration of GAG (the units have been lost),pair0018,/Users/aj9225/Local/meta-learning-ecological-priors-from-llms/functionlearning/data/cause-effects/pairs/pair0018.txt,3,6.626250000000001,8.835,density,2811363264
18,1,[5.79],11.4,5.79,11.4,age of child in years,concentration of GAG (the units have been lost),age of child in years,concentration of GAG (the units have been lost),pair0018,/Users/aj9225/Local/meta-learning-ecological-priors-from-llms/functionlearning/data/cause-effects/pairs/pair0018.txt,2,4.4175,6.626250000000001,density,2811363264
18,2,[3.19],11.5,3.19,11.5,age of child in years,concentration of GAG (the units have been lost),age of child in years,concentration of GAG (the units have been lost),pair0018,/Users/aj9225/Local/meta-learning-ecological-priors-from-llms/functionlearning/data/cause-effects/pairs/pair0018.txt,1,2.20875,4.4175,coverage,2811363264
18,3,[16.78],4.7,16.78,4.7,age of child in years,concentration of GAG (the units have been lost),age of child in years,concentration of GAG (the units have been lost),pair0018,/Users/aj9225/Local/meta-learning-ecological-priors-from-llms/functionlearning/data/cause-effects/pairs/pair0018.txt,7,15.461250000000001,17.67,coverage,2811363264
18,4,[15.87],3.2,15.87,3.2,age of child in years,concentration of GAG (the units have been lost),age of child in years,concentration of GAG (the units have been lost),pair0018,/Users/aj9225/Local/meta-learning-ecological-priors-from-llms/functionlearning/data/cause-effects/pairs/pair0018.txt,7,15.461250000000001,17.67,density,2811363264
18,5,[0.29],19.2,0.29,19.2,age of child in years,concentration of GAG (the units have been lost),age of child in years,concentration of GAG (the units have been lost),pair0018,/Users/aj9225/Local/meta-learning-ecological-priors-from-llms/functionlearning/data/cause-effects/pairs/pair0018.txt,0,0.0,2.20875,density,2811363264
18,6,[10.15],5.0,10.15,5.0,age of child in years,concentration of GAG (the units have been lost),age of child in years,concentration of GAG (the units have been lost),pair0018,/Users/aj9225/Local/meta-learning-ecological-priors-from-llms/functionlearning/data/cause-effects/pairs/pair0018.txt,4,8.835,11.043750000000001,density,2811363264
18,7,[11.78],4.1,11.78,4.1,age of child in years,concentration of GAG (the units have been lost),age of child in years,concentration of GAG (the units have been lost),pair0018,/Users/aj9225/Local/meta-learning-ecological-priors-from-llms/functionlearning/data/cause-effects/pairs/pair0018.txt,5,11.043750000000001,13.252500000000001,coverage,2811363264
18,8,[0.24],19.3,0.24,19.3,age of child in years,concentration of GAG (the units have been lost),age of child in years,concentration of GAG (the units have been lost),pair0018,/Users/aj9225/Local/meta-learning-ecological-priors-from-llms/functionlearning/data/cause-effects/pairs/pair0018.txt,0,0.0,2.20875,density,2811363264
18,9,[11.47],6.1,11.47,6.1,age of child in years,concentration of GAG (the units have been lost),age of child in years,concentration of GAG (the units have been lost),pair0018,/Users/aj9225/Local/meta-learning-ecological-priors-from-llms/functionlearning/data/cause-effects/pairs/pair0018.txt,5,11.043750000000001,13.252500000000001,density,2811363264
18,10,[0.33],23.1,0.33,23.1,age of child in years,concentration of GAG (the units have been lost),age of child in years,concentration of GAG (the units have been lost),pair0018,/Users/aj9225/Local/meta-learning-ecological-priors-from-llms/functionlearning/data/cause-effects/pairs/pair0018.txt,0,0.0,2.20875,density,2811363264
18,11,[3.03],11.5,3.03,11.5,age of child in years,concentration of GAG (the units have been lost),age of child in years,concentration of GAG (the units have been lost),pair0018,/Users/aj9225/Local/meta-learning-ecological-priors-from-llms/functionlearning/data/cause-effects/pairs/pair0018.txt,1,2.20875,4.4175,density,2811363264
18,12,[4.93],6.3,4.93,6.3,age of child in years,concentration of GAG (the units have been lost),age of child in years,concentration of GAG (the units have been lost),pair0018,/Users/aj9225/Local/meta-learning-ecological-priors-from-llms/functionlearning/data/cause-effects/pairs/pair0018.txt,2,4.4175,6.626250000000001,density,2811363264
18,13,[0.5],25.7,0.5,25.7,age of child in years,concentration of GAG (the units have been lost),age of child in years,concentration of GAG (the units have been lost),pair0018,/Users/aj9225/Local/meta-learning-ecological-priors-from-llms/functionlearning/data/cause-effects/pairs/pair0018.txt,0,0.0,2.20875,density,2811363264
18,14,[1.53],13.4,1.53,13.4,age of child in years,concentration of GAG (the units have been lost),age of child in years,concentration of GAG (the units have been lost),pair0018,/Users/aj9225/Local/meta-learning-ecological-priors-from-llms/functionlearning/data/cause-effects/pairs/pair0018.txt,0,0.0,2.20875,density,2811363264
18,15,[7.79],5.8,7.79,5.8,age of child in years,concentration of GAG (the units have been lost),age of child in years,concentration of GAG (the units have been lost),pair0018,/Users/aj9225/Local/meta-learning-ecological-priors-from-llms/functionlearning/data/cause-effects/pairs/pair0018.txt,3,6.626250000000001,8.835,coverage,2811363264
18,16,[10.81],11.7,10.81,11.7,age of child in years,concentration of GAG (the units have been lost),age of child in years,concentration of GAG (the units have been lost),pair0018,/Users/aj9225/Local/meta-learning-ecological-priors-from-llms/functionlearning/data/cause-effects/pairs/pair0018.txt,4,8.835,11.043750000000001,coverage,2811363264
18,17,[4.85],7.9,4.85,7.9,age of child in years,concentration of GAG (the units have been lost),age of child in years,concentration of GAG (the units have been lost),pair0018,/Users/aj9225/Local/meta-learning-ecological-priors-from-llms/functionlearning/data/cause-effects/pairs/pair0018.txt,2,4.4175,6.626250000000001,density,2811363264
18,18,[0.27],9.6,0.27,9.6,age of child in years,concentration of GAG (the units have been lost),age of child in years,concentration of GAG (the units have been lost),pair0018,/Users/aj9225/Local/meta-learning-ecological-priors-from-llms/functionlearning/data/cause-effects/pairs/pair0018.txt,0,0.0,2.20875,coverage,2811363264
18,19,[13.73],3.6,13.73,3.6,age of child in years,concentration of GAG (the units have been lost),age of child in years,concentration of GAG (the units have been lost),pair0018,/Users/aj9225/Local/meta-learning-ecological-priors-from-llms/functionlearning/data/cause-effects/pairs/pair0018.txt,6,13.252500000000001,15.461250000000001,coverage,2811363264
18,20,[6.18],6.8,6.18,6.8,age of child in years,concentration of GAG (the units have been lost),age of child in years,concentration of GAG (the units have been lost),pair0018,/Users/aj9225/Local/meta-learning-ecological-priors-from-llms/functionlearning/data/cause-effects/pairs/pair0018.txt,2,4.4175,6.626250000000001,coverage,2811363264
18,21,[2.82],21.7,2.82,21.7,age of child in years,concentration of GAG (the units have been lost),age of child in years,concentration of GAG (the units have been lost),pair0018,/Users/aj9225/Local/meta-learning-ecological-priors-from-llms/functionlearning/data/cause-effects/pairs/pair0018.txt,1,2.20875,4.4175,density,2811363264
18,22,[2.13],12.2,2.13,12.2,age of child in years,concentration of GAG (the units have been lost),age of child in years,concentration of GAG (the units have been lost),pair0018,/Users/aj9225/Local/meta-learning-ecological-priors-from-llms/functionlearning/data/cause-effects/pairs/pair0018.txt,0,0.0,2.20875,density,2811363264
18,23,[14.22],3.3,14.22,3.3,age of child in years,concentration of GAG (the units have been lost),age of child in years,concentration of GAG (the units have been lost),pair0018,/Users/aj9225/Local/meta-learning-ecological-priors-from-llms/functionlearning/data/cause-effects/pairs/pair0018.txt,6,13.252500000000001,15.461250000000001,density,2811363264
19,0,[5.0333333],87.9666667,5.0333333,87.9666667,duration of erruption in minutes,time to the next erruption in minutes,duration of erruption in minutes,time to the next erruption in minutes,pair0019,/Users/aj9225/Local/meta-learning-ecological-priors-from-llms/functionlearning/data/cause-effects/pairs/pair0019.txt,7,4.8729166625,5.45,coverage,1884968544
19,1,[2.1666667],59.8333333,2.1666667,59.8333333,duration of erruption in minutes,time to the next erruption in minutes,duration of erruption in minutes,time to the next erruption in minutes,pair0019,/Users/aj9225/Local/meta-learning-ecological-priors-from-llms/functionlearning/data/cause-effects/pairs/pair0019.txt,2,1.987499975,2.5645833125,coverage,1884968544
19,2,[4.3833333],81.6166667,4.3833333,81.6166667,duration of erruption in minutes,time to the next erruption in minutes,duration of erruption in minutes,time to the next erruption in minutes,pair0019,/Users/aj9225/Local/meta-learning-ecological-priors-from-llms/functionlearning/data/cause-effects/pairs/pair0019.txt,6,4.295833325,4.8729166625,density,1884968544
19,3,[2.9333333],66.0666667,2.9333333,66.0666667,duration of erruption in minutes,time to the next erruption in minutes,duration of erruption in minutes,time to the next erruption in minutes,pair0019,/Users/aj9225/Local/meta-learning-ecological-priors-from-llms/functionlearning/data/cause-effects/pairs/pair0019.txt,3,2.5645833125,3.14166665,density,1884968544
19,4,[4.4],74.6,4.4,74.6,duration of erruption in minutes,time to the next erruption in minutes,duration of erruption in minutes,time to the next erruption in minutes,pair0019,/Users/aj9225/Local/meta-learning-ecological-priors-from-llms/functionlearning/data/cause-effects/pairs/pair0019.txt,6,4.295833325,4.8729166625,density,1884968544
19,5,[5.45],83.55,5.45,83.55,duration of erruption in minutes,time to the next erruption in minutes,duration of erruption in minutes,time to the next erruption in minutes,pair0019,/Users/aj9225/Local/meta-learning-ecological-priors-from-llms/functionlearning/data/cause-effects/pairs/pair0019.txt,7,4.8729166625,5.45,density,1884968544
19,6,[4.0166667],66.9833333,4.0166667,66.9833333,duration of erruption in minutes,time to the next erruption in minutes,duration of erruption in minutes,time to the next erruption in minutes,pair0019,/Users/aj9225/Local/meta-learning-ecological-priors-from-llms/functionlearning/data/cause-effects/pairs/pair0019.txt,5,3.7187499875,4.295833325,density,1884968544
19,7,[1.9166667],49.0833333,1.9166667,49.0833333,duration of erruption in minutes,time to the next erruption in minutes,duration of erruption in minutes,time to the next erruption in minutes,pair0019,/Users/aj9225/Local/meta-learning-ecological-priors-from-llms/functionlearning/data/cause-effects/pairs/pair0019.txt,1,1.4104166375,1.987499975,coverage,1884968544
19,8,[2.5666667],67.4333333,2.5666667,67.4333333,duration of erruption in minutes,time to the next erruption in minutes,duration of erruption in minutes,time to the next erruption in minutes,pair0019,/Users/aj9225/Local/meta-learning-ecological-priors-from-llms/functionlearning/data/cause-effects/pairs/pair0019.txt,3,2.5645833125,3.14166665,coverage,1884968544
19,9,[3.9666667],72.0333333,3.9666667,72.0333333,duration of erruption in minutes,time to the next erruption in minutes,duration of erruption in minutes,time to the next erruption in minutes,pair0019,/Users/aj9225/Local/meta-learning-ecological-priors-from-llms/functionlearning/data/cause-effects/pairs/pair0019.txt,5,3.7187499875,4.295833325,coverage,1884968544
19,10,[3.5333333],69.4666667,3.5333333,69.4666667,duration of erruption in minutes,time to the next erruption in minutes,duration of erruption in minutes,time to the next erruption in minutes,pair0019,/Users/aj9225/Local/meta-learning-ecological-priors-from-llms/functionlearning/data/cause-effects/pairs/pair0019.txt,4,3.14166665,3.7187499875,density,1884968544
19,11,[4.45],75.55,4.45,75.55,duration of erruption in minutes,time to the next erruption in minutes,duration of erruption in minutes,time to the next erruption in minutes,pair0019,/Users/aj9225/Local/meta-learning-ecological-priors-from-llms/functionlearning/data/cause-effects/pairs/pair0019.txt,6,4.295833325,4.8729166625,coverage,1884968544
19,12,[3.8666667],80.1333333,3.8666667,80.1333333,duration of erruption in minutes,time to the next erruption in minutes,duration of erruption in minutes,time to the next erruption in minutes,pair0019,/Users/aj9225/Local/meta-learning-ecological-priors-from-llms/functionlearning/data/cause-effects/pairs/pair0019.txt,5,3.7187499875,4.295833325,density,1884968544
19,13,[0.8333333],48.1666667,0.8333333,48.1666667,duration of erruption in minutes,time to the next erruption in minutes,duration of erruption in minutes,time to the next erruption in minutes,pair0019,/Users/aj9225/Local/meta-learning-ecological-priors-from-llms/functionlearning/data/cause-effects/pairs/pair0019.txt,0,0.8333333,1.4104166375,coverage,1884968544
19,14,[4.4666667],86.5333333,4.4666667,86.5333333,duration of erruption in minutes,time to the next erruption in minutes,duration of erruption in minutes,time to the next erruption in minutes,pair0019,/Users/aj9225/Local/meta-learning-ecological-priors-from-llms/functionlearning/data/cause-effects/pairs/pair0019.txt,6,4.295833325,4.8729166625,density,1884968544
19,15,[4.3333333],88.6666667,4.3333333,88.6666667,duration of erruption in minutes,time to the next erruption in minutes,duration of erruption in minutes,time to the next erruption in minutes,pair0019,/Users/aj9225/Local/meta-learning-ecological-priors-from-llms/functionlearning/data/cause-effects/pairs/pair0019.txt,6,4.295833325,4.8729166625,density,1884968544
19,16,[4.7],80.3,4.7,80.3,duration of erruption in minutes,time to the next erruption in minutes,duration of erruption in minutes,time to the next erruption in minutes,pair0019,/Users/aj9225/Local/meta-learning-ecological-priors-from-llms/functionlearning/data/cause-effects/pairs/pair0019.txt,6,4.295833325,4.8729166625,density,1884968544
19,17,[2.0333333],53.9666667,2.0333333,53.9666667,duration of erruption in minutes,time to the next erruption in minutes,duration of erruption in minutes,time to the next erruption in minutes,pair0019,/Users/aj9225/Local/meta-learning-ecological-priors-from-llms/functionlearning/data/cause-effects/pairs/pair0019.txt,2,1.987499975,2.5645833125,density,1884968544
19,18,[3.3333333],70.6666667,3.3333333,70.6666667,duration of erruption in minutes,time to the next erruption in minutes,duration of erruption in minutes,time to the next erruption in minutes,pair0019,/Users/aj9225/Local/meta-learning-ecological-priors-from-llms/functionlearning/data/cause-effects/pairs/pair0019.txt,4,3.14166665,3.7187499875,coverage,1884968544
19,19,[1.7333333],52.2666667,1.7333333,52.2666667,duration of erruption in minutes,time to the next erruption in minutes,duration of erruption in minutes,time to the next erruption in minutes,pair0019,/Users/aj9225/Local/meta-learning-ecological-priors-from-llms/functionlearning/data/cause-effects/pairs/pair0019.txt,1,1.4104166375,1.987499975,density,1884968544
19,20,[1.95],48.05,1.95,48.05,duration of erruption in minutes,time to the next erruption in minutes,duration of erruption in minutes,time to the next erruption in minutes,pair0019,/Users/aj9225/Local/meta-learning-ecological-priors-from-llms/functionlearning/data/cause-effects/pairs/pair0019.txt,1,1.4104166375,1.987499975,density,1884968544
19,21,[4.25],79.75,4.25,79.75,duration of erruption in minutes,time to the next erruption in minutes,duration of erruption in minutes,time to the next erruption in minutes,pair0019,/Users/aj9225/Local/meta-learning-ecological-priors-from-llms/functionlearning/data/cause-effects/pairs/pair0019.txt,5,3.7187499875,4.295833325,density,1884968544
19,22,[1.8333333],63.1666667,1.8333333,63.1666667,duration of erruption in minutes,time to the next erruption in minutes,duration of erruption in minutes,time to the next erruption in minutes,pair0019,/Users/aj9225/Local/meta-learning-ecological-priors-from-llms/functionlearning/data/cause-effects/pairs/pair0019.txt,1,1.4104166375,1.987499975,density,1884968544
19,23,[1.6333333],49.3666667,1.6333333,49.3666667,duration of erruption in minutes,time to the next erruption in minutes,duration of erruption in minutes,time to the next erruption in minutes,pair0019,/Users/aj9225/Local/meta-learning-ecological-priors-from-llms/functionlearning/data/cause-effects/pairs/pair0019.txt,1,1.4104166375,1.987499975,density,1884968544
23,0,[77.0],77.0,77.0,77.0,age,weight,age,weight,pair0023,/Users/aj9225/Local/meta-learning-ecological-priors-from-llms/functionlearning/data/cause-effects/pairs/pair0023.txt,7,72.625,83.0,density,1859786275
23,1,[35.0],80.0,35.0,80.0,age,weight,age,weight,pair0023,/Users/aj9225/Local/meta-learning-ecological-priors-from-llms/functionlearning/data/cause-effects/pairs/pair0023.txt,3,31.125,41.5,density,1859786275
23,2,[8.0],24.0,8.0,24.0,age,weight,age,weight,pair0023,/Users/aj9225/Local/meta-learning-ecological-priors-from-llms/functionlearning/data/cause-effects/pairs/pair0023.txt,0,0.0,10.375,coverage,1859786275
23,3,[44.0],84.0,44.0,84.0,age,weight,age,weight,pair0023,/Users/aj9225/Local/meta-learning-ecological-priors-from-llms/functionlearning/data/cause-effects/pairs/pair0023.txt,4,41.5,51.875,density,1859786275
23,4,[64.0],70.0,64.0,70.0,age,weight,age,weight,pair0023,/Users/aj9225/Local/meta-learning-ecological-priors-from-llms/functionlearning/data/cause-effects/pairs/pair0023.txt,6,62.25,72.625,density,1859786275
23,5,[28.0],52.0,28.0,52.0,age,weight,age,weight,pair0023,/Users/aj9225/Local/meta-learning-ecological-priors-from-llms/functionlearning/data/cause-effects/pairs/pair0023.txt,2,20.75,31.125,coverage,1859786275
23,6,[59.0],74.0,59.0,74.0,age,weight,age,weight,pair0023,/Users/aj9225/Local/meta-learning-ecological-priors-from-llms/functionlearning/data/cause-effects/pairs/pair0023.txt,5,51.875,62.25,density,1859786275
23,7,[27.0],55.0,27.0,55.0,age,weight,age,weight,pair0023,/Users/aj9225/Local/meta-learning-ecological-priors-from-llms/functionlearning/data/cause-effects/pairs/pair0023.txt,2,20.75,31.125,density,1859786275
23,8,[48.0],55.0,48.0,55.0,age,weight,age,weight,pair0023,/Users/aj9225/Local/meta-learning-ecological-priors-from-llms/functionlearning/data/cause-effects/pairs/pair0023.txt,4,41.5,51.875,density,1859786275
23,9,[35.0],58.0,35.0,58.0,age,weight,age,weight,pair0023,/Users/aj9225/Local/meta-learning-ecological-priors-from-llms/functionlearning/data/cause-effects/pairs/pair0023.txt,3,31.125,41.5,density,1859786275
23,10,[40.0],52.0,40.0,52.0,age,weight,age,weight,pair0023,/Users/aj9225/Local/meta-learning-ecological-priors-from-llms/functionlearning/data/cause-effects/pairs/pair0023.txt,3,31.125,41.5,coverage,1859786275
23,11,[35.0],95.0,35.0,95.0,age,weight,age,weight,pair0023,/Users/aj9225/Local/meta-learning-ecological-priors-from-llms/functionlearning/data/cause-effects/pairs/pair0023.txt,3,31.125,41.5,density,1859786275
23,12,[45.0],72.0,45.0,72.0,age,weight,age,weight,pair0023,/Users/aj9225/Local/meta-learning-ecological-priors-from-llms/functionlearning/data/cause-effects/pairs/pair0023.txt,4,41.5,51.875,coverage,1859786275
23,13,[47.0],94.0,47.0,94.0,age,weight,age,weight,pair0023,/Users/aj9225/Local/meta-learning-ecological-priors-from-llms/functionlearning/data/cause-effects/pairs/pair0023.txt,4,41.5,51.875,density,1859786275
23,14,[83.0],55.0,83.0,55.0,age,weight,age,weight,pair0023,/Users/aj9225/Local/meta-learning-ecological-priors-from-llms/functionlearning/data/cause-effects/pairs/pair0023.txt,7,72.625,83.0,coverage,1859786275
23,15,[66.0],60.0,66.0,60.0,age,weight,age,weight,pair0023,/Users/aj9225/Local/meta-learning-ecological-priors-from-llms/functionlearning/data/cause-effects/pairs/pair0023.txt,6,62.25,72.625,coverage,1859786275
23,16,[56.0],73.0,56.0,73.0,age,weight,age,weight,pair0023,/Users/aj9225/Local/meta-learning-ecological-priors-from-llms/functionlearning/data/cause-effects/pairs/pair0023.txt,5,51.875,62.25,coverage,1859786275
23,17,[64.0],88.0,64.0,88.0,age,weight,age,weight,pair0023,/Users/aj9225/Local/meta-learning-ecological-priors-from-llms/functionlearning/data/cause-effects/pairs/pair0023.txt,6,62.25,72.625,density,1859786275
23,18,[19.0],65.0,19.0,65.0,age,weight,age,weight,pair0023,/Users/aj9225/Local/meta-learning-ecological-priors-from-llms/functionlearning/data/cause-effects/pairs/pair0023.txt,1,10.375,20.75,density,1859786275
23,19,[17.0],54.0,17.0,54.0,age,weight,age,weight,pair0023,/Users/aj9225/Local/meta-learning-ecological-priors-from-llms/functionlearning/data/cause-effects/pairs/pair0023.txt,1,10.375,20.75,coverage,1859786275
23,20,[58.0],62.0,58.0,62.0,age,weight,age,weight,pair0023,/Users/aj9225/Local/meta-learning-ecological-priors-from-llms/functionlearning/data/cause-effects/pairs/pair0023.txt,5,51.875,62.25,density,1859786275
23,21,[31.0],56.0,31.0,56.0,age,weight,age,weight,pair0023,/Users/aj9225/Local/meta-learning-ecological-priors-from-llms/functionlearning/data/cause-effects/pairs/pair0023.txt,2,20.75,31.125,density,1859786275
23,22,[59.0],72.0,59.0,72.0,age,weight,age,weight,pair0023,/Users/aj9225/Local/meta-learning-ecological-priors-from-llms/functionlearning/data/cause-effects/pairs/pair0023.txt,5,51.875,62.25,density,1859786275
23,23,[42.0],68.0,42.0,68.0,age,weight,age,weight,pair0023,/Users/aj9225/Local/meta-learning-ecological-priors-from-llms/functionlearning/data/cause-effects/pairs/pair0023.txt,4,41.5,51.875,density,1859786275
42,0,[295.0],9.9,295.0,9.9,days of the year,"mean daily temperature of Furtwangen (Schwarzwald), Germany",days of the year,"mean daily temperature of Furtwangen (Schwarzwald), Germany",pair0042,/Users/aj9225/Local/meta-learning-ecological-priors-from-llms/functionlearning/data/cause-effects/pairs/pair0042.txt,6,274.75,320.375,coverage,3687649985
42,1,[217.0],15.5,217.0,15.5,days of the year,"mean daily temperature of Furtwangen (Schwarzwald), Germany",days of the year,"mean daily temperature of Furtwangen (Schwarzwald), Germany",pair0042,/Users/aj9225/Local/meta-learning-ecological-priors-from-llms/functionlearning/data/cause-effects/pairs/pair0042.txt,4,183.5,229.125,coverage,3687649985
42,2,[323.0],-5.3,323.0,-5.3,days of the year,"mean daily temperature of Furtwangen (Schwarzwald), Germany",days of the year,"mean daily temperature of Furtwangen (Schwarzwald), Germany",pair0042,/Users/aj9225/Local/meta-learning-ecological-priors-from-llms/functionlearning/data/cause-effects/pairs/pair0042.txt,7,320.375,366.0,density,3687649985
42,3,[13.0],-2.6,13.0,-2.6,days of the year,"mean daily temperature of Furtwangen (Schwarzwald), Germany",days of the year,"mean daily temperature of Furtwangen (Schwarzwald), Germany",pair0042,/Users/aj9225/Local/meta-learning-ecological-priors-from-llms/functionlearning/data/cause-effects/pairs/pair0042.txt,0,1.0,46.625,density,3687649985
42,4,[31.0],-6.4,31.0,-6.4,days of the year,"mean daily temperature of Furtwangen (Schwarzwald), Germany",days of the year,"mean daily temperature of Furtwangen (Schwarzwald), Germany",pair0042,/Users/aj9225/Local/meta-learning-ecological-priors-from-llms/functionlearning/data/cause-effects/pairs/pair0042.txt,0,1.0,46.625,coverage,3687649985
42,5,[61.0],-4.0,61.0,-4.0,days of the year,"mean daily temperature of Furtwangen (Schwarzwald), Germany",days of the year,"mean daily temperature of Furtwangen (Schwarzwald), Germany",pair0042,/Users/aj9225/Local/meta-learning-ecological-priors-from-llms/functionlearning/data/cause-effects/pairs/pair0042.txt,1,46.625,92.25,density,3687649985
42,6,[297.0],3.5,297.0,3.5,days of the year,"mean daily temperature of Furtwangen (Schwarzwald), Germany",days of the year,"mean daily temperature of Furtwangen (Schwarzwald), Germany",pair0042,/Users/aj9225/Local/meta-learning-ecological-priors-from-llms/functionlearning/data/cause-effects/pairs/pair0042.txt,6,274.75,320.375,density,3687649985
42,7,[205.0],12.6,205.0,12.6,days of the year,"mean daily temperature of Furtwangen (Schwarzwald), Germany",days of the year,"mean daily temperature of Furtwangen (Schwarzwald), Germany",pair0042,/Users/aj9225/Local/meta-learning-ecological-priors-from-llms/functionlearning/data/cause-effects/pairs/pair0042.txt,4,183.5,229.125,density,3687649985
42,8,[99.0],-0.9,99.0,-0.9,days of the year,"mean daily temperature of Furtwangen (Schwarzwald), Germany",days of the year,"mean daily temperature of Furtwangen (Schwarzwald), Germany",pair0042,/Users/aj9225/Local/meta-learning-ecological-priors-from-llms/functionlearning/data/cause-effects/pairs/pair0042.txt,2,92.25,137.875,density,3687649985
42,9,[121.0],6.8,121.0,6.8,days of the year,"mean daily temperature of Furtwangen (Schwarzwald), Germany",days of the year,"mean daily temperature of Furtwangen (Schwarzwald), Germany",pair0042,/Users/aj9225/Local/meta-learning-ecological-priors-from-llms/functionlearning/data/cause-effects/pairs/pair0042.txt,2,92.25,137.875,coverage,3687649985
42,10,[230.0],14.1,230.0,14.1,days of the year,"mean daily temperature of Furtwangen (Schwarzwald), Germany",days of the year,"mean daily temperature of Furtwangen (Schwarzwald), Germany",pair0042,/Users/aj9225/Local/meta-learning-ecological-priors-from-llms/functionlearning/data/cause-effects/pairs/pair0042.txt,5,229.125,274.75,density,3687649985
42,11,[164.0],6.3,164.0,6.3,days of the year,"mean daily temperature of Furtwangen (Schwarzwald), Germany",days of the year,"mean daily temperature of Furtwangen (Schwarzwald), Germany",pair0042,/Users/aj9225/Local/meta-learning-ecological-priors-from-llms/functionlearning/data/cause-effects/pairs/pair0042.txt,3,137.875,183.5,density,3687649985
42,12,[359.0],-3.1,359.0,-3.1,days of the year,"mean daily temperature of Furtwangen (Schwarzwald), Germany",days of the year,"mean daily temperature of Furtwangen (Schwarzwald), Germany",pair0042,/Users/aj9225/Local/meta-learning-ecological-priors-from-llms/functionlearning/data/cause-effects/pairs/pair0042.txt,7,320.375,366.0,coverage,3687649985
42,13,[160.0],5.3,160.0,5.3,days of the year,"mean daily temperature of Furtwangen (Schwarzwald), Germany",days of the year,"mean daily temperature of Furtwangen (Schwarzwald), Germany",pair0042,/Users/aj9225/Local/meta-learning-ecological-priors-from-llms/functionlearning/data/cause-effects/pairs/pair0042.txt,3,137.875,183.5,coverage,3687649985
42,14,[286.0],7.5,286.0,7.5,days of the year,"mean daily temperature of Furtwangen (Schwarzwald), Germany",days of the year,"mean daily temperature of Furtwangen (Schwarzwald), Germany",pair0042,/Users/aj9225/Local/meta-learning-ecological-priors-from-llms/functionlearning/data/cause-effects/pairs/pair0042.txt,6,274.75,320.375,density,3687649985
42,15,[257.0],12.4,257.0,12.4,days of the year,"mean daily temperature of Furtwangen (Schwarzwald), Germany",days of the year,"mean daily temperature of Furtwangen (Schwarzwald), Germany",pair0042,/Users/aj9225/Local/meta-learning-ecological-priors-from-llms/functionlearning/data/cause-effects/pairs/pair0042.txt,5,229.125,274.75,coverage,3687649985
42,16,[89.0],0.6,89.0,0.6,days of the year,"mean daily temperature of Furtwangen (Schwarzwald), Germany",days of the year,"mean daily temperature of Furtwangen (Schwarzwald), Germany",pair0042,/Users/aj9225/Local/meta-learning-ecological-priors-from-llms/functionlearning/data/cause-effects/pairs/pair0042.txt,1,46.625,92.25,coverage,3687649985
42,17,[177.0],9.9,177.0,9.9,days of the year,"mean daily temperature of Furtwangen (Schwarzwald), Germany",days of the year,"mean daily temperature of Furtwangen (Schwarzwald), Germany",pair0042,/Users/aj9225/Local/meta-learning-ecological-priors-from-llms/functionlearning/data/cause-effects/pairs/pair0042.txt,3,137.875,183.5,density,3687649985
42,18,[20.0],-2.4,20.0,-2.4,days of the year,"mean daily temperature of Furtwangen (Schwarzwald), Germany",days of the year,"mean daily temperature of Furtwangen (Schwarzwald), Germany",pair0042,/Users/aj9225/Local/meta-learning-ecological-priors-from-llms/functionlearning/data/cause-effects/pairs/pair0042.txt,0,1.0,46.625,density,3687649985
42,19,[324.0],-0.3,324.0,-0.3,days of the year,"mean daily temperature of Furtwangen (Schwarzwald), Germany",days of the year,"mean daily temperature of Furtwangen (Schwarzwald), Germany",pair0042,/Users/aj9225/Local/meta-learning-ecological-priors-from-llms/functionlearning/data/cause-effects/pairs/pair0042.txt,7,320.375,366.0,density,3687649985
42,20,[133.0],5.5,133.0,5.5,days of the year,"mean daily temperature of Furtwangen (Schwarzwald), Germany",days of the year,"mean daily temperature of Furtwangen (Schwarzwald), Germany",pair0042,/Users/aj9225/Local/meta-learning-ecological-priors-from-llms/functionlearning/data/cause-effects/pairs/pair0042.txt,2,92.25,137.875,density,3687649985
42,21,[69.0],6.1,69.0,6.1,days of the year,"mean daily temperature of Furtwangen (Schwarzwald), Germany",days of the year,"mean daily temperature of Furtwangen (Schwarzwald), Germany",pair0042,/Users/aj9225/Local/meta-learning-ecological-priors-from-llms/functionlearning/data/cause-effects/pairs/pair0042.txt,1,46.625,92.25,density,3687649985
42,22,[245.0],8.4,245.0,8.4,days of the year,"mean daily temperature of Furtwangen (Schwarzwald), Germany",days of the year,"mean daily temperature of Furtwangen (Schwarzwald), Germany",pair0042,/Users/aj9225/Local/meta-learning-ecological-priors-from-llms/functionlearning/data/cause-effects/pairs/pair0042.txt,5,229.125,274.75,density,3687649985
42,23,[190.0],17.4,190.0,17.4,days of the year,"mean daily temperature of Furtwangen (Schwarzwald), Germany",days of the year,"mean daily temperature of Furtwangen (Schwarzwald), Germany",pair0042,/Users/aj9225/Local/meta-learning-ecological-priors-from-llms/functionlearning/data/cause-effects/pairs/pair0042.txt,4,183.5,229.125,density,3687649985
43,0,[247.07],250.82,247.07,250.82,"year 2000, day 50","year 2000, day 51","year 2000, day 50","year 2000, day 51",pair0043,/Users/aj9225/Local/meta-learning-ecological-priors-from-llms/functionlearning/data/cause-effects/pairs/pair0043.txt,2,244.4325,254.86374999999998,density,369133708
43,1,[286.25],288.35,286.25,288.35,"year 2000, day 50","year 2000, day 51","year 2000, day 50","year 2000, day 51",pair0043,/Users/aj9225/Local/meta-learning-ecological-priors-from-llms/functionlearning/data/cause-effects/pairs/pair0043.txt,6,286.15749999999997,296.58875,density,369133708
43,2,[301.37],300.87,301.37,300.87,"year 2000, day 50","year 2000, day 51","year 2000, day 50","year 2000, day 51",pair0043,/Users/aj9225/Local/meta-learning-ecological-priors-from-llms/functionlearning/data/cause-effects/pairs/pair0043.txt,7,296.58875,307.02,density,369133708
43,3,[259.65],258.27,259.65,258.27,"year 2000, day 50","year 2000, day 51","year 2000, day 50","year 2000, day 51",pair0043,/Users/aj9225/Local/meta-learning-ecological-priors-from-llms/functionlearning/data/cause-effects/pairs/pair0043.txt,3,254.86374999999998,265.29499999999996,density,369133708
43,4,[245.87],246.28,245.87,246.28,"year 2000, day 50","year 2000, day 51","year 2000, day 50","year 2000, day 51",pair0043,/Users/aj9225/Local/meta-learning-ecological-priors-from-llms/functionlearning/data/cause-effects/pairs/pair0043.txt,2,244.4325,254.86374999999998,density,369133708
43,5,[300.25],300.52,300.25,300.52,"year 2000, day 50","year 2000, day 51","year 2000, day 50","year 2000, day 51",pair0043,/Users/aj9225/Local/meta-learning-ecological-priors-from-llms/functionlearning/data/cause-effects/pairs/pair0043.txt,7,296.58875,307.02,density,369133708
43,6,[243.3],244.32,243.3,244.32,"year 2000, day 50","year 2000, day 51","year 2000, day 50","year 2000, day 51",pair0043,/Users/aj9225/Local/meta-learning-ecological-priors-from-llms/functionlearning/data/cause-effects/pairs/pair0043.txt,1,234.00125,244.4325,density,369133708
43,7,[300.35],300.6,300.35,300.6,"year 2000, day 50","year 2000, day 51","year 2000, day 50","year 2000, day 51",pair0043,/Users/aj9225/Local/meta-learning-ecological-priors-from-llms/functionlearning/data/cause-effects/pairs/pair0043.txt,7,296.58875,307.02,coverage,369133708
43,8,[272.8],272.67,272.8,272.67,"year 2000, day 50","year 2000, day 51","year 2000, day 50","year 2000, day 51",pair0043,/Users/aj9225/Local/meta-learning-ecological-priors-from-llms/functionlearning/data/cause-effects/pairs/pair0043.txt,4,265.29499999999996,275.72625,density,369133708
43,9,[270.65],268.92,270.65,268.92,"year 2000, day 50","year 2000, day 51","year 2000, day 50","year 2000, day 51",pair0043,/Users/aj9225/Local/meta-learning-ecological-priors-from-llms/functionlearning/data/cause-effects/pairs/pair0043.txt,4,265.29499999999996,275.72625,coverage,369133708
43,10,[295.92],295.7,295.92,295.7,"year 2000, day 50","year 2000, day 51","year 2000, day 50","year 2000, day 51",pair0043,/Users/aj9225/Local/meta-learning-ecological-priors-from-llms/functionlearning/data/cause-effects/pairs/pair0043.txt,6,286.15749999999997,296.58875,coverage,369133708
43,11,[233.95],235.4,233.95,235.4,"year 2000, day 50","year 2000, day 51","year 2000, day 50","year 2000, day 51",pair0043,/Users/aj9225/Local/meta-learning-ecological-priors-from-llms/functionlearning/data/cause-effects/pairs/pair0043.txt,0,223.57,234.00125,density,369133708
43,12,[299.74],301.32,299.74,301.32,"year 2000, day 50","year 2000, day 51","year 2000, day 50","year 2000, day 51",pair0043,/Users/aj9225/Local/meta-learning-ecological-priors-from-llms/functionlearning/data/cause-effects/pairs/pair0043.txt,7,296.58875,307.02,density,369133708
43,13,[294.82],295.82,294.82,295.82,"year 2000, day 50","year 2000, day 51","year 2000, day 50","year 2000, day 51",pair0043,/Users/aj9225/Local/meta-learning-ecological-priors-from-llms/functionlearning/data/cause-effects/pairs/pair0043.txt,6,286.15749999999997,296.58875,density,369133708
43,14,[288.85],288.52,288.85,288.52,"year 2000, day 50","year 2000, day 51","year 2000, day 50","year 2000, day 51",pair0043,/Users/aj9225/Local/meta-learning-ecological-priors-from-llms/functionlearning/data/cause-effects/pairs/pair0043.txt,6,286.15749999999997,296.58875,density,369133708
43,15,[281.92],282.17,281.92,282.17,"year 2000, day 50","year 2000, day 51","year 2000, day 50","year 2000, day 51",pair0043,/Users/aj9225/Local/meta-learning-ecological-priors-from-llms/functionlearning/data/cause-effects/pairs/pair0043.txt,5,275.72625,286.15749999999997,density,369133708
43,16,[297.95],298.1,297.95,298.1,"year 2000, day 50","year 2000, day 51","year 2000, day 50","year 2000, day 51",pair0043,/Users/aj9225/Local/meta-learning-ecological-priors-from-llms/functionlearning/data/cause-effects/pairs/pair0043.txt,7,296.58875,307.02,density,369133708
43,17,[265.27],263.5,265.27,263.5,"year 2000, day 50","year 2000, day 51","year 2000, day 50","year 2000, day 51",pair0043,/Users/aj9225/Local/meta-learning-ecological-priors-from-llms/functionlearning/data/cause-effects/pairs/pair0043.txt,3,254.86374999999998,265.29499999999996,coverage,369133708
43,18,[245.15],246.65,245.15,246.65,"year 2000, day 50","year 2000, day 51","year 2000, day 50","year 2000, day 51",pair0043,/Users/aj9225/Local/meta-learning-ecological-priors-from-llms/functionlearning/data/cause-effects/pairs/pair0043.txt,2,244.4325,254.86374999999998,coverage,369133708
43,19,[272.65],273.6,272.65,273.6,"year 2000, day 50","year 2000, day 51","year 2000, day 50","year 2000, day 51",pair0043,/Users/aj9225/Local/meta-learning-ecological-priors-from-llms/functionlearning/data/cause-effects/pairs/pair0043.txt,4,265.29499999999996,275.72625,density,369133708
43,20,[241.78],236.67,241.78,236.67,"year 2000, day 50","year 2000, day 51","year 2000, day 50","year 2000, day 51",pair0043,/Users/aj9225/Local/meta-learning-ecological-priors-from-llms/functionlearning/data/cause-effects/pairs/pair0043.txt,1,234.00125,244.4325,coverage,369133708
43,21,[277.37],269.5,277.37,269.5,"year 2000, day 50","year 2000, day 51","year 2000, day 50","year 2000, day 51",pair0043,/Users/aj9225/Local/meta-learning-ecological-priors-from-llms/functionlearning/data/cause-effects/pairs/pair0043.txt,5,275.72625,286.15749999999997,coverage,369133708
43,22,[231.42],235.07,231.42,235.07,"year 2000, day 50","year 2000, day 51","year 2000, day 50","year 2000, day 51",pair0043,/Users/aj9225/Local/meta-learning-ecological-priors-from-llms/functionlearning/data/cause-effects/pairs/pair0043.txt,0,223.57,234.00125,coverage,369133708
43,23,[279.67],279.22,279.67,279.22,"year 2000, day 50","year 2000, day 51","year 2000, day 50","year 2000, day 51",pair0043,/Users/aj9225/Local/meta-learning-ecological-priors-from-llms/functionlearning/data/cause-effects/pairs/pair0043.txt,5,275.72625,286.15749999999997,density,369133708
44,0,[100850.0],100690.0,100850.0,100690.0,"year 2000, day 50","year 2000, day 51","year 2000, day 50","year 2000, day 51",pair0044,/Users/aj9225/Local/meta-learning-ecological-priors-from-llms/functionlearning/data/cause-effects/pairs/pair0044.txt,6,93765.0,101147.5,density,2995172877
44,1,[103120.0],102450.0,103120.0,102450.0,"year 2000, day 50","year 2000, day 51","year 2000, day 50","year 2000, day 51",pair0044,/Users/aj9225/Local/meta-learning-ecological-priors-from-llms/functionlearning/data/cause-effects/pairs/pair0044.txt,7,101147.5,108530.0,density,2995172877
44,2,[76020.0],76230.0,76020.0,76230.0,"year 2000, day 50","year 2000, day 51","year 2000, day 50","year 2000, day 51",pair0044,/Users/aj9225/Local/meta-learning-ecological-priors-from-llms/functionlearning/data/cause-effects/pairs/pair0044.txt,3,71617.5,79000.0,coverage,2995172877
44,3,[102580.0],101660.0,102580.0,101660.0,"year 2000, day 50","year 2000, day 51","year 2000, day 50","year 2000, day 51",pair0044,/Users/aj9225/Local/meta-learning-ecological-priors-from-llms/functionlearning/data/cause-effects/pairs/pair0044.txt,7,101147.5,108530.0,coverage,2995172877
44,4,[53320.0],53240.0,53320.0,53240.0,"year 2000, day 50","year 2000, day 51","year 2000, day 50","year 2000, day 51",pair0044,/Users/aj9225/Local/meta-learning-ecological-priors-from-llms/functionlearning/data/cause-effects/pairs/pair0044.txt,0,49470.0,56852.5,coverage,2995172877
44,5,[101010.0],101270.0,101010.0,101270.0,"year 2000, day 50","year 2000, day 51","year 2000, day 50","year 2000, day 51",pair0044,/Users/aj9225/Local/meta-learning-ecological-priors-from-llms/functionlearning/data/cause-effects/pairs/pair0044.txt,6,93765.0,101147.5,density,2995172877
44,6,[100510.0],101400.0,100510.0,101400.0,"year 2000, day 50","year 2000, day 51","year 2000, day 50","year 2000, day 51",pair0044,/Users/aj9225/Local/meta-learning-ecological-priors-from-llms/functionlearning/data/cause-effects/pairs/pair0044.txt,6,93765.0,101147.5,density,2995172877
44,7,[68940.0],68740.0,68940.0,68740.0,"year 2000, day 50","year 2000, day 51","year 2000, day 50","year 2000, day 51",pair0044,/Users/aj9225/Local/meta-learning-ecological-priors-from-llms/functionlearning/data/cause-effects/pairs/pair0044.txt,2,64235.0,71617.5,coverage,2995172877
44,8,[99320.0],98810.0,99320.0,98810.0,"year 2000, day 50","year 2000, day 51","year 2000, day 50","year 2000, day 51",pair0044,/Users/aj9225/Local/meta-learning-ecological-priors-from-llms/functionlearning/data/cause-effects/pairs/pair0044.txt,6,93765.0,101147.5,density,2995172877
44,9,[85730.0],85370.0,85730.0,85370.0,"year 2000, day 50","year 2000, day 51","year 2000, day 50","year 2000, day 51",pair0044,/Users/aj9225/Local/meta-learning-ecological-priors-from-llms/functionlearning/data/cause-effects/pairs/pair0044.txt,4,79000.0,86382.5,coverage,2995172877
44,10,[100730.0],101180.0,100730.0,101180.0,"year 2000, day 50","year 2000, day 51","year 2000, day 50","year 2000, day 51",pair0044,/Users/aj9225/Local/meta-learning-ecological-priors-from-llms/functionlearning/data/cause-effects/pairs/pair0044.txt,6,93765.0,101147.5,density,2995172877
44,11,[69650.0],69460.0,69650.0,69460.0,"year 2000, day 50","year 2000, day 51","year 2000, day 50","year 2000, day 51",pair0044,/Users/aj9225/Local/meta-learning-ecological-priors-from-llms/functionlearning/data/cause-effects/pairs/pair0044.txt,2,64235.0,71617.5,density,2995172877
44,12,[102940.0],102590.0,102940.0,102590.0,"year 2000, day 50","year 2000, day 51","year 2000, day 50","year 2000, day 51",pair0044,/Users/aj9225/Local/meta-learning-ecological-priors-from-llms/functionlearning/data/cause-effects/pairs/pair0044.txt,7,101147.5,108530.0,density,2995172877
44,13,[101010.0],100200.0,101010.0,100200.0,"year 2000, day 50","year 2000, day 51","year 2000, day 50","year 2000, day 51",pair0044,/Users/aj9225/Local/meta-learning-ecological-priors-from-llms/functionlearning/data/cause-effects/pairs/pair0044.txt,6,93765.0,101147.5,density,2995172877
44,14,[101240.0],101340.0,101240.0,101340.0,"year 2000, day 50","year 2000, day 51","year 2000, day 50","year 2000, day 51",pair0044,/Users/aj9225/Local/meta-learning-ecological-priors-from-llms/functionlearning/data/cause-effects/pairs/pair0044.txt,7,101147.5,108530.0,density,2995172877
44,15,[62070.0],61870.0,62070.0,61870.0,"year 2000, day 50","year 2000, day 51","year 2000, day 50","year 2000, day 51",pair0044,/Users/aj9225/Local/meta-learning-ecological-priors-from-llms/functionlearning/data/cause-effects/pairs/pair0044.txt,1,56852.5,64235.0,coverage,2995172877
44,16,[91090.0],91060.0,91090.0,91060.0,"year 2000, day 50","year 2000, day 51","year 2000, day 50","year 2000, day 51",pair0044,/Users/aj9225/Local/meta-learning-ecological-priors-from-llms/functionlearning/data/cause-effects/pairs/pair0044.txt,5,86382.5,93765.0,coverage,2995172877
44,17,[93370.0],94540.0,93370.0,94540.0,"year 2000, day 50","year 2000, day 51","year 2000, day 50","year 2000, day 51",pair0044,/Users/aj9225/Local/meta-learning-ecological-priors-from-llms/functionlearning/data/cause-effects/pairs/pair0044.txt,5,86382.5,93765.0,density,2995172877
44,18,[83940.0],84150.0,83940.0,84150.0,"year 2000, day 50","year 2000, day 51","year 2000, day 50","year 2000, day 51",pair0044,/Users/aj9225/Local/meta-learning-ecological-priors-from-llms/functionlearning/data/cause-effects/pairs/pair0044.txt,4,79000.0,86382.5,density,2995172877
44,19,[101410.0],101570.0,101410.0,101570.0,"year 2000, day 50","year 2000, day 51","year 2000, day 50","year 2000, day 51",pair0044,/Users/aj9225/Local/meta-learning-ecological-priors-from-llms/functionlearning/data/cause-effects/pairs/pair0044.txt,7,101147.5,108530.0,density,2995172877
44,20,[102180.0],101650.0,102180.0,101650.0,"year 2000, day 50","year 2000, day 51","year 2000, day 50","year 2000, day 51",pair0044,/Users/aj9225/Local/meta-learning-ecological-priors-from-llms/functionlearning/data/cause-effects/pairs/pair0044.txt,7,101147.5,108530.0,density,2995172877
44,21,[96990.0],98270.0,96990.0,98270.0,"year 2000, day 50","year 2000, day 51","year 2000, day 50","year 2000, day 51",pair0044,/Users/aj9225/Local/meta-learning-ecological-priors-from-llms/functionlearning/data/cause-effects/pairs/pair0044.txt,6,93765.0,101147.5,coverage,2995172877
44,22,[101830.0],102040.0,101830.0,102040.0,"year 2000, day 50","year 2000, day 51","year 2000, day 50","year 2000, day 51",pair0044,/Users/aj9225/Local/meta-learning-ecological-priors-from-llms/functionlearning/data/cause-effects/pairs/pair0044.txt,7,101147.5,108530.0,density,2995172877
44,23,[101050.0],101660.0,101050.0,101660.0,"year 2000, day 50","year 2000, day 51","year 2000, day 50","year 2000, day 51",pair0044,/Users/aj9225/Local/meta-learning-ecological-priors-from-llms/functionlearning/data/cause-effects/pairs/pair0044.txt,6,93765.0,101147.5,density,2995172877
45,0,[101727.0],100555.0,101727.0,100555.0,"year 2000, day 50","year 2000, day 51","year 2000, day 50","year 2000, day 51",pair0045,/Users/aj9225/Local/meta-learning-ecological-priors-from-llms/functionlearning/data/cause-effects/pairs/pair0045.txt,5,101169.375,102110.25,density,865305066
45,1,[101577.0],101610.0,101577.0,101610.0,"year 2000, day 50","year 2000, day 51","year 2000, day 50","year 2000, day 51",pair0045,/Users/aj9225/Local/meta-learning-ecological-priors-from-llms/functionlearning/data/cause-effects/pairs/pair0045.txt,5,101169.375,102110.25,coverage,865305066
45,2,[96725.0],97670.0,96725.0,97670.0,"year 2000, day 50","year 2000, day 51","year 2000, day 50","year 2000, day 51",pair0045,/Users/aj9225/Local/meta-learning-ecological-priors-from-llms/functionlearning/data/cause-effects/pairs/pair0045.txt,0,96465.0,97405.875,coverage,865305066
45,3,[102810.0],102677.0,102810.0,102677.0,"year 2000, day 50","year 2000, day 51","year 2000, day 50","year 2000, day 51",pair0045,/Users/aj9225/Local/meta-learning-ecological-priors-from-llms/functionlearning/data/cause-effects/pairs/pair0045.txt,6,102110.25,103051.125,density,865305066
45,4,[99255.0],98965.0,99255.0,98965.0,"year 2000, day 50","year 2000, day 51","year 2000, day 50","year 2000, day 51",pair0045,/Users/aj9225/Local/meta-learning-ecological-priors-from-llms/functionlearning/data/cause-effects/pairs/pair0045.txt,2,98346.75,99287.625,coverage,865305066
45,5,[101422.0],101380.0,101422.0,101380.0,"year 2000, day 50","year 2000, day 51","year 2000, day 50","year 2000, day 51",pair0045,/Users/aj9225/Local/meta-learning-ecological-priors-from-llms/functionlearning/data/cause-effects/pairs/pair0045.txt,5,101169.375,102110.25,density,865305066
45,6,[97687.0],98150.0,97687.0,98150.0,"year 2000, day 50","year 2000, day 51","year 2000, day 50","year 2000, day 51",pair0045,/Users/aj9225/Local/meta-learning-ecological-priors-from-llms/functionlearning/data/cause-effects/pairs/pair0045.txt,1,97405.875,98346.75,density,865305066
45,7,[103190.0],102350.0,103190.0,102350.0,"year 2000, day 50","year 2000, day 51","year 2000, day 50","year 2000, day 51",pair0045,/Users/aj9225/Local/meta-learning-ecological-priors-from-llms/functionlearning/data/cause-effects/pairs/pair0045.txt,7,103051.125,103992.0,coverage,865305066
45,8,[102645.0],102642.0,102645.0,102642.0,"year 2000, day 50","year 2000, day 51","year 2000, day 50","year 2000, day 51",pair0045,/Users/aj9225/Local/meta-learning-ecological-priors-from-llms/functionlearning/data/cause-effects/pairs/pair0045.txt,6,102110.25,103051.125,density,865305066
45,9,[98210.0],98617.0,98210.0,98617.0,"year 2000, day 50","year 2000, day 51","year 2000, day 50","year 2000, day 51",pair0045,/Users/aj9225/Local/meta-learning-ecological-priors-from-llms/functionlearning/data/cause-effects/pairs/pair0045.txt,1,97405.875,98346.75,coverage,865305066
45,10,[98785.0],98570.0,98785.0,98570.0,"year 2000, day 50","year 2000, day 51","year 2000, day 50","year 2000, day 51",pair0045,/Users/aj9225/Local/meta-learning-ecological-priors-from-llms/functionlearning/data/cause-effects/pairs/pair0045.txt,2,98346.75,99287.625,density,865305066
45,11,[101770.0],101350.0,101770.0,101350.0,"year 2000, day 50","year 2000, day 51","year 2000, day 50","year 2000, day 51",pair0045,/Users/aj9225/Local/meta-learning-ecological-priors-from-llms/functionlearning/data/cause-effects/pairs/pair0045.txt,5,101169.375,102110.25,density,865305066
45,12,[101820.0],101770.0,101820.0,101770.0,"year 2000, day 50","year 2000, day 51","year 2000, day 50","year 2000, day 51",pair0045,/Users/aj9225/Local/meta-learning-ecological-priors-from-llms/functionlearning/data/cause-effects/pairs/pair0045.txt,5,101169.375,102110.25,density,865305066
45,13,[99475.0],99300.0,99475.0,99300.0,"year 2000, day 50","year 2000, day 51","year 2000, day 50","year 2000, day 51",pair0045,/Users/aj9225/Local/meta-learning-ecological-priors-from-llms/functionlearning/data/cause-effects/pairs/pair0045.txt,3,99287.625,100228.5,density,865305066
45,14,[101025.0],101062.0,101025.0,101062.0,"year 2000, day 50","year 2000, day 51","year 2000, day 50","year 2000, day 51",pair0045,/Users/aj9225/Local/meta-learning-ecological-priors-from-llms/functionlearning/data/cause-effects/pairs/pair0045.txt,4,100228.5,101169.375,density,865305066
45,15,[102887.0],102787.0,102887.0,102787.0,"year 2000, day 50","year 2000, day 51","year 2000, day 50","year 2000, day 51",pair0045,/Users/aj9225/Local/meta-learning-ecological-priors-from-llms/functionlearning/data/cause-effects/pairs/pair0045.txt,6,102110.25,103051.125,coverage,865305066
45,16,[101087.0],100300.0,101087.0,100300.0,"year 2000, day 50","year 2000, day 51","year 2000, day 50","year 2000, day 51",pair0045,/Users/aj9225/Local/meta-learning-ecological-priors-from-llms/functionlearning/data/cause-effects/pairs/pair0045.txt,4,100228.5,101169.375,density,865305066
45,17,[102312.0],101447.0,102312.0,101447.0,"year 2000, day 50","year 2000, day 51","year 2000, day 50","year 2000, day 51",pair0045,/Users/aj9225/Local/meta-learning-ecological-priors-from-llms/functionlearning/data/cause-effects/pairs/pair0045.txt,6,102110.25,103051.125,density,865305066
45,18,[103462.0],103922.0,103462.0,103922.0,"year 2000, day 50","year 2000, day 51","year 2000, day 50","year 2000, day 51",pair0045,/Users/aj9225/Local/meta-learning-ecological-priors-from-llms/functionlearning/data/cause-effects/pairs/pair0045.txt,7,103051.125,103992.0,density,865305066
45,19,[101227.0],101405.0,101227.0,101405.0,"year 2000, day 50","year 2000, day 51","year 2000, day 50","year 2000, day 51",pair0045,/Users/aj9225/Local/meta-learning-ecological-priors-from-llms/functionlearning/data/cause-effects/pairs/pair0045.txt,5,101169.375,102110.25,density,865305066
45,20,[99987.0],101392.0,99987.0,101392.0,"year 2000, day 50","year 2000, day 51","year 2000, day 50","year 2000, day 51",pair0045,/Users/aj9225/Local/meta-learning-ecological-priors-from-llms/functionlearning/data/cause-effects/pairs/pair0045.txt,3,99287.625,100228.5,coverage,865305066
45,21,[101137.0],101215.0,101137.0,101215.0,"year 2000, day 50","year 2000, day 51","year 2000, day 50","year 2000, day 51",pair0045,/Users/aj9225/Local/meta-learning-ecological-priors-from-llms/functionlearning/data/cause-effects/pairs/pair0045.txt,4,100228.5,101169.375,density,865305066
45,22,[100590.0],101532.0,100590.0,101532.0,"year 2000, day 50","year 2000, day 51","year 2000, day 50","year 2000, day 51",pair0045,/Users/aj9225/Local/meta-learning-ecological-priors-from-llms/functionlearning/data/cause-effects/pairs/pair0045.txt,4,100228.5,101169.375,coverage,865305066
45,23,[101030.0],100942.0,101030.0,100942.0,"year 2000, day 50","year 2000, day 51","year 2000, day 50","year 2000, day 51",pair0045,/Users/aj9225/Local/meta-learning-ecological-priors-from-llms/functionlearning/data/cause-effects/pairs/pair0045.txt,4,100228.5,101169.375,density,865305066
56,0,[72.0],30.06,72.0,30.06,"life expectancy at birth for different countries, female, 2000-2005",latitude of the country's capital,"life expectancy at birth for different countries, female, 2000-2005",latitude of the country's capital,pair0056,/Users/aj9225/Local/meta-learning-ecological-priors-from-llms/functionlearning/data/cause-effects/pairs/pair0056.txt,5,67.75,73.5,coverage,404488628
56,1,[75.0],3.15,75.0,3.15,"life expectancy at birth for different countries, female, 2000-2005",latitude of the country's capital,"life expectancy at birth for different countries, female, 2000-2005",latitude of the country's capital,pair0056,/Users/aj9225/Local/meta-learning-ecological-priors-from-llms/functionlearning/data/cause-effects/pairs/pair0056.txt,6,73.5,79.25,density,404488628
56,2,[46.0],-13.99,46.0,-13.99,"life expectancy at birth for different countries, female, 2000-2005",latitude of the country's capital,"life expectancy at birth for different countries, female, 2000-2005",latitude of the country's capital,pair0056,/Users/aj9225/Local/meta-learning-ecological-priors-from-llms/functionlearning/data/cause-effects/pairs/pair0056.txt,1,44.75,50.5,coverage,404488628
56,3,[76.0],10.5,76.0,10.5,"life expectancy at birth for different countries, female, 2000-2005",latitude of the country's capital,"life expectancy at birth for different countries, female, 2000-2005",latitude of the country's capital,pair0056,/Users/aj9225/Local/meta-learning-ecological-priors-from-llms/functionlearning/data/cause-effects/pairs/pair0056.txt,6,73.5,79.25,density,404488628
56,4,[53.0],-22.57,53.0,-22.57,"life expectancy at birth for different countries, female, 2000-2005",latitude of the country's capital,"life expectancy at birth for different countries, female, 2000-2005",latitude of the country's capital,pair0056,/Users/aj9225/Local/meta-learning-ecological-priors-from-llms/functionlearning/data/cause-effects/pairs/pair0056.txt,2,50.5,56.25,density,404488628
56,5,[59.0],5.54,59.0,5.54,"life expectancy at birth for different countries, female, 2000-2005",latitude of the country's capital,"life expectancy at birth for different countries, female, 2000-2005",latitude of the country's capital,pair0056,/Users/aj9225/Local/meta-learning-ecological-priors-from-llms/functionlearning/data/cause-effects/pairs/pair0056.txt,3,56.25,62.0,coverage,404488628
56,6,[66.0],4.17,66.0,4.17,"life expectancy at birth for different countries, female, 2000-2005",latitude of the country's capital,"life expectancy at birth for different countries, female, 2000-2005",latitude of the country's capital,pair0056,/Users/aj9225/Local/meta-learning-ecological-priors-from-llms/functionlearning/data/cause-effects/pairs/pair0056.txt,4,62.0,67.75,density,404488628
56,7,[71.0],10.66,71.0,10.66,"life expectancy at birth for different countries, female, 2000-2005",latitude of the country's capital,"life expectancy at birth for different countries, female, 2000-2005",latitude of the country's capital,pair0056,/Users/aj9225/Local/meta-learning-ecological-priors-from-llms/functionlearning/data/cause-effects/pairs/pair0056.txt,5,67.75,73.5,density,404488628
56,8,[39.0],-15.41,39.0,-15.41,"life expectancy at birth for different countries, female, 2000-2005",latitude of the country's capital,"life expectancy at birth for different countries, female, 2000-2005",latitude of the country's capital,pair0056,/Users/aj9225/Local/meta-learning-ecological-priors-from-llms/functionlearning/data/cause-effects/pairs/pair0056.txt,0,39.0,44.75,coverage,404488628
56,9,[70.0],-18.14,70.0,-18.14,"life expectancy at birth for different countries, female, 2000-2005",latitude of the country's capital,"life expectancy at birth for different countries, female, 2000-2005",latitude of the country's capital,pair0056,/Users/aj9225/Local/meta-learning-ecological-priors-from-llms/functionlearning/data/cause-effects/pairs/pair0056.txt,5,67.75,73.5,density,404488628
56,10,[83.0],41.9,83.0,41.9,"life expectancy at birth for different countries, female, 2000-2005",latitude of the country's capital,"life expectancy at birth for different countries, female, 2000-2005",latitude of the country's capital,pair0056,/Users/aj9225/Local/meta-learning-ecological-priors-from-llms/functionlearning/data/cause-effects/pairs/pair0056.txt,7,79.25,85.0,density,404488628
56,11,[60.0],6.12,60.0,6.12,"life expectancy at birth for different countries, female, 2000-2005",latitude of the country's capital,"life expectancy at birth for different countries, female, 2000-2005",latitude of the country's capital,pair0056,/Users/aj9225/Local/meta-learning-ecological-priors-from-llms/functionlearning/data/cause-effects/pairs/pair0056.txt,3,56.25,62.0,density,404488628
56,12,[81.0],35.17,81.0,35.17,"life expectancy at birth for different countries, female, 2000-2005",latitude of the country's capital,"life expectancy at birth for different countries, female, 2000-2005",latitude of the country's capital,pair0056,/Users/aj9225/Local/meta-learning-ecological-priors-from-llms/functionlearning/data/cause-effects/pairs/pair0056.txt,7,79.25,85.0,density,404488628
56,13,[52.0],9.0,52.0,9.0,"life expectancy at birth for different countries, female, 2000-2005",latitude of the country's capital,"life expectancy at birth for different countries, female, 2000-2005",latitude of the country's capital,pair0056,/Users/aj9225/Local/meta-learning-ecological-priors-from-llms/functionlearning/data/cause-effects/pairs/pair0056.txt,2,50.5,56.25,coverage,404488628
56,14,[67.0],37.95,67.0,37.95,"life expectancy at birth for different countries, female, 2000-2005",latitude of the country's capital,"life expectancy at birth for different countries, female, 2000-2005",latitude of the country's capital,pair0056,/Users/aj9225/Local/meta-learning-ecological-priors-from-llms/functionlearning/data/cause-effects/pairs/pair0056.txt,4,62.0,67.75,density,404488628
56,15,[49.0],-3.38,49.0,-3.38,"life expectancy at birth for different countries, female, 2000-2005",latitude of the country's capital,"life expectancy at birth for different countries, female, 2000-2005",latitude of the country's capital,pair0056,/Users/aj9225/Local/meta-learning-ecological-priors-from-llms/functionlearning/data/cause-effects/pairs/pair0056.txt,1,44.75,50.5,density,404488628
56,16,[71.0],47.01,71.0,47.01,"life expectancy at birth for different countries, female, 2000-2005",latitude of the country's capital,"life expectancy at birth for different countries, female, 2000-2005",latitude of the country's capital,pair0056,/Users/aj9225/Local/meta-learning-ecological-priors-from-llms/functionlearning/data/cause-effects/pairs/pair0056.txt,5,67.75,73.5,density,404488628
56,17,[83.0],40.42,83.0,40.42,"life expectancy at birth for different countries, female, 2000-2005",latitude of the country's capital,"life expectancy at birth for different countries, female, 2000-2005",latitude of the country's capital,pair0056,/Users/aj9225/Local/meta-learning-ecological-priors-from-llms/functionlearning/data/cause-effects/pairs/pair0056.txt,7,79.25,85.0,density,404488628
56,18,[77.0],-0.23,77.0,-0.23,"life expectancy at birth for different countries, female, 2000-2005",latitude of the country's capital,"life expectancy at birth for different countries, female, 2000-2005",latitude of the country's capital,pair0056,/Users/aj9225/Local/meta-learning-ecological-priors-from-llms/functionlearning/data/cause-effects/pairs/pair0056.txt,6,73.5,79.25,coverage,404488628
56,19,[65.0],27.44,65.0,27.44,"life expectancy at birth for different countries, female, 2000-2005",latitude of the country's capital,"life expectancy at birth for different countries, female, 2000-2005",latitude of the country's capital,pair0056,/Users/aj9225/Local/meta-learning-ecological-priors-from-llms/functionlearning/data/cause-effects/pairs/pair0056.txt,4,62.0,67.75,coverage,404488628
56,20,[77.0],43.86,77.0,43.86,"life expectancy at birth for different countries, female, 2000-2005",latitude of the country's capital,"life expectancy at birth for different countries, female, 2000-2005",latitude of the country's capital,pair0056,/Users/aj9225/Local/meta-learning-ecological-priors-from-llms/functionlearning/data/cause-effects/pairs/pair0056.txt,6,73.5,79.25,density,404488628
56,21,[80.0],46.05,80.0,46.05,"life expectancy at birth for different countries, female, 2000-2005",latitude of the country's capital,"life expectancy at birth for different countries, female, 2000-2005",latitude of the country's capital,pair0056,/Users/aj9225/Local/meta-learning-ecological-priors-from-llms/functionlearning/data/cause-effects/pairs/pair0056.txt,7,79.25,85.0,coverage,404488628
56,22,[79.0],41.33,79.0,41.33,"life expectancy at birth for different countries, female, 2000-2005",latitude of the country's capital,"life expectancy at birth for different countries, female, 2000-2005",latitude of the country's capital,pair0056,/Users/aj9225/Local/meta-learning-ecological-priors-from-llms/functionlearning/data/cause-effects/pairs/pair0056.txt,6,73.5,79.25,density,404488628
56,23,[74.0],25.4,74.0,25.4,"life expectancy at birth for different countries, female, 2000-2005",latitude of the country's capital,"life expectancy at birth for different countries, female, 2000-2005",latitude of the country's capital,pair0056,/Users/aj9225/Local/meta-learning-ecological-priors-from-llms/functionlearning/data/cause-effects/pairs/pair0056.txt,6,73.5,79.25,density,404488628
64,0,[71.0],79.0,71.0,79.0,"Population with sustainable access to improved drinking water sources (%) total, 2006","Infant mortality rate (per 1 000 live births) both sexes, 2006","Population with sustainable access to improved drinking water sources (%) total, 2006","Infant mortality rate (per 1 000 live births) both sexes, 2006",pair0064,/Users/aj9225/Local/meta-learning-ecological-priors-from-llms/functionlearning/data/cause-effects/pairs/pair0064.txt,5,70.75,80.5,density,2261209995
64,1,[100.0],5.0,100.0,5.0,"Population with sustainable access to improved drinking water sources (%) total, 2006","Infant mortality rate (per 1 000 live births) both sexes, 2006","Population with sustainable access to improved drinking water sources (%) total, 2006","Infant mortality rate (per 1 000 live births) both sexes, 2006",pair0064,/Users/aj9225/Local/meta-learning-ecological-priors-from-llms/functionlearning/data/cause-effects/pairs/pair0064.txt,7,90.25,100.0,coverage,2261209995
64,2,[84.0],21.0,84.0,21.0,"Population with sustainable access to improved drinking water sources (%) total, 2006","Infant mortality rate (per 1 000 live births) both sexes, 2006","Population with sustainable access to improved drinking water sources (%) total, 2006","Infant mortality rate (per 1 000 live births) both sexes, 2006",pair0064,/Users/aj9225/Local/meta-learning-ecological-priors-from-llms/functionlearning/data/cause-effects/pairs/pair0064.txt,6,80.5,90.25,density,2261209995
64,3,[83.0],26.0,83.0,26.0,"Population with sustainable access to improved drinking water sources (%) total, 2006","Infant mortality rate (per 1 000 live births) both sexes, 2006","Population with sustainable access to improved drinking water sources (%) total, 2006","Infant mortality rate (per 1 000 live births) both sexes, 2006",pair0064,/Users/aj9225/Local/meta-learning-ecological-priors-from-llms/functionlearning/data/cause-effects/pairs/pair0064.txt,6,80.5,90.25,coverage,2261209995
64,4,[100.0],3.0,100.0,3.0,"Population with sustainable access to improved drinking water sources (%) total, 2006","Infant mortality rate (per 1 000 live births) both sexes, 2006","Population with sustainable access to improved drinking water sources (%) total, 2006","Infant mortality rate (per 1 000 live births) both sexes, 2006",pair0064,/Users/aj9225/Local/meta-learning-ecological-priors-from-llms/functionlearning/data/cause-effects/pairs/pair0064.txt,7,90.25,100.0,density,2261209995
64,5,[60.0],59.0,60.0,59.0,"Population with sustainable access to improved drinking water sources (%) total, 2006","Infant mortality rate (per 1 000 live births) both sexes, 2006","Population with sustainable access to improved drinking water sources (%) total, 2006","Infant mortality rate (per 1 000 live births) both sexes, 2006",pair0064,/Users/aj9225/Local/meta-learning-ecological-priors-from-llms/functionlearning/data/cause-effects/pairs/pair0064.txt,3,51.25,61.0,coverage,2261209995
64,6,[77.0],19.0,77.0,19.0,"Population with sustainable access to improved drinking water sources (%) total, 2006","Infant mortality rate (per 1 000 live births) both sexes, 2006","Population with sustainable access to improved drinking water sources (%) total, 2006","Infant mortality rate (per 1 000 live births) both sexes, 2006",pair0064,/Users/aj9225/Local/meta-learning-ecological-priors-from-llms/functionlearning/data/cause-effects/pairs/pair0064.txt,5,70.75,80.5,coverage,2261209995
64,7,[100.0],20.0,100.0,20.0,"Population with sustainable access to improved drinking water sources (%) total, 2006","Infant mortality rate (per 1 000 live births) both sexes, 2006","Population with sustainable access to improved drinking water sources (%) total, 2006","Infant mortality rate (per 1 000 live births) both sexes, 2006",pair0064,/Users/aj9225/Local/meta-learning-ecological-priors-from-llms/functionlearning/data/cause-effects/pairs/pair0064.txt,7,90.25,100.0,density,2261209995
64,8,[67.0],56.0,67.0,56.0,"Population with sustainable access to improved drinking water sources (%) total, 2006","Infant mortality rate (per 1 000 live births) both sexes, 2006","Population with sustainable access to improved drinking water sources (%) total, 2006","Infant mortality rate (per 1 000 live births) both sexes, 2006",pair0064,/Users/aj9225/Local/meta-learning-ecological-priors-from-llms/functionlearning/data/cause-effects/pairs/pair0064.txt,4,61.0,70.75,coverage,2261209995
64,9,[100.0],8.0,100.0,8.0,"Population with sustainable access to improved drinking water sources (%) total, 2006","Infant mortality rate (per 1 000 live births) both sexes, 2006","Population with sustainable access to improved drinking water sources (%) total, 2006","Infant mortality rate (per 1 000 live births) both sexes, 2006",pair0064,/Users/aj9225/Local/meta-learning-ecological-priors-from-llms/functionlearning/data/cause-effects/pairs/pair0064.txt,7,90.25,100.0,density,2261209995
64,10,[59.0],69.0,59.0,69.0,"Population with sustainable access to improved drinking water sources (%) total, 2006","Infant mortality rate (per 1 000 live births) both sexes, 2006","Population with sustainable access to improved drinking water sources (%) total, 2006","Infant mortality rate (per 1 000 live births) both sexes, 2006",pair0064,/Users/aj9225/Local/meta-learning-ecological-priors-from-llms/functionlearning/data/cause-effects/pairs/pair0064.txt,3,51.25,61.0,density,2261209995
64,11,[98.0],21.0,98.0,21.0,"Population with sustainable access to improved drinking water sources (%) total, 2006","Infant mortality rate (per 1 000 live births) both sexes, 2006","Population with sustainable access to improved drinking water sources (%) total, 2006","Infant mortality rate (per 1 000 live births) both sexes, 2006",pair0064,/Users/aj9225/Local/meta-learning-ecological-priors-from-llms/functionlearning/data/cause-effects/pairs/pair0064.txt,7,90.25,100.0,density,2261209995
64,12,[100.0],4.0,100.0,4.0,"Population with sustainable access to improved drinking water sources (%) total, 2006","Infant mortality rate (per 1 000 live births) both sexes, 2006","Population with sustainable access to improved drinking water sources (%) total, 2006","Infant mortality rate (per 1 000 live births) both sexes, 2006",pair0064,/Users/aj9225/Local/meta-learning-ecological-priors-from-llms/functionlearning/data/cause-effects/pairs/pair0064.txt,7,90.25,100.0,density,2261209995
64,13,[85.0],51.0,85.0,51.0,"Population with sustainable access to improved drinking water sources (%) total, 2006","Infant mortality rate (per 1 000 live births) both sexes, 2006","Population with sustainable access to improved drinking water sources (%) total, 2006","Infant mortality rate (per 1 000 live births) both sexes, 2006",pair0064,/Users/aj9225/Local/meta-learning-ecological-priors-from-llms/functionlearning/data/cause-effects/pairs/pair0064.txt,6,80.5,90.25,density,2261209995
64,14,[40.0],54.0,40.0,54.0,"Population with sustainable access to improved drinking water sources (%) total, 2006","Infant mortality rate (per 1 000 live births) both sexes, 2006","Population with sustainable access to improved drinking water sources (%) total, 2006","Infant mortality rate (per 1 000 live births) both sexes, 2006",pair0064,/Users/aj9225/Local/meta-learning-ecological-priors-from-llms/functionlearning/data/cause-effects/pairs/pair0064.txt,1,31.75,41.5,coverage,2261209995
64,15,[22.0],165.0,22.0,165.0,"Population with sustainable access to improved drinking water sources (%) total, 2006","Infant mortality rate (per 1 000 live births) both sexes, 2006","Population with sustainable access to improved drinking water sources (%) total, 2006","Infant mortality rate (per 1 000 live births) both sexes, 2006",pair0064,/Users/aj9225/Local/meta-learning-ecological-priors-from-llms/functionlearning/data/cause-effects/pairs/pair0064.txt,0,22.0,31.75,coverage,2261209995
64,16,[42.0],96.0,42.0,96.0,"Population with sustainable access to improved drinking water sources (%) total, 2006","Infant mortality rate (per 1 000 live births) both sexes, 2006","Population with sustainable access to improved drinking water sources (%) total, 2006","Infant mortality rate (per 1 000 live births) both sexes, 2006",pair0064,/Users/aj9225/Local/meta-learning-ecological-priors-from-llms/functionlearning/data/cause-effects/pairs/pair0064.txt,2,41.5,51.25,coverage,2261209995
64,17,[93.0],45.0,93.0,45.0,"Population with sustainable access to improved drinking water sources (%) total, 2006","Infant mortality rate (per 1 000 live births) both sexes, 2006","Population with sustainable access to improved drinking water sources (%) total, 2006","Infant mortality rate (per 1 000 live births) both sexes, 2006",pair0064,/Users/aj9225/Local/meta-learning-ecological-priors-from-llms/functionlearning/data/cause-effects/pairs/pair0064.txt,7,90.25,100.0,density,2261209995
64,18,[66.0],75.0,66.0,75.0,"Population with sustainable access to improved drinking water sources (%) total, 2006","Infant mortality rate (per 1 000 live births) both sexes, 2006","Population with sustainable access to improved drinking water sources (%) total, 2006","Infant mortality rate (per 1 000 live births) both sexes, 2006",pair0064,/Users/aj9225/Local/meta-learning-ecological-priors-from-llms/functionlearning/data/cause-effects/pairs/pair0064.txt,4,61.0,70.75,density,2261209995
64,19,[100.0],4.0,100.0,4.0,"Population with sustainable access to improved drinking water sources (%) total, 2006","Infant mortality rate (per 1 000 live births) both sexes, 2006","Population with sustainable access to improved drinking water sources (%) total, 2006","Infant mortality rate (per 1 000 live births) both sexes, 2006",pair0064,/Users/aj9225/Local/meta-learning-ecological-priors-from-llms/functionlearning/data/cause-effects/pairs/pair0064.txt,7,90.25,100.0,density,2261209995
64,20,[51.0],154.0,51.0,154.0,"Population with sustainable access to improved drinking water sources (%) total, 2006","Infant mortality rate (per 1 000 live births) both sexes, 2006","Population with sustainable access to improved drinking water sources (%) total, 2006","Infant mortality rate (per 1 000 live births) both sexes, 2006",pair0064,/Users/aj9225/Local/meta-learning-ecological-priors-from-llms/functionlearning/data/cause-effects/pairs/pair0064.txt,2,41.5,51.25,density,2261209995
64,21,[100.0],6.0,100.0,6.0,"Population with sustainable access to improved drinking water sources (%) total, 2006","Infant mortality rate (per 1 000 live births) both sexes, 2006","Population with sustainable access to improved drinking water sources (%) total, 2006","Infant mortality rate (per 1 000 live births) both sexes, 2006",pair0064,/Users/aj9225/Local/meta-learning-ecological-priors-from-llms/functionlearning/data/cause-effects/pairs/pair0064.txt,7,90.25,100.0,density,2261209995
64,22,[78.0],73.0,78.0,73.0,"Population with sustainable access to improved drinking water sources (%) total, 2006","Infant mortality rate (per 1 000 live births) both sexes, 2006","Population with sustainable access to improved drinking water sources (%) total, 2006","Infant mortality rate (per 1 000 live births) both sexes, 2006",pair0064,/Users/aj9225/Local/meta-learning-ecological-priors-from-llms/functionlearning/data/cause-effects/pairs/pair0064.txt,5,70.75,80.5,density,2261209995
64,23,[88.0],23.0,88.0,23.0,"Population with sustainable access to improved drinking water sources (%) total, 2006","Infant mortality rate (per 1 000 live births) both sexes, 2006","Population with sustainable access to improved drinking water sources (%) total, 2006","Infant mortality rate (per 1 000 live births) both sexes, 2006",pair0064,/Users/aj9225/Local/meta-learning-ecological-priors-from-llms/functionlearning/data/cause-effects/pairs/pair0064.txt,6,80.5,90.25,density,2261209995
66,0,[0.022763367],-0.013607562,0.022763367,-0.013607562,stock returns of Hutchison (0013.HK),stock return of Cheung kong (0001.HK),stock returns of Hutchison (0013.HK),stock return of Cheung kong (0001.HK),pair0066,/Users/aj9225/Local/meta-learning-ecological-priors-from-llms/functionlearning/data/cause-effects/pairs/pair0066.txt,5,0.003916219999999998,0.030991557999999975,density,4190266092
66,1,[0.024321641],0.011013544,0.024321641,0.011013544,stock returns of Hutchison (0013.HK),stock return of Cheung kong (0001.HK),stock returns of Hutchison (0013.HK),stock return of Cheung kong (0001.HK),pair0066,/Users/aj9225/Local/meta-learning-ecological-priors-from-llms/functionlearning/data/cause-effects/pairs/pair0066.txt,5,0.003916219999999998,0.030991557999999975,density,4190266092
66,2,[-0.052361616],-0.0276154,-0.052361616,-0.0276154,stock returns of Hutchison (0013.HK),stock return of Cheung kong (0001.HK),stock returns of Hutchison (0013.HK),stock return of Cheung kong (0001.HK),pair0066,/Users/aj9225/Local/meta-learning-ecological-priors-from-llms/functionlearning/data/cause-effects/pairs/pair0066.txt,2,-0.077309794,-0.05023445600000001,coverage,4190266092
66,3,[0.0036776998],0.017718715,0.0036776998,0.017718715,stock returns of Hutchison (0013.HK),stock return of Cheung kong (0001.HK),stock returns of Hutchison (0013.HK),stock return of Cheung kong (0001.HK),pair0066,/Users/aj9225/Local/meta-learning-ecological-priors-from-llms/functionlearning/data/cause-effects/pairs/pair0066.txt,4,-0.023159118000000006,0.003916219999999998,density,4190266092
66,4,[-0.046901528],-0.045556691,-0.046901528,-0.045556691,stock returns of Hutchison (0013.HK),stock return of Cheung kong (0001.HK),stock returns of Hutchison (0013.HK),stock return of Cheung kong (0001.HK),pair0066,/Users/aj9225/Local/meta-learning-ecological-priors-from-llms/functionlearning/data/cause-effects/pairs/pair0066.txt,3,-0.05023445600000001,-0.023159118000000006,density,4190266092
66,5,[0.030650445],-0.0050510848,0.030650445,-0.0050510848,stock returns of Hutchison (0013.HK),stock return of Cheung kong (0001.HK),stock returns of Hutchison (0013.HK),stock return of Cheung kong (0001.HK),pair0066,/Users/aj9225/Local/meta-learning-ecological-priors-from-llms/functionlearning/data/cause-effects/pairs/pair0066.txt,5,0.003916219999999998,0.030991557999999975,density,4190266092
66,6,[-0.014244426],0.0,-0.014244426,0.0,stock returns of Hutchison (0013.HK),stock return of Cheung kong (0001.HK),stock returns of Hutchison (0013.HK),stock return of Cheung kong (0001.HK),pair0066,/Users/aj9225/Local/meta-learning-ecological-priors-from-llms/functionlearning/data/cause-effects/pairs/pair0066.txt,4,-0.023159118000000006,0.003916219999999998,density,4190266092
66,7,[0.0045012604],-0.012168695,0.0045012604,-0.012168695,stock returns of Hutchison (0013.HK),stock return of Cheung kong (0001.HK),stock returns of Hutchison (0013.HK),stock return of Cheung kong (0001.HK),pair0066,/Users/aj9225/Local/meta-learning-ecological-priors-from-llms/functionlearning/data/cause-effects/pairs/pair0066.txt,5,0.003916219999999998,0.030991557999999975,density,4190266092
66,8,[0.0022336386],-0.0022553,0.0022336386,-0.0022553,stock returns of Hutchison (0013.HK),stock return of Cheung kong (0001.HK),stock returns of Hutchison (0013.HK),stock return of Cheung kong (0001.HK),pair0066,/Users/aj9225/Local/meta-learning-ecological-priors-from-llms/functionlearning/data/cause-effects/pairs/pair0066.txt,4,-0.023159118000000006,0.003916219999999998,density,4190266092
66,9,[-0.0084730153],-0.0037816508,-0.0084730153,-0.0037816508,stock returns of Hutchison (0013.HK),stock return of Cheung kong (0001.HK),stock returns of Hutchison (0013.HK),stock return of Cheung kong (0001.HK),pair0066,/Users/aj9225/Local/meta-learning-ecological-priors-from-llms/functionlearning/data/cause-effects/pairs/pair0066.txt,4,-0.023159118000000006,0.003916219999999998,density,4190266092
66,10,[0.065288954],0.03444765,0.065288954,0.03444765,stock returns of Hutchison (0013.HK),stock return of Cheung kong (0001.HK),stock returns of Hutchison (0013.HK),stock return of Cheung kong (0001.HK),pair0066,/Users/aj9225/Local/meta-learning-ecological-priors-from-llms/functionlearning/data/cause-effects/pairs/pair0066.txt,7,0.05806689599999998,0.085142234,coverage,4190266092
66,11,[-0.036232699],-0.048060942,-0.036232699,-0.048060942,stock returns of Hutchison (0013.HK),stock return of Cheung kong (0001.HK),stock returns of Hutchison (0013.HK),stock return of Cheung kong (0001.HK),pair0066,/Users/aj9225/Local/meta-learning-ecological-priors-from-llms/functionlearning/data/cause-effects/pairs/pair0066.txt,3,-0.05023445600000001,-0.023159118000000006,density,4190266092
66,12,[-0.010350687],0.0,-0.010350687,0.0,stock returns of Hutchison (0013.HK),stock return of Cheung kong (0001.HK),stock returns of Hutchison (0013.HK),stock return of Cheung kong (0001.HK),pair0066,/Users/aj9225/Local/meta-learning-ecological-priors-from-llms/functionlearning/data/cause-effects/pairs/pair0066.txt,4,-0.023159118000000006,0.003916219999999998,density,4190266092
66,13,[0.014078921],0.0093403386,0.014078921,0.0093403386,stock returns of Hutchison (0013.HK),stock return of Cheung kong (0001.HK),stock returns of Hutchison (0013.HK),stock return of Cheung kong (0001.HK),pair0066,/Users/aj9225/Local/meta-learning-ecological-priors-from-llms/functionlearning/data/cause-effects/pairs/pair0066.txt,5,0.003916219999999998,0.030991557999999975,coverage,4190266092
66,14,[0.0020143241],-0.0166334,0.0020143241,-0.0166334,stock returns of Hutchison (0013.HK),stock return of Cheung kong (0001.HK),stock returns of Hutchison (0013.HK),stock return of Cheung kong (0001.HK),pair0066,/Users/aj9225/Local/meta-learning-ecological-priors-from-llms/functionlearning/data/cause-effects/pairs/pair0066.txt,4,-0.023159118000000006,0.003916219999999998,density,4190266092
66,15,[0.003880755],0.0,0.003880755,0.0,stock returns of Hutchison (0013.HK),stock return of Cheung kong (0001.HK),stock returns of Hutchison (0013.HK),stock return of Cheung kong (0001.HK),pair0066,/Users/aj9225/Local/meta-learning-ecological-priors-from-llms/functionlearning/data/cause-effects/pairs/pair0066.txt,4,-0.023159118000000006,0.003916219999999998,density,4190266092
66,16,[-0.004307754],-0.023599523,-0.004307754,-0.023599523,stock returns of Hutchison (0013.HK),stock return of Cheung kong (0001.HK),stock returns of Hutchison (0013.HK),stock return of Cheung kong (0001.HK),pair0066,/Users/aj9225/Local/meta-learning-ecological-priors-from-llms/functionlearning/data/cause-effects/pairs/pair0066.txt,4,-0.023159118000000006,0.003916219999999998,density,4190266092
66,17,[0.007518797],0.010830325,0.007518797,0.010830325,stock returns of Hutchison (0013.HK),stock return of Cheung kong (0001.HK),stock returns of Hutchison (0013.HK),stock return of Cheung kong (0001.HK),pair0066,/Users/aj9225/Local/meta-learning-ecological-priors-from-llms/functionlearning/data/cause-effects/pairs/pair0066.txt,5,0.003916219999999998,0.030991557999999975,density,4190266092
66,18,[-0.025302176],-0.023892333,-0.025302176,-0.023892333,stock returns of Hutchison (0013.HK),stock return of Cheung kong (0001.HK),stock returns of Hutchison (0013.HK),stock return of Cheung kong (0001.HK),pair0066,/Users/aj9225/Local/meta-learning-ecological-priors-from-llms/functionlearning/data/cause-effects/pairs/pair0066.txt,3,-0.05023445600000001,-0.023159118000000006,coverage,4190266092
66,19,[-0.10653938],-0.10610296,-0.10653938,-0.10610296,stock returns of Hutchison (0013.HK),stock return of Cheung kong (0001.HK),stock returns of Hutchison (0013.HK),stock return of Cheung kong (0001.HK),pair0066,/Users/aj9225/Local/meta-learning-ecological-priors-from-llms/functionlearning/data/cause-effects/pairs/pair0066.txt,0,-0.13146047,-0.10438513199999999,coverage,4190266092
66,20,[0.041848524],0.049209139,0.041848524,0.049209139,stock returns of Hutchison (0013.HK),stock return of Cheung kong (0001.HK),stock returns of Hutchison (0013.HK),stock return of Cheung kong (0001.HK),pair0066,/Users/aj9225/Local/meta-learning-ecological-priors-from-llms/functionlearning/data/cause-effects/pairs/pair0066.txt,6,0.030991557999999975,0.05806689599999998,coverage,4190266092
66,21,[0.01882662],0.0094196622,0.01882662,0.0094196622,stock returns of Hutchison (0013.HK),stock return of Cheung kong (0001.HK),stock returns of Hutchison (0013.HK),stock return of Cheung kong (0001.HK),pair0066,/Users/aj9225/Local/meta-learning-ecological-priors-from-llms/functionlearning/data/cause-effects/pairs/pair0066.txt,5,0.003916219999999998,0.030991557999999975,density,4190266092
66,22,[0.0],-0.0064456722,0.0,-0.0064456722,stock returns of Hutchison (0013.HK),stock return of Cheung kong (0001.HK),stock returns of Hutchison (0013.HK),stock return of Cheung kong (0001.HK),pair0066,/Users/aj9225/Local/meta-learning-ecological-priors-from-llms/functionlearning/data/cause-effects/pairs/pair0066.txt,4,-0.023159118000000006,0.003916219999999998,coverage,4190266092
66,23,[0.034488116],0.033363256,0.034488116,0.033363256,stock returns of Hutchison (0013.HK),stock return of Cheung kong (0001.HK),stock returns of Hutchison (0013.HK),stock return of Cheung kong (0001.HK),pair0066,/Users/aj9225/Local/meta-learning-ecological-priors-from-llms/functionlearning/data/cause-effects/pairs/pair0066.txt,6,0.030991557999999975,0.05806689599999998,density,4190266092
67,0,[0.053090333],0.047507648,0.053090333,0.047507648,stock returns of Cheung kong (0001.HK),stock return of Sun Hung Kai Prop. (0016.HK),stock returns of Cheung kong (0001.HK),stock return of Sun Hung Kai Prop. (0016.HK),pair0067,/Users/aj9225/Local/meta-learning-ecological-priors-from-llms/functionlearning/data/cause-effects/pairs/pair0067.txt,6,0.033480270749999985,0.05694398587499999,coverage,3160032368
67,1,[-0.0035403452],0.0099200882,-0.0035403452,0.0099200882,stock returns of Cheung kong (0001.HK),stock return of Sun Hung Kai Prop. (0016.HK),stock returns of Cheung kong (0001.HK),stock return of Sun Hung Kai Prop. (0016.HK),pair0067,/Users/aj9225/Local/meta-learning-ecological-priors-from-llms/functionlearning/data/cause-effects/pairs/pair0067.txt,4,-0.0134471595,0.010016555625000007,density,3160032368
67,2,[-0.004773765],-0.0020510483,-0.004773765,-0.0020510483,stock returns of Cheung kong (0001.HK),stock return of Sun Hung Kai Prop. (0016.HK),stock returns of Cheung kong (0001.HK),stock return of Sun Hung Kai Prop. (0016.HK),pair0067,/Users/aj9225/Local/meta-learning-ecological-priors-from-llms/functionlearning/data/cause-effects/pairs/pair0067.txt,4,-0.0134471595,0.010016555625000007,density,3160032368
67,3,[0.0053063193],0.044477291,0.0053063193,0.044477291,stock returns of Cheung kong (0001.HK),stock return of Sun Hung Kai Prop. (0016.HK),stock returns of Cheung kong (0001.HK),stock return of Sun Hung Kai Prop. (0016.HK),pair0067,/Users/aj9225/Local/meta-learning-ecological-priors-from-llms/functionlearning/data/cause-effects/pairs/pair0067.txt,4,-0.0134471595,0.010016555625000007,density,3160032368
67,4,[0.003217315],-0.014258853,0.003217315,-0.014258853,stock returns of Cheung kong (0001.HK),stock return of Sun Hung Kai Prop. (0016.HK),stock returns of Cheung kong (0001.HK),stock return of Sun Hung Kai Prop. (0016.HK),pair0067,/Users/aj9225/Local/meta-learning-ecological-priors-from-llms/functionlearning/data/cause-effects/pairs/pair0067.txt,4,-0.0134471595,0.010016555625000007,density,3160032368
67,5,[0.044717829],0.018832781,0.044717829,0.018832781,stock returns of Cheung kong (0001.HK),stock return of Sun Hung Kai Prop. (0016.HK),stock returns of Cheung kong (0001.HK),stock return of Sun Hung Kai Prop. (0016.HK),pair0067,/Users/aj9225/Local/meta-learning-ecological-priors-from-llms/functionlearning/data/cause-effects/pairs/pair0067.txt,6,0.033480270749999985,0.05694398587499999,density,3160032368
67,6,[-0.043259186],-0.012297373,-0.043259186,-0.012297373,stock returns of Cheung kong (0001.HK),stock return of Sun Hung Kai Prop. (0016.HK),stock returns of Cheung kong (0001.HK),stock return of Sun Hung Kai Prop. (0016.HK),pair0067,/Users/aj9225/Local/meta-learning-ecological-priors-from-llms/functionlearning/data/cause-effects/pairs/pair0067.txt,2,-0.06037458975,-0.036910874625000006,coverage,3160032368
67,7,[0.009230165],-0.0047276465,0.009230165,-0.0047276465,stock returns of Cheung kong (0001.HK),stock return of Sun Hung Kai Prop. (0016.HK),stock returns of Cheung kong (0001.HK),stock return of Sun Hung Kai Prop. (0016.HK),pair0067,/Users/aj9225/Local/meta-learning-ecological-priors-from-llms/functionlearning/data/cause-effects/pairs/pair0067.txt,4,-0.0134471595,0.010016555625000007,density,3160032368
67,8,[-0.010201819],-0.0045498084,-0.010201819,-0.0045498084,stock returns of Cheung kong (0001.HK),stock return of Sun Hung Kai Prop. (0016.HK),stock returns of Cheung kong (0001.HK),stock return of Sun Hung Kai Prop. (0016.HK),pair0067,/Users/aj9225/Local/meta-learning-ecological-priors-from-llms/functionlearning/data/cause-effects/pairs/pair0067.txt,4,-0.0134471595,0.010016555625000007,density,3160032368
67,9,[0.066398038],0.085152838,0.066398038,0.085152838,stock returns of Cheung kong (0001.HK),stock return of Sun Hung Kai Prop. (0016.HK),stock returns of Cheung kong (0001.HK),stock return of Sun Hung Kai Prop. (0016.HK),pair0067,/Users/aj9225/Local/meta-learning-ecological-priors-from-llms/functionlearning/data/cause-effects/pairs/pair0067.txt,7,0.05694398587499999,0.080407701,coverage,3160032368
67,10,[-0.022825219],-0.017701726,-0.022825219,-0.017701726,stock returns of Cheung kong (0001.HK),stock return of Sun Hung Kai Prop. (0016.HK),stock returns of Cheung kong (0001.HK),stock return of Sun Hung Kai Prop. (0016.HK),pair0067,/Users/aj9225/Local/meta-learning-ecological-priors-from-llms/functionlearning/data/cause-effects/pairs/pair0067.txt,3,-0.036910874625000006,-0.0134471595,coverage,3160032368
67,11,[-0.016984127],-0.026460148,-0.016984127,-0.026460148,stock returns of Cheung kong (0001.HK),stock return of Sun Hung Kai Prop. (0016.HK),stock returns of Cheung kong (0001.HK),stock return of Sun Hung Kai Prop. (0016.HK),pair0067,/Users/aj9225/Local/meta-learning-ecological-priors-from-llms/functionlearning/data/cause-effects/pairs/pair0067.txt,3,-0.036910874625000006,-0.0134471595,density,3160032368
67,12,[-0.025732666],-0.023078228,-0.025732666,-0.023078228,stock returns of Cheung kong (0001.HK),stock return of Sun Hung Kai Prop. (0016.HK),stock returns of Cheung kong (0001.HK),stock return of Sun Hung Kai Prop. (0016.HK),pair0067,/Users/aj9225/Local/meta-learning-ecological-priors-from-llms/functionlearning/data/cause-effects/pairs/pair0067.txt,3,-0.036910874625000006,-0.0134471595,density,3160032368
67,13,[-0.0064331665],0.0045275591,-0.0064331665,0.0045275591,stock returns of Cheung kong (0001.HK),stock return of Sun Hung Kai Prop. (0016.HK),stock returns of Cheung kong (0001.HK),stock return of Sun Hung Kai Prop. (0016.HK),pair0067,/Users/aj9225/Local/meta-learning-ecological-priors-from-llms/functionlearning/data/cause-effects/pairs/pair0067.txt,4,-0.0134471595,0.010016555625000007,density,3160032368
67,14,[0.017062006],0.013058697,0.017062006,0.013058697,stock returns of Cheung kong (0001.HK),stock return of Sun Hung Kai Prop. (0016.HK),stock returns of Cheung kong (0001.HK),stock return of Sun Hung Kai Prop. (0016.HK),pair0067,/Users/aj9225/Local/meta-learning-ecological-priors-from-llms/functionlearning/data/cause-effects/pairs/pair0067.txt,5,0.010016555625000007,0.033480270749999985,density,3160032368
67,15,[0.016523792],0.037929426,0.016523792,0.037929426,stock returns of Cheung kong (0001.HK),stock return of Sun Hung Kai Prop. (0016.HK),stock returns of Cheung kong (0001.HK),stock return of Sun Hung Kai Prop. (0016.HK),pair0067,/Users/aj9225/Local/meta-learning-ecological-priors-from-llms/functionlearning/data/cause-effects/pairs/pair0067.txt,5,0.010016555625000007,0.033480270749999985,density,3160032368
67,16,[0.024648986],0.0081344902,0.024648986,0.0081344902,stock returns of Cheung kong (0001.HK),stock return of Sun Hung Kai Prop. (0016.HK),stock returns of Cheung kong (0001.HK),stock return of Sun Hung Kai Prop. (0016.HK),pair0067,/Users/aj9225/Local/meta-learning-ecological-priors-from-llms/functionlearning/data/cause-effects/pairs/pair0067.txt,5,0.010016555625000007,0.033480270749999985,density,3160032368
67,17,[0.011184292],0.0099024534,0.011184292,0.0099024534,stock returns of Cheung kong (0001.HK),stock return of Sun Hung Kai Prop. (0016.HK),stock returns of Cheung kong (0001.HK),stock return of Sun Hung Kai Prop. (0016.HK),pair0067,/Users/aj9225/Local/meta-learning-ecological-priors-from-llms/functionlearning/data/cause-effects/pairs/pair0067.txt,5,0.010016555625000007,0.033480270749999985,density,3160032368
67,18,[-0.10730202],-0.082865694,-0.10730202,-0.082865694,stock returns of Cheung kong (0001.HK),stock return of Sun Hung Kai Prop. (0016.HK),stock returns of Cheung kong (0001.HK),stock return of Sun Hung Kai Prop. (0016.HK),pair0067,/Users/aj9225/Local/meta-learning-ecological-priors-from-llms/functionlearning/data/cause-effects/pairs/pair0067.txt,0,-0.10730202,-0.08383830487499999,coverage,3160032368
67,19,[-0.01254417],-0.0042758877,-0.01254417,-0.0042758877,stock returns of Cheung kong (0001.HK),stock return of Sun Hung Kai Prop. (0016.HK),stock returns of Cheung kong (0001.HK),stock return of Sun Hung Kai Prop. (0016.HK),pair0067,/Users/aj9225/Local/meta-learning-ecological-priors-from-llms/functionlearning/data/cause-effects/pairs/pair0067.txt,4,-0.0134471595,0.010016555625000007,coverage,3160032368
67,20,[0.032750445],0.053308193,0.032750445,0.053308193,stock returns of Cheung kong (0001.HK),stock return of Sun Hung Kai Prop. (0016.HK),stock returns of Cheung kong (0001.HK),stock return of Sun Hung Kai Prop. (0016.HK),pair0067,/Users/aj9225/Local/meta-learning-ecological-priors-from-llms/functionlearning/data/cause-effects/pairs/pair0067.txt,5,0.010016555625000007,0.033480270749999985,coverage,3160032368
67,21,[-0.036806883],-0.058267185,-0.036806883,-0.058267185,stock returns of Cheung kong (0001.HK),stock return of Sun Hung Kai Prop. (0016.HK),stock returns of Cheung kong (0001.HK),stock return of Sun Hung Kai Prop. (0016.HK),pair0067,/Users/aj9225/Local/meta-learning-ecological-priors-from-llms/functionlearning/data/cause-effects/pairs/pair0067.txt,3,-0.036910874625000006,-0.0134471595,density,3160032368
67,22,[0.0],0.0035290343,0.0,0.0035290343,stock returns of Cheung kong (0001.HK),stock return of Sun Hung Kai Prop. (0016.HK),stock returns of Cheung kong (0001.HK),stock return of Sun Hung Kai Prop. (0016.HK),pair0067,/Users/aj9225/Local/meta-learning-ecological-priors-from-llms/functionlearning/data/cause-effects/pairs/pair0067.txt,4,-0.0134471595,0.010016555625000007,density,3160032368
67,23,[-0.068831627],-0.065380344,-0.068831627,-0.065380344,stock returns of Cheung kong (0001.HK),stock return of Sun Hung Kai Prop. (0016.HK),stock returns of Cheung kong (0001.HK),stock return of Sun Hung Kai Prop. (0016.HK),pair0067,/Users/aj9225/Local/meta-learning-ecological-priors-from-llms/functionlearning/data/cause-effects/pairs/pair0067.txt,1,-0.08383830487499999,-0.06037458975,coverage,3160032368
68,0,[233393.0],20.0,233393.0,20.0,bytes sent at minute t,open http connections during that minute,bytes sent at minute t,open http connections during that minute,pair0068,/Users/aj9225/Local/meta-learning-ecological-priors-from-llms/functionlearning/data/cause-effects/pairs/pair0068.txt,0,6458.0,2488276.375,density,3269070126
68,1,[229566.0],17.0,229566.0,17.0,bytes sent at minute t,open http connections during that minute,bytes sent at minute t,open http connections during that minute,pair0068,/Users/aj9225/Local/meta-learning-ecological-priors-from-llms/functionlearning/data/cause-effects/pairs/pair0068.txt,0,6458.0,2488276.375,density,3269070126
68,2,[229165.0],16.0,229165.0,16.0,bytes sent at minute t,open http connections during that minute,bytes sent at minute t,open http connections during that minute,pair0068,/Users/aj9225/Local/meta-learning-ecological-priors-from-llms/functionlearning/data/cause-effects/pairs/pair0068.txt,0,6458.0,2488276.375,density,3269070126
68,3,[1757854.0],51.0,1757854.0,51.0,bytes sent at minute t,open http connections during that minute,bytes sent at minute t,open http connections during that minute,pair0068,/Users/aj9225/Local/meta-learning-ecological-priors-from-llms/functionlearning/data/cause-effects/pairs/pair0068.txt,0,6458.0,2488276.375,density,3269070126
68,4,[11325990.0],93.0,11325990.0,93.0,bytes sent at minute t,open http connections during that minute,bytes sent at minute t,open http connections during that minute,pair0068,/Users/aj9225/Local/meta-learning-ecological-priors-from-llms/functionlearning/data/cause-effects/pairs/pair0068.txt,4,9933731.5,12415549.875,coverage,3269070126
68,5,[217227.0],12.0,217227.0,12.0,bytes sent at minute t,open http connections during that minute,bytes sent at minute t,open http connections during that minute,pair0068,/Users/aj9225/Local/meta-learning-ecological-priors-from-llms/functionlearning/data/cause-effects/pairs/pair0068.txt,0,6458.0,2488276.375,density,3269070126
68,6,[229745.0],17.0,229745.0,17.0,bytes sent at minute t,open http connections during that minute,bytes sent at minute t,open http connections during that minute,pair0068,/Users/aj9225/Local/meta-learning-ecological-priors-from-llms/functionlearning/data/cause-effects/pairs/pair0068.txt,0,6458.0,2488276.375,density,3269070126
68,7,[228958.0],16.0,228958.0,16.0,bytes sent at minute t,open http connections during that minute,bytes sent at minute t,open http connections during that minute,pair0068,/Users/aj9225/Local/meta-learning-ecological-priors-from-llms/functionlearning/data/cause-effects/pairs/pair0068.txt,0,6458.0,2488276.375,density,3269070126
68,8,[14191950.0],210.0,14191950.0,210.0,bytes sent at minute t,open http connections during that minute,bytes sent at minute t,open http connections during that minute,pair0068,/Users/aj9225/Local/meta-learning-ecological-priors-from-llms/functionlearning/data/cause-effects/pairs/pair0068.txt,5,12415549.875,14897368.25,coverage,3269070126
68,9,[218334.0],14.0,218334.0,14.0,bytes sent at minute t,open http connections during that minute,bytes sent at minute t,open http connections during that minute,pair0068,/Users/aj9225/Local/meta-learning-ecological-priors-from-llms/functionlearning/data/cause-effects/pairs/pair0068.txt,0,6458.0,2488276.375,density,3269070126
68,10,[217067.0],11.0,217067.0,11.0,bytes sent at minute t,open http connections during that minute,bytes sent at minute t,open http connections during that minute,pair0068,/Users/aj9225/Local/meta-learning-ecological-priors-from-llms/functionlearning/data/cause-effects/pairs/pair0068.txt,0,6458.0,2488276.375,density,3269070126
68,11,[8325981.0],159.0,8325981.0,159.0,bytes sent at minute t,open http connections during that minute,bytes sent at minute t,open http connections during that minute,pair0068,/Users/aj9225/Local/meta-learning-ecological-priors-from-llms/functionlearning/data/cause-effects/pairs/pair0068.txt,3,7451913.125,9933731.5,coverage,3269070126
68,12,[5459689.0],53.0,5459689.0,53.0,bytes sent at minute t,open http connections during that minute,bytes sent at minute t,open http connections during that minute,pair0068,/Users/aj9225/Local/meta-learning-ecological-priors-from-llms/functionlearning/data/cause-effects/pairs/pair0068.txt,2,4970094.75,7451913.125,coverage,3269070126
68,13,[229856.0],18.0,229856.0,18.0,bytes sent at minute t,open http connections during that minute,bytes sent at minute t,open http connections during that minute,pair0068,/Users/aj9225/Local/meta-learning-ecological-priors-from-llms/functionlearning/data/cause-effects/pairs/pair0068.txt,0,6458.0,2488276.375,density,3269070126
68,14,[3792132.0],94.0,3792132.0,94.0,bytes sent at minute t,open http connections during that minute,bytes sent at minute t,open http connections during that minute,pair0068,/Users/aj9225/Local/meta-learning-ecological-priors-from-llms/functionlearning/data/cause-effects/pairs/pair0068.txt,1,2488276.375,4970094.75,coverage,3269070126
68,15,[18930567.0],267.0,18930567.0,267.0,bytes sent at minute t,open http connections during that minute,bytes sent at minute t,open http connections during that minute,pair0068,/Users/aj9225/Local/meta-learning-ecological-priors-from-llms/functionlearning/data/cause-effects/pairs/pair0068.txt,7,17379186.625,19861005.0,coverage,3269070126
68,16,[683759.0],49.0,683759.0,49.0,bytes sent at minute t,open http connections during that minute,bytes sent at minute t,open http connections during that minute,pair0068,/Users/aj9225/Local/meta-learning-ecological-priors-from-llms/functionlearning/data/cause-effects/pairs/pair0068.txt,0,6458.0,2488276.375,density,3269070126
68,17,[233553.0],21.0,233553.0,21.0,bytes sent at minute t,open http connections during that minute,bytes sent at minute t,open http connections during that minute,pair0068,/Users/aj9225/Local/meta-learning-ecological-priors-from-llms/functionlearning/data/cause-effects/pairs/pair0068.txt,0,6458.0,2488276.375,density,3269070126
68,18,[232051.0],27.0,232051.0,27.0,bytes sent at minute t,open http connections during that minute,bytes sent at minute t,open http connections during that minute,pair0068,/Users/aj9225/Local/meta-learning-ecological-priors-from-llms/functionlearning/data/cause-effects/pairs/pair0068.txt,0,6458.0,2488276.375,density,3269070126
68,19,[229681.0],17.0,229681.0,17.0,bytes sent at minute t,open http connections during that minute,bytes sent at minute t,open http connections during that minute,pair0068,/Users/aj9225/Local/meta-learning-ecological-priors-from-llms/functionlearning/data/cause-effects/pairs/pair0068.txt,0,6458.0,2488276.375,density,3269070126
68,20,[229829.0],18.0,229829.0,18.0,bytes sent at minute t,open http connections during that minute,bytes sent at minute t,open http connections during that minute,pair0068,/Users/aj9225/Local/meta-learning-ecological-priors-from-llms/functionlearning/data/cause-effects/pairs/pair0068.txt,0,6458.0,2488276.375,density,3269070126
68,21,[218968.0],16.0,218968.0,16.0,bytes sent at minute t,open http connections during that minute,bytes sent at minute t,open http connections during that minute,pair0068,/Users/aj9225/Local/meta-learning-ecological-priors-from-llms/functionlearning/data/cause-effects/pairs/pair0068.txt,0,6458.0,2488276.375,density,3269070126
68,22,[16037552.0],135.0,16037552.0,135.0,bytes sent at minute t,open http connections during that minute,bytes sent at minute t,open http connections during that minute,pair0068,/Users/aj9225/Local/meta-learning-ecological-priors-from-llms/functionlearning/data/cause-effects/pairs/pair0068.txt,6,14897368.25,17379186.625,coverage,3269070126
68,23,[217062.0],11.0,217062.0,11.0,bytes sent at minute t,open http connections during that minute,bytes sent at minute t,open http connections during that minute,pair0068,/Users/aj9225/Local/meta-learning-ecological-priors-from-llms/functionlearning/data/cause-effects/pairs/pair0068.txt,0,6458.0,2488276.375,coverage,3269070126
73,0,[4.690841],1639.601886,4.690841,1639.601886,CO2 emissions for different countries in different years,Energy use (kg of oil equivalent per capita) for different countries in different years,CO2 emissions for different countries in different years,Energy use (kg of oil equivalent per capita) for different countries in different years,pair0073,/Users/aj9225/Local/meta-learning-ecological-priors-from-llms/functionlearning/data/cause-effects/pairs/pair0073.txt,0,0.0,10.561414875,density,3081541439
73,1,[11.591661],3792.954416,11.591661,3792.954416,CO2 emissions for different countries in different years,Energy use (kg of oil equivalent per capita) for different countries in different years,CO2 emissions for different countries in different years,Energy use (kg of oil equivalent per capita) for different countries in different years,pair0073,/Users/aj9225/Local/meta-learning-ecological-priors-from-llms/functionlearning/data/cause-effects/pairs/pair0073.txt,1,10.561414875,21.12282975,density,3081541439
73,2,[8.156319],3147.936378,8.156319,3147.936378,CO2 emissions for different countries in different years,Energy use (kg of oil equivalent per capita) for different countries in different years,CO2 emissions for different countries in different years,Energy use (kg of oil equivalent per capita) for different countries in different years,pair0073,/Users/aj9225/Local/meta-learning-ecological-priors-from-llms/functionlearning/data/cause-effects/pairs/pair0073.txt,0,0.0,10.561414875,density,3081541439
73,3,[0.844706],744.138568,0.844706,744.138568,CO2 emissions for different countries in different years,Energy use (kg of oil equivalent per capita) for different countries in different years,CO2 emissions for different countries in different years,Energy use (kg of oil equivalent per capita) for different countries in different years,pair0073,/Users/aj9225/Local/meta-learning-ecological-priors-from-llms/functionlearning/data/cause-effects/pairs/pair0073.txt,0,0.0,10.561414875,density,3081541439
73,4,[0.462902],338.334903,0.462902,338.334903,CO2 emissions for different countries in different years,Energy use (kg of oil equivalent per capita) for different countries in different years,CO2 emissions for different countries in different years,Energy use (kg of oil equivalent per capita) for different countries in different years,pair0073,/Users/aj9225/Local/meta-learning-ecological-priors-from-llms/functionlearning/data/cause-effects/pairs/pair0073.txt,0,0.0,10.561414875,density,3081541439
73,5,[52.121433],9663.942826,52.121433,9663.942826,CO2 emissions for different countries in different years,Energy use (kg of oil equivalent per capita) for different countries in different years,CO2 emissions for different countries in different years,Energy use (kg of oil equivalent per capita) for different countries in different years,pair0073,/Users/aj9225/Local/meta-learning-ecological-priors-from-llms/functionlearning/data/cause-effects/pairs/pair0073.txt,4,42.2456595,52.807074375,coverage,3081541439
73,6,[63.960367],12490.579486,63.960367,12490.579486,CO2 emissions for different countries in different years,Energy use (kg of oil equivalent per capita) for different countries in different years,CO2 emissions for different countries in different years,Energy use (kg of oil equivalent per capita) for different countries in different years,pair0073,/Users/aj9225/Local/meta-learning-ecological-priors-from-llms/functionlearning/data/cause-effects/pairs/pair0073.txt,6,63.36848925,73.92990412500001,coverage,3081541439
73,7,[5.392656],1987.179487,5.392656,1987.179487,CO2 emissions for different countries in different years,Energy use (kg of oil equivalent per capita) for different countries in different years,CO2 emissions for different countries in different years,Energy use (kg of oil equivalent per capita) for different countries in different years,pair0073,/Users/aj9225/Local/meta-learning-ecological-priors-from-llms/functionlearning/data/cause-effects/pairs/pair0073.txt,0,0.0,10.561414875,coverage,3081541439
73,8,[0.652854],422.335249,0.652854,422.335249,CO2 emissions for different countries in different years,Energy use (kg of oil equivalent per capita) for different countries in different years,CO2 emissions for different countries in different years,Energy use (kg of oil equivalent per capita) for different countries in different years,pair0073,/Users/aj9225/Local/meta-learning-ecological-priors-from-llms/functionlearning/data/cause-effects/pairs/pair0073.txt,0,0.0,10.561414875,density,3081541439
73,9,[1.552439],637.034805,1.552439,637.034805,CO2 emissions for different countries in different years,Energy use (kg of oil equivalent per capita) for different countries in different years,CO2 emissions for different countries in different years,Energy use (kg of oil equivalent per capita) for different countries in different years,pair0073,/Users/aj9225/Local/meta-learning-ecological-priors-from-llms/functionlearning/data/cause-effects/pairs/pair0073.txt,0,0.0,10.561414875,density,3081541439
73,10,[8.788576],2348.024812,8.788576,2348.024812,CO2 emissions for different countries in different years,Energy use (kg of oil equivalent per capita) for different countries in different years,CO2 emissions for different countries in different years,Energy use (kg of oil equivalent per capita) for different countries in different years,pair0073,/Users/aj9225/Local/meta-learning-ecological-priors-from-llms/functionlearning/data/cause-effects/pairs/pair0073.txt,0,0.0,10.561414875,density,3081541439
73,11,[57.041902],15254.399805,57.041902,15254.399805,CO2 emissions for different countries in different years,Energy use (kg of oil equivalent per capita) for different countries in different years,CO2 emissions for different countries in different years,Energy use (kg of oil equivalent per capita) for different countries in different years,pair0073,/Users/aj9225/Local/meta-learning-ecological-priors-from-llms/functionlearning/data/cause-effects/pairs/pair0073.txt,5,52.807074375,63.36848925,coverage,3081541439
73,12,[0.327833],442.062582,0.327833,442.062582,CO2 emissions for different countries in different years,Energy use (kg of oil equivalent per capita) for different countries in different years,CO2 emissions for different countries in different years,Energy use (kg of oil equivalent per capita) for different countries in different years,pair0073,/Users/aj9225/Local/meta-learning-ecological-priors-from-llms/functionlearning/data/cause-effects/pairs/pair0073.txt,0,0.0,10.561414875,density,3081541439
73,13,[0.338409],406.627275,0.338409,406.627275,CO2 emissions for different countries in different years,Energy use (kg of oil equivalent per capita) for different countries in different years,CO2 emissions for different countries in different years,Energy use (kg of oil equivalent per capita) for different countries in different years,pair0073,/Users/aj9225/Local/meta-learning-ecological-priors-from-llms/functionlearning/data/cause-effects/pairs/pair0073.txt,0,0.0,10.561414875,density,3081541439
73,14,[10.934012],3518.757327,10.934012,3518.757327,CO2 emissions for different countries in different years,Energy use (kg of oil equivalent per capita) for different countries in different years,CO2 emissions for different countries in different years,Energy use (kg of oil equivalent per capita) for different countries in different years,pair0073,/Users/aj9225/Local/meta-learning-ecological-priors-from-llms/functionlearning/data/cause-effects/pairs/pair0073.txt,1,10.561414875,21.12282975,density,3081541439
73,15,[24.244671],9668.247242,24.244671,9668.247242,CO2 emissions for different countries in different years,Energy use (kg of oil equivalent per capita) for different countries in different years,CO2 emissions for different countries in different years,Energy use (kg of oil equivalent per capita) for different countries in different years,pair0073,/Users/aj9225/Local/meta-learning-ecological-priors-from-llms/functionlearning/data/cause-effects/pairs/pair0073.txt,2,21.12282975,31.684244625,coverage,3081541439
73,16,[84.491319],9884.734632,84.491319,9884.734632,CO2 emissions for different countries in different years,Energy use (kg of oil equivalent per capita) for different countries in different years,CO2 emissions for different countries in different years,Energy use (kg of oil equivalent per capita) for different countries in different years,pair0073,/Users/aj9225/Local/meta-learning-ecological-priors-from-llms/functionlearning/data/cause-effects/pairs/pair0073.txt,7,73.92990412500001,84.491319,coverage,3081541439
73,17,[0.360049],409.964952,0.360049,409.964952,CO2 emissions for different countries in different years,Energy use (kg of oil equivalent per capita) for different countries in different years,CO2 emissions for different countries in different years,Energy use (kg of oil equivalent per capita) for different countries in different years,pair0073,/Users/aj9225/Local/meta-learning-ecological-priors-from-llms/functionlearning/data/cause-effects/pairs/pair0073.txt,0,0.0,10.561414875,density,3081541439
73,18,[0.963885],597.621613,0.963885,597.621613,CO2 emissions for different countries in different years,Energy use (kg of oil equivalent per capita) for different countries in different years,CO2 emissions for different countries in different years,Energy use (kg of oil equivalent per capita) for different countries in different years,pair0073,/Users/aj9225/Local/meta-learning-ecological-priors-from-llms/functionlearning/data/cause-effects/pairs/pair0073.txt,0,0.0,10.561414875,density,3081541439
73,19,[1.220598],693.046413,1.220598,693.046413,CO2 emissions for different countries in different years,Energy use (kg of oil equivalent per capita) for different countries in different years,CO2 emissions for different countries in different years,Energy use (kg of oil equivalent per capita) for different countries in different years,pair0073,/Users/aj9225/Local/meta-learning-ecological-priors-from-llms/functionlearning/data/cause-effects/pairs/pair0073.txt,0,0.0,10.561414875,density,3081541439
73,20,[4.34502],1868.422208,4.34502,1868.422208,CO2 emissions for different countries in different years,Energy use (kg of oil equivalent per capita) for different countries in different years,CO2 emissions for different countries in different years,Energy use (kg of oil equivalent per capita) for different countries in different years,pair0073,/Users/aj9225/Local/meta-learning-ecological-priors-from-llms/functionlearning/data/cause-effects/pairs/pair0073.txt,0,0.0,10.561414875,density,3081541439
73,21,[11.767699],3241.073847,11.767699,3241.073847,CO2 emissions for different countries in different years,Energy use (kg of oil equivalent per capita) for different countries in different years,CO2 emissions for different countries in different years,Energy use (kg of oil equivalent per capita) for different countries in different years,pair0073,/Users/aj9225/Local/meta-learning-ecological-priors-from-llms/functionlearning/data/cause-effects/pairs/pair0073.txt,1,10.561414875,21.12282975,coverage,3081541439
73,22,[36.28404],10835.576083,36.28404,10835.576083,CO2 emissions for different countries in different years,Energy use (kg of oil equivalent per capita) for different countries in different years,CO2 emissions for different countries in different years,Energy use (kg of oil equivalent per capita) for different countries in different years,pair0073,/Users/aj9225/Local/meta-learning-ecological-priors-from-llms/functionlearning/data/cause-effects/pairs/pair0073.txt,3,31.684244625,42.2456595,coverage,3081541439
73,23,[0.160962],269.390343,0.160962,269.390343,CO2 emissions for different countries in different years,Energy use (kg of oil equivalent per capita) for different countries in different years,CO2 emissions for different countries in different years,Energy use (kg of oil equivalent per capita) for different countries in different years,pair0073,/Users/aj9225/Local/meta-learning-ecological-priors-from-llms/functionlearning/data/cause-effects/pairs/pair0073.txt,0,0.0,10.561414875,density,3081541439
74,0,[59130.0],78.0,59130.0,78.0,GNI (Gross national income) per capita for different countries (in US$),life expectancy at birth for different countries,GNI (Gross national income) per capita for different countries (in US$),life expectancy at birth for different countries,pair0074,/Users/aj9225/Local/meta-learning-ecological-priors-from-llms/functionlearning/data/cause-effects/pairs/pair0074.txt,5,54471.25,65337.5,coverage,3376120482
74,1,[22950.0],80.0,22950.0,80.0,GNI (Gross national income) per capita for different countries (in US$),life expectancy at birth for different countries,GNI (Gross national income) per capita for different countries (in US$),life expectancy at birth for different countries,pair0074,/Users/aj9225/Local/meta-learning-ecological-priors-from-llms/functionlearning/data/cause-effects/pairs/pair0074.txt,2,21872.5,32738.75,coverage,3376120482
74,2,[670.0],57.0,670.0,57.0,GNI (Gross national income) per capita for different countries (in US$),life expectancy at birth for different countries,GNI (Gross national income) per capita for different countries (in US$),life expectancy at birth for different countries,pair0074,/Users/aj9225/Local/meta-learning-ecological-priors-from-llms/functionlearning/data/cause-effects/pairs/pair0074.txt,0,140.0,11006.25,density,3376120482
74,3,[87070.0],81.0,87070.0,81.0,GNI (Gross national income) per capita for different countries (in US$),life expectancy at birth for different countries,GNI (Gross national income) per capita for different countries (in US$),life expectancy at birth for different countries,pair0074,/Users/aj9225/Local/meta-learning-ecological-priors-from-llms/functionlearning/data/cause-effects/pairs/pair0074.txt,7,76203.75,87070.0,coverage,3376120482
74,4,[5140.0],72.0,5140.0,72.0,GNI (Gross national income) per capita for different countries (in US$),life expectancy at birth for different countries,GNI (Gross national income) per capita for different countries (in US$),life expectancy at birth for different countries,pair0074,/Users/aj9225/Local/meta-learning-ecological-priors-from-llms/functionlearning/data/cause-effects/pairs/pair0074.txt,0,140.0,11006.25,coverage,3376120482
74,5,[48120.0],80.0,48120.0,80.0,GNI (Gross national income) per capita for different countries (in US$),life expectancy at birth for different countries,GNI (Gross national income) per capita for different countries (in US$),life expectancy at birth for different countries,pair0074,/Users/aj9225/Local/meta-learning-ecological-priors-from-llms/functionlearning/data/cause-effects/pairs/pair0074.txt,4,43605.0,54471.25,density,3376120482
74,6,[2170.0],68.0,2170.0,68.0,GNI (Gross national income) per capita for different countries (in US$),life expectancy at birth for different countries,GNI (Gross national income) per capita for different countries (in US$),life expectancy at birth for different countries,pair0074,/Users/aj9225/Local/meta-learning-ecological-priors-from-llms/functionlearning/data/cause-effects/pairs/pair0074.txt,0,140.0,11006.25,density,3376120482
74,7,[583.0],57.0,583.0,57.0,GNI (Gross national income) per capita for different countries (in US$),life expectancy at birth for different countries,GNI (Gross national income) per capita for different countries (in US$),life expectancy at birth for different countries,pair0074,/Users/aj9225/Local/meta-learning-ecological-priors-from-llms/functionlearning/data/cause-effects/pairs/pair0074.txt,0,140.0,11006.25,density,3376120482
74,8,[11860.0],73.0,11860.0,73.0,GNI (Gross national income) per capita for different countries (in US$),life expectancy at birth for different countries,GNI (Gross national income) per capita for different countries (in US$),life expectancy at birth for different countries,pair0074,/Users/aj9225/Local/meta-learning-ecological-priors-from-llms/functionlearning/data/cause-effects/pairs/pair0074.txt,1,11006.25,21872.5,density,3376120482
74,9,[5530.0],74.0,5530.0,74.0,GNI (Gross national income) per capita for different countries (in US$),life expectancy at birth for different countries,GNI (Gross national income) per capita for different countries (in US$),life expectancy at birth for different countries,pair0074,/Users/aj9225/Local/meta-learning-ecological-priors-from-llms/functionlearning/data/cause-effects/pairs/pair0074.txt,0,140.0,11006.25,density,3376120482
74,10,[11870.0],72.0,11870.0,72.0,GNI (Gross national income) per capita for different countries (in US$),life expectancy at birth for different countries,GNI (Gross national income) per capita for different countries (in US$),life expectancy at birth for different countries,pair0074,/Users/aj9225/Local/meta-learning-ecological-priors-from-llms/functionlearning/data/cause-effects/pairs/pair0074.txt,1,11006.25,21872.5,coverage,3376120482
74,11,[2780.0],72.0,2780.0,72.0,GNI (Gross national income) per capita for different countries (in US$),life expectancy at birth for different countries,GNI (Gross national income) per capita for different countries (in US$),life expectancy at birth for different countries,pair0074,/Users/aj9225/Local/meta-learning-ecological-priors-from-llms/functionlearning/data/cause-effects/pairs/pair0074.txt,0,140.0,11006.25,density,3376120482
74,12,[19350.0],76.0,19350.0,76.0,GNI (Gross national income) per capita for different countries (in US$),life expectancy at birth for different countries,GNI (Gross national income) per capita for different countries (in US$),life expectancy at birth for different countries,pair0074,/Users/aj9225/Local/meta-learning-ecological-priors-from-llms/functionlearning/data/cause-effects/pairs/pair0074.txt,1,11006.25,21872.5,density,3376120482
74,13,[390.0],58.0,390.0,58.0,GNI (Gross national income) per capita for different countries (in US$),life expectancy at birth for different countries,GNI (Gross national income) per capita for different countries (in US$),life expectancy at birth for different countries,pair0074,/Users/aj9225/Local/meta-learning-ecological-priors-from-llms/functionlearning/data/cause-effects/pairs/pair0074.txt,0,140.0,11006.25,density,3376120482
74,14,[24010.0],78.0,24010.0,78.0,GNI (Gross national income) per capita for different countries (in US$),life expectancy at birth for different countries,GNI (Gross national income) per capita for different countries (in US$),life expectancy at birth for different countries,pair0074,/Users/aj9225/Local/meta-learning-ecological-priors-from-llms/functionlearning/data/cause-effects/pairs/pair0074.txt,2,21872.5,32738.75,density,3376120482
74,15,[38210.0],83.0,38210.0,83.0,GNI (Gross national income) per capita for different countries (in US$),life expectancy at birth for different countries,GNI (Gross national income) per capita for different countries (in US$),life expectancy at birth for different countries,pair0074,/Users/aj9225/Local/meta-learning-ecological-priors-from-llms/functionlearning/data/cause-effects/pairs/pair0074.txt,3,32738.75,43605.0,coverage,3376120482
74,16,[35240.0],81.0,35240.0,81.0,GNI (Gross national income) per capita for different countries (in US$),life expectancy at birth for different countries,GNI (Gross national income) per capita for different countries (in US$),life expectancy at birth for different countries,pair0074,/Users/aj9225/Local/meta-learning-ecological-priors-from-llms/functionlearning/data/cause-effects/pairs/pair0074.txt,3,32738.75,43605.0,density,3376120482
74,17,[420.0],53.0,420.0,53.0,GNI (Gross national income) per capita for different countries (in US$),life expectancy at birth for different countries,GNI (Gross national income) per capita for different countries (in US$),life expectancy at birth for different countries,pair0074,/Users/aj9225/Local/meta-learning-ecological-priors-from-llms/functionlearning/data/cause-effects/pairs/pair0074.txt,0,140.0,11006.25,density,3376120482
74,18,[49590.0],80.0,49590.0,80.0,GNI (Gross national income) per capita for different countries (in US$),life expectancy at birth for different countries,GNI (Gross national income) per capita for different countries (in US$),life expectancy at birth for different countries,pair0074,/Users/aj9225/Local/meta-learning-ecological-priors-from-llms/functionlearning/data/cause-effects/pairs/pair0074.txt,4,43605.0,54471.25,coverage,3376120482
74,19,[580.0],48.0,580.0,48.0,GNI (Gross national income) per capita for different countries (in US$),life expectancy at birth for different countries,GNI (Gross national income) per capita for different countries (in US$),life expectancy at birth for different countries,pair0074,/Users/aj9225/Local/meta-learning-ecological-priors-from-llms/functionlearning/data/cause-effects/pairs/pair0074.txt,0,140.0,11006.25,density,3376120482
74,20,[330.0],51.0,330.0,51.0,GNI (Gross national income) per capita for different countries (in US$),life expectancy at birth for different countries,GNI (Gross national income) per capita for different countries (in US$),life expectancy at birth for different countries,pair0074,/Users/aj9225/Local/meta-learning-ecological-priors-from-llms/functionlearning/data/cause-effects/pairs/pair0074.txt,0,140.0,11006.25,density,3376120482
74,21,[833.0],51.0,833.0,51.0,GNI (Gross national income) per capita for different countries (in US$),life expectancy at birth for different countries,GNI (Gross national income) per capita for different countries (in US$),life expectancy at birth for different countries,pair0074,/Users/aj9225/Local/meta-learning-ecological-priors-from-llms/functionlearning/data/cause-effects/pairs/pair0074.txt,0,140.0,11006.25,density,3376120482
74,22,[1420.0],55.0,1420.0,55.0,GNI (Gross national income) per capita for different countries (in US$),life expectancy at birth for different countries,GNI (Gross national income) per capita for different countries (in US$),life expectancy at birth for different countries,pair0074,/Users/aj9225/Local/meta-learning-ecological-priors-from-llms/functionlearning/data/cause-effects/pairs/pair0074.txt,0,140.0,11006.25,density,3376120482
74,23,[3136.0],72.0,3136.0,72.0,GNI (Gross national income) per capita for different countries (in US$),life expectancy at birth for different countries,GNI (Gross national income) per capita for different countries (in US$),life expectancy at birth for different countries,pair0074,/Users/aj9225/Local/meta-learning-ecological-priors-from-llms/functionlearning/data/cause-effects/pairs/pair0074.txt,0,140.0,11006.25,density,3376120482
75,0,[31.0],1800.0,31.0,1800.0,under 5 mortality rate for different countries (deaths per 1000 live births),GNI (Gross national income) per capita for different countries (in US$),under 5 mortality rate for different countries (deaths per 1000 live births),GNI (Gross national income) per capita for different countries (in US$),pair0075,/Users/aj9225/Local/meta-learning-ecological-priors-from-llms/functionlearning/data/cause-effects/pairs/pair0075.txt,0,2.0,33.875,density,2204291346
75,1,[23.0],3350.0,23.0,3350.0,under 5 mortality rate for different countries (deaths per 1000 live births),GNI (Gross national income) per capita for different countries (in US$),under 5 mortality rate for different countries (deaths per 1000 live births),GNI (Gross national income) per capita for different countries (in US$),pair0075,/Users/aj9225/Local/meta-learning-ecological-priors-from-llms/functionlearning/data/cause-effects/pairs/pair0075.txt,0,2.0,33.875,density,2204291346
75,2,[36.0],1180.0,36.0,1180.0,under 5 mortality rate for different countries (deaths per 1000 live births),GNI (Gross national income) per capita for different countries (in US$),under 5 mortality rate for different countries (deaths per 1000 live births),GNI (Gross national income) per capita for different countries (in US$),pair0075,/Users/aj9225/Local/meta-learning-ecological-priors-from-llms/functionlearning/data/cause-effects/pairs/pair0075.txt,1,33.875,65.75,density,2204291346
75,3,[145.0],170.0,145.0,170.0,under 5 mortality rate for different countries (deaths per 1000 live births),GNI (Gross national income) per capita for different countries (in US$),under 5 mortality rate for different countries (deaths per 1000 live births),GNI (Gross national income) per capita for different countries (in US$),pair0075,/Users/aj9225/Local/meta-learning-ecological-priors-from-llms/functionlearning/data/cause-effects/pairs/pair0075.txt,4,129.5,161.375,density,2204291346
75,4,[33.0],4390.0,33.0,4390.0,under 5 mortality rate for different countries (deaths per 1000 live births),GNI (Gross national income) per capita for different countries (in US$),under 5 mortality rate for different countries (deaths per 1000 live births),GNI (Gross national income) per capita for different countries (in US$),pair0075,/Users/aj9225/Local/meta-learning-ecological-priors-from-llms/functionlearning/data/cause-effects/pairs/pair0075.txt,0,2.0,33.875,density,2204291346
75,5,[28.0],2180.0,28.0,2180.0,under 5 mortality rate for different countries (deaths per 1000 live births),GNI (Gross national income) per capita for different countries (in US$),under 5 mortality rate for different countries (deaths per 1000 live births),GNI (Gross national income) per capita for different countries (in US$),pair0075,/Users/aj9225/Local/meta-learning-ecological-priors-from-llms/functionlearning/data/cause-effects/pairs/pair0075.txt,0,2.0,33.875,density,2204291346
75,6,[257.0],250.0,257.0,250.0,under 5 mortality rate for different countries (deaths per 1000 live births),GNI (Gross national income) per capita for different countries (in US$),under 5 mortality rate for different countries (deaths per 1000 live births),GNI (Gross national income) per capita for different countries (in US$),pair0075,/Users/aj9225/Local/meta-learning-ecological-priors-from-llms/functionlearning/data/cause-effects/pairs/pair0075.txt,7,225.125,257.0,coverage,2204291346
75,7,[6.0],40350.0,6.0,40350.0,under 5 mortality rate for different countries (deaths per 1000 live births),GNI (Gross national income) per capita for different countries (in US$),under 5 mortality rate for different countries (deaths per 1000 live births),GNI (Gross national income) per capita for different countries (in US$),pair0075,/Users/aj9225/Local/meta-learning-ecological-priors-from-llms/functionlearning/data/cause-effects/pairs/pair0075.txt,0,2.0,33.875,coverage,2204291346
75,8,[12.0],10290.0,12.0,10290.0,under 5 mortality rate for different countries (deaths per 1000 live births),GNI (Gross national income) per capita for different countries (in US$),under 5 mortality rate for different countries (deaths per 1000 live births),GNI (Gross national income) per capita for different countries (in US$),pair0075,/Users/aj9225/Local/meta-learning-ecological-priors-from-llms/functionlearning/data/cause-effects/pairs/pair0075.txt,0,2.0,33.875,density,2204291346
75,9,[220.0],3450.0,220.0,3450.0,under 5 mortality rate for different countries (deaths per 1000 live births),GNI (Gross national income) per capita for different countries (in US$),under 5 mortality rate for different countries (deaths per 1000 live births),GNI (Gross national income) per capita for different countries (in US$),pair0075,/Users/aj9225/Local/meta-learning-ecological-priors-from-llms/functionlearning/data/cause-effects/pairs/pair0075.txt,6,193.25,225.125,density,2204291346
75,10,[69.0],1010.0,69.0,1010.0,under 5 mortality rate for different countries (deaths per 1000 live births),GNI (Gross national income) per capita for different countries (in US$),under 5 mortality rate for different countries (deaths per 1000 live births),GNI (Gross national income) per capita for different countries (in US$),pair0075,/Users/aj9225/Local/meta-learning-ecological-priors-from-llms/functionlearning/data/cause-effects/pairs/pair0075.txt,2,65.75,97.625,coverage,2204291346
75,11,[13.0],5530.0,13.0,5530.0,under 5 mortality rate for different countries (deaths per 1000 live births),GNI (Gross national income) per capita for different countries (in US$),under 5 mortality rate for different countries (deaths per 1000 live births),GNI (Gross national income) per capita for different countries (in US$),pair0075,/Users/aj9225/Local/meta-learning-ecological-priors-from-llms/functionlearning/data/cause-effects/pairs/pair0075.txt,0,2.0,33.875,density,2204291346
75,12,[2.0],11906.0,2.0,11906.0,under 5 mortality rate for different countries (deaths per 1000 live births),GNI (Gross national income) per capita for different countries (in US$),under 5 mortality rate for different countries (deaths per 1000 live births),GNI (Gross national income) per capita for different countries (in US$),pair0075,/Users/aj9225/Local/meta-learning-ecological-priors-from-llms/functionlearning/data/cause-effects/pairs/pair0075.txt,0,2.0,33.875,density,2204291346
75,13,[109.0],280.0,109.0,280.0,under 5 mortality rate for different countries (deaths per 1000 live births),GNI (Gross national income) per capita for different countries (in US$),under 5 mortality rate for different countries (deaths per 1000 live births),GNI (Gross national income) per capita for different countries (in US$),pair0075,/Users/aj9225/Local/meta-learning-ecological-priors-from-llms/functionlearning/data/cause-effects/pairs/pair0075.txt,3,97.625,129.5,density,2204291346
75,14,[79.0],1080.0,79.0,1080.0,under 5 mortality rate for different countries (deaths per 1000 live births),GNI (Gross national income) per capita for different countries (in US$),under 5 mortality rate for different countries (deaths per 1000 live births),GNI (Gross national income) per capita for different countries (in US$),pair0075,/Users/aj9225/Local/meta-learning-ecological-priors-from-llms/functionlearning/data/cause-effects/pairs/pair0075.txt,2,65.75,97.625,density,2204291346
75,15,[109.0],1130.0,109.0,1130.0,under 5 mortality rate for different countries (deaths per 1000 live births),GNI (Gross national income) per capita for different countries (in US$),under 5 mortality rate for different countries (deaths per 1000 live births),GNI (Gross national income) per capita for different countries (in US$),pair0075,/Users/aj9225/Local/meta-learning-ecological-priors-from-llms/functionlearning/data/cause-effects/pairs/pair0075.txt,3,97.625,129.5,density,2204291346
75,16,[14.0],3840.0,14.0,3840.0,under 5 mortality rate for different countries (deaths per 1000 live births),GNI (Gross national income) per capita for different countries (in US$),under 5 mortality rate for different countries (deaths per 1000 live births),GNI (Gross national income) per capita for different countries (in US$),pair0075,/Users/aj9225/Local/meta-learning-ecological-priors-from-llms/functionlearning/data/cause-effects/pairs/pair0075.txt,0,2.0,33.875,density,2204291346
75,17,[135.0],420.0,135.0,420.0,under 5 mortality rate for different countries (deaths per 1000 live births),GNI (Gross national income) per capita for different countries (in US$),under 5 mortality rate for different countries (deaths per 1000 live births),GNI (Gross national income) per capita for different countries (in US$),pair0075,/Users/aj9225/Local/meta-learning-ecological-priors-from-llms/functionlearning/data/cause-effects/pairs/pair0075.txt,4,129.5,161.375,coverage,2204291346
75,18,[100.0],290.0,100.0,290.0,under 5 mortality rate for different countries (deaths per 1000 live births),GNI (Gross national income) per capita for different countries (in US$),under 5 mortality rate for different countries (deaths per 1000 live births),GNI (Gross national income) per capita for different countries (in US$),pair0075,/Users/aj9225/Local/meta-learning-ecological-priors-from-llms/functionlearning/data/cause-effects/pairs/pair0075.txt,3,97.625,129.5,coverage,2204291346
75,19,[169.0],480.0,169.0,480.0,under 5 mortality rate for different countries (deaths per 1000 live births),GNI (Gross national income) per capita for different countries (in US$),under 5 mortality rate for different countries (deaths per 1000 live births),GNI (Gross national income) per capita for different countries (in US$),pair0075,/Users/aj9225/Local/meta-learning-ecological-priors-from-llms/functionlearning/data/cause-effects/pairs/pair0075.txt,5,161.375,193.25,coverage,2204291346
75,20,[38.0],910.0,38.0,910.0,under 5 mortality rate for different countries (deaths per 1000 live births),GNI (Gross national income) per capita for different countries (in US$),under 5 mortality rate for different countries (deaths per 1000 live births),GNI (Gross national income) per capita for different countries (in US$),pair0075,/Users/aj9225/Local/meta-learning-ecological-priors-from-llms/functionlearning/data/cause-effects/pairs/pair0075.txt,1,33.875,65.75,coverage,2204291346
75,21,[4.0],28650.0,4.0,28650.0,under 5 mortality rate for different countries (deaths per 1000 live births),GNI (Gross national income) per capita for different countries (in US$),under 5 mortality rate for different countries (deaths per 1000 live births),GNI (Gross national income) per capita for different countries (in US$),pair0075,/Users/aj9225/Local/meta-learning-ecological-priors-from-llms/functionlearning/data/cause-effects/pairs/pair0075.txt,0,2.0,33.875,density,2204291346
75,22,[200.0],140.0,200.0,140.0,under 5 mortality rate for different countries (deaths per 1000 live births),GNI (Gross national income) per capita for different countries (in US$),under 5 mortality rate for different countries (deaths per 1000 live births),GNI (Gross national income) per capita for different countries (in US$),pair0075,/Users/aj9225/Local/meta-learning-ecological-priors-from-llms/functionlearning/data/cause-effects/pairs/pair0075.txt,6,193.25,225.125,coverage,2204291346
75,23,[51.0],400.0,51.0,400.0,under 5 mortality rate for different countries (deaths per 1000 live births),GNI (Gross national income) per capita for different countries (in US$),under 5 mortality rate for different countries (deaths per 1000 live births),GNI (Gross national income) per capita for different countries (in US$),pair0075,/Users/aj9225/Local/meta-learning-ecological-priors-from-llms/functionlearning/data/cause-effects/pairs/pair0075.txt,1,33.875,65.75,density,2204291346
76,0,[1.1],3.0,1.1,3.0,the average annual rate of change of population;,the average annual rate of change of total dietary consumption for total population (kcal/day),the average annual rate of change of population;,the average annual rate of change of total dietary consumption for total population (kcal/day),pair0076,/Users/aj9225/Local/meta-learning-ecological-priors-from-llms/functionlearning/data/cause-effects/pairs/pair0076.txt,4,-0.25,1.4874999999999998,coverage,550243861
76,1,[-1.0],-1.7,-1.0,-1.7,the average annual rate of change of population;,the average annual rate of change of total dietary consumption for total population (kcal/day),the average annual rate of change of population;,the average annual rate of change of total dietary consumption for total population (kcal/day),pair0076,/Users/aj9225/Local/meta-learning-ecological-priors-from-llms/functionlearning/data/cause-effects/pairs/pair0076.txt,3,-1.9874999999999998,-0.25,coverage,550243861
76,2,[0.2],2.4,0.2,2.4,the average annual rate of change of population;,the average annual rate of change of total dietary consumption for total population (kcal/day),the average annual rate of change of population;,the average annual rate of change of total dietary consumption for total population (kcal/day),pair0076,/Users/aj9225/Local/meta-learning-ecological-priors-from-llms/functionlearning/data/cause-effects/pairs/pair0076.txt,4,-0.25,1.4874999999999998,density,550243861
76,3,[-1.3],-1.9,-1.3,-1.9,the average annual rate of change of population;,the average annual rate of change of total dietary consumption for total population (kcal/day),the average annual rate of change of population;,the average annual rate of change of total dietary consumption for total population (kcal/day),pair0076,/Users/aj9225/Local/meta-learning-ecological-priors-from-llms/functionlearning/data/cause-effects/pairs/pair0076.txt,3,-1.9874999999999998,-0.25,density,550243861
76,4,[3.3],3.4,3.3,3.4,the average annual rate of change of population;,the average annual rate of change of total dietary consumption for total population (kcal/day),the average annual rate of change of population;,the average annual rate of change of total dietary consumption for total population (kcal/day),pair0076,/Users/aj9225/Local/meta-learning-ecological-priors-from-llms/functionlearning/data/cause-effects/pairs/pair0076.txt,6,3.2250000000000005,4.9624999999999995,coverage,550243861
76,5,[-1.4],-1.8,-1.4,-1.8,the average annual rate of change of population;,the average annual rate of change of total dietary consumption for total population (kcal/day),the average annual rate of change of population;,the average annual rate of change of total dietary consumption for total population (kcal/day),pair0076,/Users/aj9225/Local/meta-learning-ecological-priors-from-llms/functionlearning/data/cause-effects/pairs/pair0076.txt,3,-1.9874999999999998,-0.25,density,550243861
76,6,[-3.4],-5.0,-3.4,-5.0,the average annual rate of change of population;,the average annual rate of change of total dietary consumption for total population (kcal/day),the average annual rate of change of population;,the average annual rate of change of total dietary consumption for total population (kcal/day),pair0076,/Users/aj9225/Local/meta-learning-ecological-priors-from-llms/functionlearning/data/cause-effects/pairs/pair0076.txt,2,-3.725,-1.9874999999999998,density,550243861
76,7,[1.3],-0.3,1.3,-0.3,the average annual rate of change of population;,the average annual rate of change of total dietary consumption for total population (kcal/day),the average annual rate of change of population;,the average annual rate of change of total dietary consumption for total population (kcal/day),pair0076,/Users/aj9225/Local/meta-learning-ecological-priors-from-llms/functionlearning/data/cause-effects/pairs/pair0076.txt,4,-0.25,1.4874999999999998,density,550243861
76,8,[-3.8],-6.0,-3.8,-6.0,the average annual rate of change of population;,the average annual rate of change of total dietary consumption for total population (kcal/day),the average annual rate of change of population;,the average annual rate of change of total dietary consumption for total population (kcal/day),pair0076,/Users/aj9225/Local/meta-learning-ecological-priors-from-llms/functionlearning/data/cause-effects/pairs/pair0076.txt,1,-5.4625,-3.725,coverage,550243861
76,9,[1.4],-0.3,1.4,-0.3,the average annual rate of change of population;,the average annual rate of change of total dietary consumption for total population (kcal/day),the average annual rate of change of population;,the average annual rate of change of total dietary consumption for total population (kcal/day),pair0076,/Users/aj9225/Local/meta-learning-ecological-priors-from-llms/functionlearning/data/cause-effects/pairs/pair0076.txt,4,-0.25,1.4874999999999998,density,550243861
76,10,[2.0],2.6,2.0,2.6,the average annual rate of change of population;,the average annual rate of change of total dietary consumption for total population (kcal/day),the average annual rate of change of population;,the average annual rate of change of total dietary consumption for total population (kcal/day),pair0076,/Users/aj9225/Local/meta-learning-ecological-priors-from-llms/functionlearning/data/cause-effects/pairs/pair0076.txt,5,1.4874999999999998,3.2250000000000005,coverage,550243861
76,11,[2.0],2.2,2.0,2.2,the average annual rate of change of population;,the average annual rate of change of total dietary consumption for total population (kcal/day),the average annual rate of change of population;,the average annual rate of change of total dietary consumption for total population (kcal/day),pair0076,/Users/aj9225/Local/meta-learning-ecological-priors-from-llms/functionlearning/data/cause-effects/pairs/pair0076.txt,5,1.4874999999999998,3.2250000000000005,density,550243861
76,12,[-3.6],-3.9,-3.6,-3.9,the average annual rate of change of population;,the average annual rate of change of total dietary consumption for total population (kcal/day),the average annual rate of change of population;,the average annual rate of change of total dietary consumption for total population (kcal/day),pair0076,/Users/aj9225/Local/meta-learning-ecological-priors-from-llms/functionlearning/data/cause-effects/pairs/pair0076.txt,2,-3.725,-1.9874999999999998,coverage,550243861
76,13,[2.5],2.0,2.5,2.0,the average annual rate of change of population;,the average annual rate of change of total dietary consumption for total population (kcal/day),the average annual rate of change of population;,the average annual rate of change of total dietary consumption for total population (kcal/day),pair0076,/Users/aj9225/Local/meta-learning-ecological-priors-from-llms/functionlearning/data/cause-effects/pairs/pair0076.txt,5,1.4874999999999998,3.2250000000000005,density,550243861
76,14,[-1.4],-1.5,-1.4,-1.5,the average annual rate of change of population;,the average annual rate of change of total dietary consumption for total population (kcal/day),the average annual rate of change of population;,the average annual rate of change of total dietary consumption for total population (kcal/day),pair0076,/Users/aj9225/Local/meta-learning-ecological-priors-from-llms/functionlearning/data/cause-effects/pairs/pair0076.txt,3,-1.9874999999999998,-0.25,density,550243861
76,15,[2.5],4.4,2.5,4.4,the average annual rate of change of population;,the average annual rate of change of total dietary consumption for total population (kcal/day),the average annual rate of change of population;,the average annual rate of change of total dietary consumption for total population (kcal/day),pair0076,/Users/aj9225/Local/meta-learning-ecological-priors-from-llms/functionlearning/data/cause-effects/pairs/pair0076.txt,5,1.4874999999999998,3.2250000000000005,density,550243861
76,16,[-2.0],-1.6,-2.0,-1.6,the average annual rate of change of population;,the average annual rate of change of total dietary consumption for total population (kcal/day),the average annual rate of change of population;,the average annual rate of change of total dietary consumption for total population (kcal/day),pair0076,/Users/aj9225/Local/meta-learning-ecological-priors-from-llms/functionlearning/data/cause-effects/pairs/pair0076.txt,2,-3.725,-1.9874999999999998,density,550243861
76,17,[-1.1],-2.5,-1.1,-2.5,the average annual rate of change of population;,the average annual rate of change of total dietary consumption for total population (kcal/day),the average annual rate of change of population;,the average annual rate of change of total dietary consumption for total population (kcal/day),pair0076,/Users/aj9225/Local/meta-learning-ecological-priors-from-llms/functionlearning/data/cause-effects/pairs/pair0076.txt,3,-1.9874999999999998,-0.25,density,550243861
76,18,[0.5],-1.6,0.5,-1.6,the average annual rate of change of population;,the average annual rate of change of total dietary consumption for total population (kcal/day),the average annual rate of change of population;,the average annual rate of change of total dietary consumption for total population (kcal/day),pair0076,/Users/aj9225/Local/meta-learning-ecological-priors-from-llms/functionlearning/data/cause-effects/pairs/pair0076.txt,4,-0.25,1.4874999999999998,density,550243861
76,19,[-5.9],-5.6,-5.9,-5.6,the average annual rate of change of population;,the average annual rate of change of total dietary consumption for total population (kcal/day),the average annual rate of change of population;,the average annual rate of change of total dietary consumption for total population (kcal/day),pair0076,/Users/aj9225/Local/meta-learning-ecological-priors-from-llms/functionlearning/data/cause-effects/pairs/pair0076.txt,0,-7.2,-5.4625,coverage,550243861
76,20,[-2.3],-1.7,-2.3,-1.7,the average annual rate of change of population;,the average annual rate of change of total dietary consumption for total population (kcal/day),the average annual rate of change of population;,the average annual rate of change of total dietary consumption for total population (kcal/day),pair0076,/Users/aj9225/Local/meta-learning-ecological-priors-from-llms/functionlearning/data/cause-effects/pairs/pair0076.txt,2,-3.725,-1.9874999999999998,density,550243861
76,21,[0.9],0.0,0.9,0.0,the average annual rate of change of population;,the average annual rate of change of total dietary consumption for total population (kcal/day),the average annual rate of change of population;,the average annual rate of change of total dietary consumption for total population (kcal/day),pair0076,/Users/aj9225/Local/meta-learning-ecological-priors-from-llms/functionlearning/data/cause-effects/pairs/pair0076.txt,4,-0.25,1.4874999999999998,density,550243861
76,22,[5.4],5.2,5.4,5.2,the average annual rate of change of population;,the average annual rate of change of total dietary consumption for total population (kcal/day),the average annual rate of change of population;,the average annual rate of change of total dietary consumption for total population (kcal/day),pair0076,/Users/aj9225/Local/meta-learning-ecological-priors-from-llms/functionlearning/data/cause-effects/pairs/pair0076.txt,7,4.9624999999999995,6.7,coverage,550243861
76,23,[3.0],2.0,3.0,2.0,the average annual rate of change of population;,the average annual rate of change of total dietary consumption for total population (kcal/day),the average annual rate of change of population;,the average annual rate of change of total dietary consumption for total population (kcal/day),pair0076,/Users/aj9225/Local/meta-learning-ecological-priors-from-llms/functionlearning/data/cause-effects/pairs/pair0076.txt,5,1.4874999999999998,3.2250000000000005,density,550243861
78,0,[265.9],9.876,265.9,9.876,PPFD (Photosynthetic Photon Flux Density),NEP (Net Ecosystem Productivity),PPFD (Photosynthetic Photon Flux Density),NEP (Net Ecosystem Productivity),pair0078,/Users/aj9225/Local/meta-learning-ecological-priors-from-llms/functionlearning/data/cause-effects/pairs/pair0078.txt,1,222.87499999999997,441.54999999999995,coverage,3606691181
78,1,[1093.2],22.416,1093.2,22.416,PPFD (Photosynthetic Photon Flux Density),NEP (Net Ecosystem Productivity),PPFD (Photosynthetic Photon Flux Density),NEP (Net Ecosystem Productivity),pair0078,/Users/aj9225/Local/meta-learning-ecological-priors-from-llms/functionlearning/data/cause-effects/pairs/pair0078.txt,4,878.9,1097.575,density,3606691181
78,2,[1122.2],24.696,1122.2,24.696,PPFD (Photosynthetic Photon Flux Density),NEP (Net Ecosystem Productivity),PPFD (Photosynthetic Photon Flux Density),NEP (Net Ecosystem Productivity),pair0078,/Users/aj9225/Local/meta-learning-ecological-priors-from-llms/functionlearning/data/cause-effects/pairs/pair0078.txt,5,1097.575,1316.25,density,3606691181
78,3,[444.9],20.284,444.9,20.284,PPFD (Photosynthetic Photon Flux Density),NEP (Net Ecosystem Productivity),PPFD (Photosynthetic Photon Flux Density),NEP (Net Ecosystem Productivity),pair0078,/Users/aj9225/Local/meta-learning-ecological-priors-from-llms/functionlearning/data/cause-effects/pairs/pair0078.txt,2,441.54999999999995,660.225,density,3606691181
78,4,[1591.5],20.278,1591.5,20.278,PPFD (Photosynthetic Photon Flux Density),NEP (Net Ecosystem Productivity),PPFD (Photosynthetic Photon Flux Density),NEP (Net Ecosystem Productivity),pair0078,/Users/aj9225/Local/meta-learning-ecological-priors-from-llms/functionlearning/data/cause-effects/pairs/pair0078.txt,7,1534.925,1753.6,density,3606691181
78,5,[63.4],0.747,63.4,0.747,PPFD (Photosynthetic Photon Flux Density),NEP (Net Ecosystem Productivity),PPFD (Photosynthetic Photon Flux Density),NEP (Net Ecosystem Productivity),pair0078,/Users/aj9225/Local/meta-learning-ecological-priors-from-llms/functionlearning/data/cause-effects/pairs/pair0078.txt,0,4.2,222.87499999999997,coverage,3606691181
78,6,[1084.7],33.018,1084.7,33.018,PPFD (Photosynthetic Photon Flux Density),NEP (Net Ecosystem Productivity),PPFD (Photosynthetic Photon Flux Density),NEP (Net Ecosystem Productivity),pair0078,/Users/aj9225/Local/meta-learning-ecological-priors-from-llms/functionlearning/data/cause-effects/pairs/pair0078.txt,4,878.9,1097.575,density,3606691181
78,7,[52.1],1.429,52.1,1.429,PPFD (Photosynthetic Photon Flux Density),NEP (Net Ecosystem Productivity),PPFD (Photosynthetic Photon Flux Density),NEP (Net Ecosystem Productivity),pair0078,/Users/aj9225/Local/meta-learning-ecological-priors-from-llms/functionlearning/data/cause-effects/pairs/pair0078.txt,0,4.2,222.87499999999997,density,3606691181
78,8,[225.3],8.555,225.3,8.555,PPFD (Photosynthetic Photon Flux Density),NEP (Net Ecosystem Productivity),PPFD (Photosynthetic Photon Flux Density),NEP (Net Ecosystem Productivity),pair0078,/Users/aj9225/Local/meta-learning-ecological-priors-from-llms/functionlearning/data/cause-effects/pairs/pair0078.txt,1,222.87499999999997,441.54999999999995,density,3606691181
78,9,[316.3],7.795,316.3,7.795,PPFD (Photosynthetic Photon Flux Density),NEP (Net Ecosystem Productivity),PPFD (Photosynthetic Photon Flux Density),NEP (Net Ecosystem Productivity),pair0078,/Users/aj9225/Local/meta-learning-ecological-priors-from-llms/functionlearning/data/cause-effects/pairs/pair0078.txt,1,222.87499999999997,441.54999999999995,density,3606691181
78,10,[367.6],10.541,367.6,10.541,PPFD (Photosynthetic Photon Flux Density),NEP (Net Ecosystem Productivity),PPFD (Photosynthetic Photon Flux Density),NEP (Net Ecosystem Productivity),pair0078,/Users/aj9225/Local/meta-learning-ecological-priors-from-llms/functionlearning/data/cause-effects/pairs/pair0078.txt,1,222.87499999999997,441.54999999999995,density,3606691181
78,11,[1447.3],26.723,1447.3,26.723,PPFD (Photosynthetic Photon Flux Density),NEP (Net Ecosystem Productivity),PPFD (Photosynthetic Photon Flux Density),NEP (Net Ecosystem Productivity),pair0078,/Users/aj9225/Local/meta-learning-ecological-priors-from-llms/functionlearning/data/cause-effects/pairs/pair0078.txt,6,1316.25,1534.925,density,3606691181
78,12,[714.6],21.749,714.6,21.749,PPFD (Photosynthetic Photon Flux Density),NEP (Net Ecosystem Productivity),PPFD (Photosynthetic Photon Flux Density),NEP (Net Ecosystem Productivity),pair0078,/Users/aj9225/Local/meta-learning-ecological-priors-from-llms/functionlearning/data/cause-effects/pairs/pair0078.txt,3,660.225,878.9,coverage,3606691181
78,13,[1479.2],27.48,1479.2,27.48,PPFD (Photosynthetic Photon Flux Density),NEP (Net Ecosystem Productivity),PPFD (Photosynthetic Photon Flux Density),NEP (Net Ecosystem Productivity),pair0078,/Users/aj9225/Local/meta-learning-ecological-priors-from-llms/functionlearning/data/cause-effects/pairs/pair0078.txt,6,1316.25,1534.925,coverage,3606691181
78,14,[218.1],5.542,218.1,5.542,PPFD (Photosynthetic Photon Flux Density),NEP (Net Ecosystem Productivity),PPFD (Photosynthetic Photon Flux Density),NEP (Net Ecosystem Productivity),pair0078,/Users/aj9225/Local/meta-learning-ecological-priors-from-llms/functionlearning/data/cause-effects/pairs/pair0078.txt,0,4.2,222.87499999999997,density,3606691181
78,15,[801.9],14.921,801.9,14.921,PPFD (Photosynthetic Photon Flux Density),NEP (Net Ecosystem Productivity),PPFD (Photosynthetic Photon Flux Density),NEP (Net Ecosystem Productivity),pair0078,/Users/aj9225/Local/meta-learning-ecological-priors-from-llms/functionlearning/data/cause-effects/pairs/pair0078.txt,3,660.225,878.9,density,3606691181
78,16,[667.5],19.392,667.5,19.392,PPFD (Photosynthetic Photon Flux Density),NEP (Net Ecosystem Productivity),PPFD (Photosynthetic Photon Flux Density),NEP (Net Ecosystem Productivity),pair0078,/Users/aj9225/Local/meta-learning-ecological-priors-from-llms/functionlearning/data/cause-effects/pairs/pair0078.txt,3,660.225,878.9,density,3606691181
78,17,[1211.0],23.081,1211.0,23.081,PPFD (Photosynthetic Photon Flux Density),NEP (Net Ecosystem Productivity),PPFD (Photosynthetic Photon Flux Density),NEP (Net Ecosystem Productivity),pair0078,/Users/aj9225/Local/meta-learning-ecological-priors-from-llms/functionlearning/data/cause-effects/pairs/pair0078.txt,5,1097.575,1316.25,coverage,3606691181
78,18,[172.8],4.275,172.8,4.275,PPFD (Photosynthetic Photon Flux Density),NEP (Net Ecosystem Productivity),PPFD (Photosynthetic Photon Flux Density),NEP (Net Ecosystem Productivity),pair0078,/Users/aj9225/Local/meta-learning-ecological-priors-from-llms/functionlearning/data/cause-effects/pairs/pair0078.txt,0,4.2,222.87499999999997,density,3606691181
78,19,[919.9],15.476,919.9,15.476,PPFD (Photosynthetic Photon Flux Density),NEP (Net Ecosystem Productivity),PPFD (Photosynthetic Photon Flux Density),NEP (Net Ecosystem Productivity),pair0078,/Users/aj9225/Local/meta-learning-ecological-priors-from-llms/functionlearning/data/cause-effects/pairs/pair0078.txt,4,878.9,1097.575,coverage,3606691181
78,20,[576.0],14.427,576.0,14.427,PPFD (Photosynthetic Photon Flux Density),NEP (Net Ecosystem Productivity),PPFD (Photosynthetic Photon Flux Density),NEP (Net Ecosystem Productivity),pair0078,/Users/aj9225/Local/meta-learning-ecological-priors-from-llms/functionlearning/data/cause-effects/pairs/pair0078.txt,2,441.54999999999995,660.225,coverage,3606691181
78,21,[610.1],11.275,610.1,11.275,PPFD (Photosynthetic Photon Flux Density),NEP (Net Ecosystem Productivity),PPFD (Photosynthetic Photon Flux Density),NEP (Net Ecosystem Productivity),pair0078,/Users/aj9225/Local/meta-learning-ecological-priors-from-llms/functionlearning/data/cause-effects/pairs/pair0078.txt,2,441.54999999999995,660.225,density,3606691181
78,22,[1540.7],25.881,1540.7,25.881,PPFD (Photosynthetic Photon Flux Density),NEP (Net Ecosystem Productivity),PPFD (Photosynthetic Photon Flux Density),NEP (Net Ecosystem Productivity),pair0078,/Users/aj9225/Local/meta-learning-ecological-priors-from-llms/functionlearning/data/cause-effects/pairs/pair0078.txt,7,1534.925,1753.6,coverage,3606691181
78,23,[7.4],-1.934,7.4,-1.934,PPFD (Photosynthetic Photon Flux Density),NEP (Net Ecosystem Productivity),PPFD (Photosynthetic Photon Flux Density),NEP (Net Ecosystem Productivity),pair0078,/Users/aj9225/Local/meta-learning-ecological-priors-from-llms/functionlearning/data/cause-effects/pairs/pair0078.txt,0,4.2,222.87499999999997,density,3606691181
84,0,[8.1736],8.9358,8.1736,8.9358,the natural logarithm of employment in 1980 in 3102 counties in US;,the natural logorithm of the corresponding population,the natural logarithm of employment in 1980 in 3102 counties in US;,the natural logorithm of the corresponding population,pair0084,/Users/aj9225/Local/meta-learning-ecological-priors-from-llms/functionlearning/data/cause-effects/pairs/pair0084.txt,3,8.0267625,9.43345,density,1934392872
84,1,[10.722],11.4758,10.722,11.4758,the natural logarithm of employment in 1980 in 3102 counties in US;,the natural logorithm of the corresponding population,the natural logarithm of employment in 1980 in 3102 counties in US;,the natural logorithm of the corresponding population,pair0084,/Users/aj9225/Local/meta-learning-ecological-priors-from-llms/functionlearning/data/cause-effects/pairs/pair0084.txt,4,9.43345,10.8401375,density,1934392872
84,2,[11.3475],12.145,11.3475,12.145,the natural logarithm of employment in 1980 in 3102 counties in US;,the natural logorithm of the corresponding population,the natural logarithm of employment in 1980 in 3102 counties in US;,the natural logorithm of the corresponding population,pair0084,/Users/aj9225/Local/meta-learning-ecological-priors-from-llms/functionlearning/data/cause-effects/pairs/pair0084.txt,5,10.8401375,12.246824999999998,coverage,1934392872
84,3,[9.5512],10.4433,9.5512,10.4433,the natural logarithm of employment in 1980 in 3102 counties in US;,the natural logorithm of the corresponding population,the natural logarithm of employment in 1980 in 3102 counties in US;,the natural logorithm of the corresponding population,pair0084,/Users/aj9225/Local/meta-learning-ecological-priors-from-llms/functionlearning/data/cause-effects/pairs/pair0084.txt,4,9.43345,10.8401375,density,1934392872
84,4,[6.6958],7.7315,6.6958,7.7315,the natural logarithm of employment in 1980 in 3102 counties in US;,the natural logorithm of the corresponding population,the natural logarithm of employment in 1980 in 3102 counties in US;,the natural logorithm of the corresponding population,pair0084,/Users/aj9225/Local/meta-learning-ecological-priors-from-llms/functionlearning/data/cause-effects/pairs/pair0084.txt,2,6.620075,8.0267625,density,1934392872
84,5,[8.5882],9.5974,8.5882,9.5974,the natural logarithm of employment in 1980 in 3102 counties in US;,the natural logorithm of the corresponding population,the natural logarithm of employment in 1980 in 3102 counties in US;,the natural logorithm of the corresponding population,pair0084,/Users/aj9225/Local/meta-learning-ecological-priors-from-llms/functionlearning/data/cause-effects/pairs/pair0084.txt,3,8.0267625,9.43345,density,1934392872
84,6,[8.5993],9.667,8.5993,9.667,the natural logarithm of employment in 1980 in 3102 counties in US;,the natural logorithm of the corresponding population,the natural logarithm of employment in 1980 in 3102 counties in US;,the natural logorithm of the corresponding population,pair0084,/Users/aj9225/Local/meta-learning-ecological-priors-from-llms/functionlearning/data/cause-effects/pairs/pair0084.txt,3,8.0267625,9.43345,density,1934392872
84,7,[8.2308],9.492,8.2308,9.492,the natural logarithm of employment in 1980 in 3102 counties in US;,the natural logorithm of the corresponding population,the natural logarithm of employment in 1980 in 3102 counties in US;,the natural logorithm of the corresponding population,pair0084,/Users/aj9225/Local/meta-learning-ecological-priors-from-llms/functionlearning/data/cause-effects/pairs/pair0084.txt,3,8.0267625,9.43345,density,1934392872
84,8,[15.0602],15.8274,15.0602,15.8274,the natural logarithm of employment in 1980 in 3102 counties in US;,the natural logorithm of the corresponding population,the natural logarithm of employment in 1980 in 3102 counties in US;,the natural logorithm of the corresponding population,pair0084,/Users/aj9225/Local/meta-learning-ecological-priors-from-llms/functionlearning/data/cause-effects/pairs/pair0084.txt,7,13.653512499999998,15.0602,coverage,1934392872
84,9,[7.5969],8.6373,7.5969,8.6373,the natural logarithm of employment in 1980 in 3102 counties in US;,the natural logorithm of the corresponding population,the natural logarithm of employment in 1980 in 3102 counties in US;,the natural logorithm of the corresponding population,pair0084,/Users/aj9225/Local/meta-learning-ecological-priors-from-llms/functionlearning/data/cause-effects/pairs/pair0084.txt,2,6.620075,8.0267625,density,1934392872
84,10,[8.2649],9.3343,8.2649,9.3343,the natural logarithm of employment in 1980 in 3102 counties in US;,the natural logorithm of the corresponding population,the natural logarithm of employment in 1980 in 3102 counties in US;,the natural logorithm of the corresponding population,pair0084,/Users/aj9225/Local/meta-learning-ecological-priors-from-llms/functionlearning/data/cause-effects/pairs/pair0084.txt,3,8.0267625,9.43345,density,1934392872
84,11,[12.2825],13.0623,12.2825,13.0623,the natural logarithm of employment in 1980 in 3102 counties in US;,the natural logorithm of the corresponding population,the natural logarithm of employment in 1980 in 3102 counties in US;,the natural logorithm of the corresponding population,pair0084,/Users/aj9225/Local/meta-learning-ecological-priors-from-llms/functionlearning/data/cause-effects/pairs/pair0084.txt,6,12.246824999999998,13.653512499999998,density,1934392872
84,12,[7.6634],8.4629,7.6634,8.4629,the natural logarithm of employment in 1980 in 3102 counties in US;,the natural logorithm of the corresponding population,the natural logarithm of employment in 1980 in 3102 counties in US;,the natural logorithm of the corresponding population,pair0084,/Users/aj9225/Local/meta-learning-ecological-priors-from-llms/functionlearning/data/cause-effects/pairs/pair0084.txt,2,6.620075,8.0267625,coverage,1934392872
84,13,[9.4788],10.4374,9.4788,10.4374,the natural logarithm of employment in 1980 in 3102 counties in US;,the natural logorithm of the corresponding population,the natural logarithm of employment in 1980 in 3102 counties in US;,the natural logorithm of the corresponding population,pair0084,/Users/aj9225/Local/meta-learning-ecological-priors-from-llms/functionlearning/data/cause-effects/pairs/pair0084.txt,4,9.43345,10.8401375,coverage,1934392872
84,14,[3.8067],4.5109,3.8067,4.5109,the natural logarithm of employment in 1980 in 3102 counties in US;,the natural logorithm of the corresponding population,the natural logarithm of employment in 1980 in 3102 counties in US;,the natural logorithm of the corresponding population,pair0084,/Users/aj9225/Local/meta-learning-ecological-priors-from-llms/functionlearning/data/cause-effects/pairs/pair0084.txt,0,3.8067,5.2133875,coverage,1934392872
84,15,[9.2634],10.1969,9.2634,10.1969,the natural logarithm of employment in 1980 in 3102 counties in US;,the natural logorithm of the corresponding population,the natural logarithm of employment in 1980 in 3102 counties in US;,the natural logorithm of the corresponding population,pair0084,/Users/aj9225/Local/meta-learning-ecological-priors-from-llms/functionlearning/data/cause-effects/pairs/pair0084.txt,3,8.0267625,9.43345,density,1934392872
84,16,[10.9315],11.6366,10.9315,11.6366,the natural logarithm of employment in 1980 in 3102 counties in US;,the natural logorithm of the corresponding population,the natural logarithm of employment in 1980 in 3102 counties in US;,the natural logorithm of the corresponding population,pair0084,/Users/aj9225/Local/meta-learning-ecological-priors-from-llms/functionlearning/data/cause-effects/pairs/pair0084.txt,5,10.8401375,12.246824999999998,density,1934392872
84,17,[10.6746],11.4192,10.6746,11.4192,the natural logarithm of employment in 1980 in 3102 counties in US;,the natural logorithm of the corresponding population,the natural logarithm of employment in 1980 in 3102 counties in US;,the natural logorithm of the corresponding population,pair0084,/Users/aj9225/Local/meta-learning-ecological-priors-from-llms/functionlearning/data/cause-effects/pairs/pair0084.txt,4,9.43345,10.8401375,density,1934392872
84,18,[8.5751],9.4647,8.5751,9.4647,the natural logarithm of employment in 1980 in 3102 counties in US;,the natural logorithm of the corresponding population,the natural logarithm of employment in 1980 in 3102 counties in US;,the natural logorithm of the corresponding population,pair0084,/Users/aj9225/Local/meta-learning-ecological-priors-from-llms/functionlearning/data/cause-effects/pairs/pair0084.txt,3,8.0267625,9.43345,density,1934392872
84,19,[12.4084],13.1076,12.4084,13.1076,the natural logarithm of employment in 1980 in 3102 counties in US;,the natural logorithm of the corresponding population,the natural logarithm of employment in 1980 in 3102 counties in US;,the natural logorithm of the corresponding population,pair0084,/Users/aj9225/Local/meta-learning-ecological-priors-from-llms/functionlearning/data/cause-effects/pairs/pair0084.txt,6,12.246824999999998,13.653512499999998,coverage,1934392872
84,20,[9.2055],10.1268,9.2055,10.1268,the natural logarithm of employment in 1980 in 3102 counties in US;,the natural logorithm of the corresponding population,the natural logarithm of employment in 1980 in 3102 counties in US;,the natural logorithm of the corresponding population,pair0084,/Users/aj9225/Local/meta-learning-ecological-priors-from-llms/functionlearning/data/cause-effects/pairs/pair0084.txt,3,8.0267625,9.43345,coverage,1934392872
84,21,[6.2383],7.037,6.2383,7.037,the natural logarithm of employment in 1980 in 3102 counties in US;,the natural logorithm of the corresponding population,the natural logarithm of employment in 1980 in 3102 counties in US;,the natural logorithm of the corresponding population,pair0084,/Users/aj9225/Local/meta-learning-ecological-priors-from-llms/functionlearning/data/cause-effects/pairs/pair0084.txt,1,5.2133875,6.620075,coverage,1934392872
84,22,[9.6667],10.484,9.6667,10.484,the natural logarithm of employment in 1980 in 3102 counties in US;,the natural logorithm of the corresponding population,the natural logarithm of employment in 1980 in 3102 counties in US;,the natural logorithm of the corresponding population,pair0084,/Users/aj9225/Local/meta-learning-ecological-priors-from-llms/functionlearning/data/cause-effects/pairs/pair0084.txt,4,9.43345,10.8401375,density,1934392872
84,23,[7.7244],8.9827,7.7244,8.9827,the natural logarithm of employment in 1980 in 3102 counties in US;,the natural logorithm of the corresponding population,the natural logarithm of employment in 1980 in 3102 counties in US;,the natural logorithm of the corresponding population,pair0084,/Users/aj9225/Local/meta-learning-ecological-priors-from-llms/functionlearning/data/cause-effects/pairs/pair0084.txt,2,6.620075,8.0267625,density,1934392872
93,0,[3.00602865219116],1.69199538230896,3.00602865219116,1.69199538230896,average precipitation over 1948 to 2004 in mm/day,average runoff in over 1948 to 2004 mm/day,average precipitation over 1948 to 2004 in mm/day,average runoff in over 1948 to 2004 mm/day,pair0093,/Users/aj9225/Local/meta-learning-ecological-priors-from-llms/functionlearning/data/cause-effects/pairs/pair0093.txt,2,2.4141885936260223,3.271969810128212,density,2148995112
93,1,[1.25714671611786],0.173787921667099,1.25714671611786,0.173787921667099,average precipitation over 1948 to 2004 in mm/day,average runoff in over 1948 to 2004 mm/day,average precipitation over 1948 to 2004 in mm/day,average runoff in over 1948 to 2004 mm/day,pair0093,/Users/aj9225/Local/meta-learning-ecological-priors-from-llms/functionlearning/data/cause-effects/pairs/pair0093.txt,0,0.698626160621643,1.5564073771238327,density,2148995112
93,2,[2.59739899635315],1.26514172554016,2.59739899635315,1.26514172554016,average precipitation over 1948 to 2004 in mm/day,average runoff in over 1948 to 2004 mm/day,average precipitation over 1948 to 2004 in mm/day,average runoff in over 1948 to 2004 mm/day,pair0093,/Users/aj9225/Local/meta-learning-ecological-priors-from-llms/functionlearning/data/cause-effects/pairs/pair0093.txt,2,2.4141885936260223,3.271969810128212,density,2148995112
93,3,[3.62028074264526],1.63028860092163,3.62028074264526,1.63028860092163,average precipitation over 1948 to 2004 in mm/day,average runoff in over 1948 to 2004 mm/day,average precipitation over 1948 to 2004 in mm/day,average runoff in over 1948 to 2004 mm/day,pair0093,/Users/aj9225/Local/meta-learning-ecological-priors-from-llms/functionlearning/data/cause-effects/pairs/pair0093.txt,3,3.271969810128212,4.129751026630402,density,2148995112
93,4,[2.83984398841858],1.04014611244202,2.83984398841858,1.04014611244202,average precipitation over 1948 to 2004 in mm/day,average runoff in over 1948 to 2004 mm/day,average precipitation over 1948 to 2004 in mm/day,average runoff in over 1948 to 2004 mm/day,pair0093,/Users/aj9225/Local/meta-learning-ecological-priors-from-llms/functionlearning/data/cause-effects/pairs/pair0093.txt,2,2.4141885936260223,3.271969810128212,density,2148995112
93,5,[1.20026648044586],0.0770752727985382,1.20026648044586,0.0770752727985382,average precipitation over 1948 to 2004 in mm/day,average runoff in over 1948 to 2004 mm/day,average precipitation over 1948 to 2004 in mm/day,average runoff in over 1948 to 2004 mm/day,pair0093,/Users/aj9225/Local/meta-learning-ecological-priors-from-llms/functionlearning/data/cause-effects/pairs/pair0093.txt,0,0.698626160621643,1.5564073771238327,coverage,2148995112
93,6,[5.36617755889893],3.75818514823914,5.36617755889893,3.75818514823914,average precipitation over 1948 to 2004 in mm/day,average runoff in over 1948 to 2004 mm/day,average precipitation over 1948 to 2004 in mm/day,average runoff in over 1948 to 2004 mm/day,pair0093,/Users/aj9225/Local/meta-learning-ecological-priors-from-llms/functionlearning/data/cause-effects/pairs/pair0093.txt,5,4.987532243132591,5.845313459634781,coverage,2148995112
93,7,[3.49578714370728],1.99735116958618,3.49578714370728,1.99735116958618,average precipitation over 1948 to 2004 in mm/day,average runoff in over 1948 to 2004 mm/day,average precipitation over 1948 to 2004 in mm/day,average runoff in over 1948 to 2004 mm/day,pair0093,/Users/aj9225/Local/meta-learning-ecological-priors-from-llms/functionlearning/data/cause-effects/pairs/pair0093.txt,3,3.271969810128212,4.129751026630402,density,2148995112
93,8,[1.83657085895538],0.829996824264526,1.83657085895538,0.829996824264526,average precipitation over 1948 to 2004 in mm/day,average runoff in over 1948 to 2004 mm/day,average precipitation over 1948 to 2004 in mm/day,average runoff in over 1948 to 2004 mm/day,pair0093,/Users/aj9225/Local/meta-learning-ecological-priors-from-llms/functionlearning/data/cause-effects/pairs/pair0093.txt,1,1.5564073771238327,2.4141885936260223,density,2148995112
93,9,[3.00433325767517],1.12891829013824,3.00433325767517,1.12891829013824,average precipitation over 1948 to 2004 in mm/day,average runoff in over 1948 to 2004 mm/day,average precipitation over 1948 to 2004 in mm/day,average runoff in over 1948 to 2004 mm/day,pair0093,/Users/aj9225/Local/meta-learning-ecological-priors-from-llms/functionlearning/data/cause-effects/pairs/pair0093.txt,2,2.4141885936260223,3.271969810128212,density,2148995112
93,10,[2.72774076461792],1.92234897613525,2.72774076461792,1.92234897613525,average precipitation over 1948 to 2004 in mm/day,average runoff in over 1948 to 2004 mm/day,average precipitation over 1948 to 2004 in mm/day,average runoff in over 1948 to 2004 mm/day,pair0093,/Users/aj9225/Local/meta-learning-ecological-priors-from-llms/functionlearning/data/cause-effects/pairs/pair0093.txt,2,2.4141885936260223,3.271969810128212,density,2148995112
93,11,[2.32453608512878],0.497633665800095,2.32453608512878,0.497633665800095,average precipitation over 1948 to 2004 in mm/day,average runoff in over 1948 to 2004 mm/day,average precipitation over 1948 to 2004 in mm/day,average runoff in over 1948 to 2004 mm/day,pair0093,/Users/aj9225/Local/meta-learning-ecological-priors-from-llms/functionlearning/data/cause-effects/pairs/pair0093.txt,1,1.5564073771238327,2.4141885936260223,density,2148995112
93,12,[2.11432719230652],0.285137414932251,2.11432719230652,0.285137414932251,average precipitation over 1948 to 2004 in mm/day,average runoff in over 1948 to 2004 mm/day,average precipitation over 1948 to 2004 in mm/day,average runoff in over 1948 to 2004 mm/day,pair0093,/Users/aj9225/Local/meta-learning-ecological-priors-from-llms/functionlearning/data/cause-effects/pairs/pair0093.txt,1,1.5564073771238327,2.4141885936260223,density,2148995112
93,13,[2.11259365081787],1.13514626026154,2.11259365081787,1.13514626026154,average precipitation over 1948 to 2004 in mm/day,average runoff in over 1948 to 2004 mm/day,average precipitation over 1948 to 2004 in mm/day,average runoff in over 1948 to 2004 mm/day,pair0093,/Users/aj9225/Local/meta-learning-ecological-priors-from-llms/functionlearning/data/cause-effects/pairs/pair0093.txt,1,1.5564073771238327,2.4141885936260223,coverage,2148995112
93,14,[2.39539003372192],0.677085816860199,2.39539003372192,0.677085816860199,average precipitation over 1948 to 2004 in mm/day,average runoff in over 1948 to 2004 mm/day,average precipitation over 1948 to 2004 in mm/day,average runoff in over 1948 to 2004 mm/day,pair0093,/Users/aj9225/Local/meta-learning-ecological-priors-from-llms/functionlearning/data/cause-effects/pairs/pair0093.txt,1,1.5564073771238327,2.4141885936260223,density,2148995112
93,15,[6.87908935546875],6.82231473922729,6.87908935546875,6.82231473922729,average precipitation over 1948 to 2004 in mm/day,average runoff in over 1948 to 2004 mm/day,average precipitation over 1948 to 2004 in mm/day,average runoff in over 1948 to 2004 mm/day,pair0093,/Users/aj9225/Local/meta-learning-ecological-priors-from-llms/functionlearning/data/cause-effects/pairs/pair0093.txt,7,6.7030946761369705,7.56087589263916,coverage,2148995112
93,16,[2.9956386089325],1.74191153049469,2.9956386089325,1.74191153049469,average precipitation over 1948 to 2004 in mm/day,average runoff in over 1948 to 2004 mm/day,average precipitation over 1948 to 2004 in mm/day,average runoff in over 1948 to 2004 mm/day,pair0093,/Users/aj9225/Local/meta-learning-ecological-priors-from-llms/functionlearning/data/cause-effects/pairs/pair0093.txt,2,2.4141885936260223,3.271969810128212,density,2148995112
93,17,[3.81917142868042],1.28097832202911,3.81917142868042,1.28097832202911,average precipitation over 1948 to 2004 in mm/day,average runoff in over 1948 to 2004 mm/day,average precipitation over 1948 to 2004 in mm/day,average runoff in over 1948 to 2004 mm/day,pair0093,/Users/aj9225/Local/meta-learning-ecological-priors-from-llms/functionlearning/data/cause-effects/pairs/pair0093.txt,3,3.271969810128212,4.129751026630402,density,2148995112
93,18,[2.85030460357666],1.07668364048004,2.85030460357666,1.07668364048004,average precipitation over 1948 to 2004 in mm/day,average runoff in over 1948 to 2004 mm/day,average precipitation over 1948 to 2004 in mm/day,average runoff in over 1948 to 2004 mm/day,pair0093,/Users/aj9225/Local/meta-learning-ecological-priors-from-llms/functionlearning/data/cause-effects/pairs/pair0093.txt,2,2.4141885936260223,3.271969810128212,density,2148995112
93,19,[6.49640417098999],5.85448837280273,6.49640417098999,5.85448837280273,average precipitation over 1948 to 2004 in mm/day,average runoff in over 1948 to 2004 mm/day,average precipitation over 1948 to 2004 in mm/day,average runoff in over 1948 to 2004 mm/day,pair0093,/Users/aj9225/Local/meta-learning-ecological-priors-from-llms/functionlearning/data/cause-effects/pairs/pair0093.txt,6,5.845313459634781,6.7030946761369705,coverage,2148995112
93,20,[4.87796831130981],2.67850565910339,4.87796831130981,2.67850565910339,average precipitation over 1948 to 2004 in mm/day,average runoff in over 1948 to 2004 mm/day,average precipitation over 1948 to 2004 in mm/day,average runoff in over 1948 to 2004 mm/day,pair0093,/Users/aj9225/Local/meta-learning-ecological-priors-from-llms/functionlearning/data/cause-effects/pairs/pair0093.txt,4,4.129751026630402,4.987532243132591,coverage,2148995112
93,21,[3.50020885467529],1.58419191837311,3.50020885467529,1.58419191837311,average precipitation over 1948 to 2004 in mm/day,average runoff in over 1948 to 2004 mm/day,average precipitation over 1948 to 2004 in mm/day,average runoff in over 1948 to 2004 mm/day,pair0093,/Users/aj9225/Local/meta-learning-ecological-priors-from-llms/functionlearning/data/cause-effects/pairs/pair0093.txt,3,3.271969810128212,4.129751026630402,density,2148995112
93,22,[3.17330265045166],1.62095081806183,3.17330265045166,1.62095081806183,average precipitation over 1948 to 2004 in mm/day,average runoff in over 1948 to 2004 mm/day,average precipitation over 1948 to 2004 in mm/day,average runoff in over 1948 to 2004 mm/day,pair0093,/Users/aj9225/Local/meta-learning-ecological-priors-from-llms/functionlearning/data/cause-effects/pairs/pair0093.txt,2,2.4141885936260223,3.271969810128212,coverage,2148995112
93,23,[3.97615528106689],1.69102001190186,3.97615528106689,1.69102001190186,average precipitation over 1948 to 2004 in mm/day,average runoff in over 1948 to 2004 mm/day,average precipitation over 1948 to 2004 in mm/day,average runoff in over 1948 to 2004 mm/day,pair0093,/Users/aj9225/Local/meta-learning-ecological-priors-from-llms/functionlearning/data/cause-effects/pairs/pair0093.txt,3,3.271969810128212,4.129751026630402,coverage,2148995112
98,0,[0.0073529411764705],0.0018726591760299,0.0073529411764705,0.0018726591760299,speed at the beginning,speed at the end,speed at the beginning,speed at the end,pair0098,/Users/aj9225/Local/meta-learning-ecological-priors-from-llms/functionlearning/data/cause-effects/pairs/pair0098.txt,7,0.007267441860465074,0.0079365079365079,density,1592565386
98,1,[0.0068027210884353],0.0016207455429497,0.0068027210884353,0.0016207455429497,speed at the beginning,speed at the end,speed at the beginning,speed at the end,pair0098,/Users/aj9225/Local/meta-learning-ecological-priors-from-llms/functionlearning/data/cause-effects/pairs/pair0098.txt,6,0.0065983757844222495,0.007267441860465074,density,1592565386
98,2,[0.0052910052910052],0.0013089005235602,0.0052910052910052,0.0013089005235602,speed at the beginning,speed at the end,speed at the beginning,speed at the end,pair0098,/Users/aj9225/Local/meta-learning-ecological-priors-from-llms/functionlearning/data/cause-effects/pairs/pair0098.txt,4,0.005260243632336599,0.005929309708379425,density,1592565386
98,3,[0.0073529411764705],0.0018018018018018,0.0073529411764705,0.0018018018018018,speed at the beginning,speed at the end,speed at the beginning,speed at the end,pair0098,/Users/aj9225/Local/meta-learning-ecological-priors-from-llms/functionlearning/data/cause-effects/pairs/pair0098.txt,7,0.007267441860465074,0.0079365079365079,coverage,1592565386
98,4,[0.0050251256281407],0.0011792452830188,0.0050251256281407,0.0011792452830188,speed at the beginning,speed at the end,speed at the beginning,speed at the end,pair0098,/Users/aj9225/Local/meta-learning-ecological-priors-from-llms/functionlearning/data/cause-effects/pairs/pair0098.txt,3,0.004591177556293775,0.005260243632336599,coverage,1592565386
98,5,[0.0055865921787709],0.0015174506828528,0.0055865921787709,0.0015174506828528,speed at the beginning,speed at the end,speed at the beginning,speed at the end,pair0098,/Users/aj9225/Local/meta-learning-ecological-priors-from-llms/functionlearning/data/cause-effects/pairs/pair0098.txt,4,0.005260243632336599,0.005929309708379425,density,1592565386
98,6,[0.0059523809523809],0.001592356687898,0.0059523809523809,0.001592356687898,speed at the beginning,speed at the end,speed at the beginning,speed at the end,pair0098,/Users/aj9225/Local/meta-learning-ecological-priors-from-llms/functionlearning/data/cause-effects/pairs/pair0098.txt,5,0.005929309708379425,0.0065983757844222495,density,1592565386
98,7,[0.0055865921787709],0.0013262599469496,0.0055865921787709,0.0013262599469496,speed at the beginning,speed at the end,speed at the beginning,speed at the end,pair0098,/Users/aj9225/Local/meta-learning-ecological-priors-from-llms/functionlearning/data/cause-effects/pairs/pair0098.txt,4,0.005260243632336599,0.005929309708379425,density,1592565386
98,8,[0.0039840637450199],0.0010626992561105,0.0039840637450199,0.0010626992561105,speed at the beginning,speed at the end,speed at the beginning,speed at the end,pair0098,/Users/aj9225/Local/meta-learning-ecological-priors-from-llms/functionlearning/data/cause-effects/pairs/pair0098.txt,2,0.00392211148025095,0.004591177556293775,coverage,1592565386
98,9,[0.0029761904761904],0.0006775067750677,0.0029761904761904,0.0006775067750677,speed at the beginning,speed at the end,speed at the beginning,speed at the end,pair0098,/Users/aj9225/Local/meta-learning-ecological-priors-from-llms/functionlearning/data/cause-effects/pairs/pair0098.txt,0,0.0025839793281653,0.003253045404208125,coverage,1592565386
98,10,[0.0063694267515923],0.0015948963317384,0.0063694267515923,0.0015948963317384,speed at the beginning,speed at the end,speed at the beginning,speed at the end,pair0098,/Users/aj9225/Local/meta-learning-ecological-priors-from-llms/functionlearning/data/cause-effects/pairs/pair0098.txt,5,0.005929309708379425,0.0065983757844222495,density,1592565386
98,11,[0.0068493150684931],0.0017035775127768,0.0068493150684931,0.0017035775127768,speed at the beginning,speed at the end,speed at the beginning,speed at the end,pair0098,/Users/aj9225/Local/meta-learning-ecological-priors-from-llms/functionlearning/data/cause-effects/pairs/pair0098.txt,6,0.0065983757844222495,0.007267441860465074,coverage,1592565386
98,12,[0.0035460992907801],0.0009191176470588,0.0035460992907801,0.0009191176470588,speed at the beginning,speed at the end,speed at the beginning,speed at the end,pair0098,/Users/aj9225/Local/meta-learning-ecological-priors-from-llms/functionlearning/data/cause-effects/pairs/pair0098.txt,1,0.003253045404208125,0.00392211148025095,coverage,1592565386
98,13,[0.0035211267605633],0.0007587253414264,0.0035211267605633,0.0007587253414264,speed at the beginning,speed at the end,speed at the beginning,speed at the end,pair0098,/Users/aj9225/Local/meta-learning-ecological-priors-from-llms/functionlearning/data/cause-effects/pairs/pair0098.txt,1,0.003253045404208125,0.00392211148025095,density,1592565386
98,14,[0.0063694267515923],0.0017391304347826,0.0063694267515923,0.0017391304347826,speed at the beginning,speed at the end,speed at the beginning,speed at the end,pair0098,/Users/aj9225/Local/meta-learning-ecological-priors-from-llms/functionlearning/data/cause-effects/pairs/pair0098.txt,5,0.005929309708379425,0.0065983757844222495,coverage,1592565386
98,15,[0.0068493150684931],0.0018761726078799,0.0068493150684931,0.0018761726078799,speed at the beginning,speed at the end,speed at the beginning,speed at the end,pair0098,/Users/aj9225/Local/meta-learning-ecological-priors-from-llms/functionlearning/data/cause-effects/pairs/pair0098.txt,6,0.0065983757844222495,0.007267441860465074,density,1592565386
98,16,[0.0063291139240506],0.0017064846416382,0.0063291139240506,0.0017064846416382,speed at the beginning,speed at the end,speed at the beginning,speed at the end,pair0098,/Users/aj9225/Local/meta-learning-ecological-priors-from-llms/functionlearning/data/cause-effects/pairs/pair0098.txt,5,0.005929309708379425,0.0065983757844222495,density,1592565386
98,17,[0.0050251256281407],0.0012422360248447,0.0050251256281407,0.0012422360248447,speed at the beginning,speed at the end,speed at the beginning,speed at the end,pair0098,/Users/aj9225/Local/meta-learning-ecological-priors-from-llms/functionlearning/data/cause-effects/pairs/pair0098.txt,3,0.004591177556293775,0.005260243632336599,density,1592565386
98,18,[0.0064102564102564],0.0016750418760469,0.0064102564102564,0.0016750418760469,speed at the beginning,speed at the end,speed at the beginning,speed at the end,pair0098,/Users/aj9225/Local/meta-learning-ecological-priors-from-llms/functionlearning/data/cause-effects/pairs/pair0098.txt,5,0.005929309708379425,0.0065983757844222495,density,1592565386
98,19,[0.0068493150684931],0.0018691588785046,0.0068493150684931,0.0018691588785046,speed at the beginning,speed at the end,speed at the beginning,speed at the end,pair0098,/Users/aj9225/Local/meta-learning-ecological-priors-from-llms/functionlearning/data/cause-effects/pairs/pair0098.txt,6,0.0065983757844222495,0.007267441860465074,density,1592565386
98,20,[0.0043478260869565],0.0010162601626016,0.0043478260869565,0.0010162601626016,speed at the beginning,speed at the end,speed at the beginning,speed at the end,pair0098,/Users/aj9225/Local/meta-learning-ecological-priors-from-llms/functionlearning/data/cause-effects/pairs/pair0098.txt,2,0.00392211148025095,0.004591177556293775,density,1592565386
98,21,[0.0052910052910052],0.0013642564802182,0.0052910052910052,0.0013642564802182,speed at the beginning,speed at the end,speed at the beginning,speed at the end,pair0098,/Users/aj9225/Local/meta-learning-ecological-priors-from-llms/functionlearning/data/cause-effects/pairs/pair0098.txt,4,0.005260243632336599,0.005929309708379425,coverage,1592565386
98,22,[0.0028089887640449],0.000616522811344,0.0028089887640449,0.000616522811344,speed at the beginning,speed at the end,speed at the beginning,speed at the end,pair0098,/Users/aj9225/Local/meta-learning-ecological-priors-from-llms/functionlearning/data/cause-effects/pairs/pair0098.txt,0,0.0025839793281653,0.003253045404208125,density,1592565386
98,23,[0.0072992700729927],0.0018761726078799,0.0072992700729927,0.0018761726078799,speed at the beginning,speed at the end,speed at the beginning,speed at the end,pair0098,/Users/aj9225/Local/meta-learning-ecological-priors-from-llms/functionlearning/data/cause-effects/pairs/pair0098.txt,7,0.007267441860465074,0.0079365079365079,density,1592565386
100,0,[5.4161],3.52636,5.4161,3.52636,"logarithm of the second column ('syct', cycle time in nanoseconds)","logarithm of the seventh column ('perf', published performance on a benchmark mix relative to an IBM 370/158-3)","logarithm of the second column ('syct', cycle time in nanoseconds)","logarithm of the seventh column ('perf', published performance on a benchmark mix relative to an IBM 370/158-3)",pair0100,/Users/aj9225/Local/meta-learning-ecological-priors-from-llms/functionlearning/data/cause-effects/pairs/pair0100.txt,4,5.073214999999999,5.63321625,coverage,784044718
100,1,[5.76832],3.29584,5.76832,3.29584,"logarithm of the second column ('syct', cycle time in nanoseconds)","logarithm of the seventh column ('perf', published performance on a benchmark mix relative to an IBM 370/158-3)","logarithm of the second column ('syct', cycle time in nanoseconds)","logarithm of the seventh column ('perf', published performance on a benchmark mix relative to an IBM 370/158-3)",pair0100,/Users/aj9225/Local/meta-learning-ecological-priors-from-llms/functionlearning/data/cause-effects/pairs/pair0100.txt,5,5.63321625,6.193217499999999,density,784044718
100,2,[4.96284],3.49651,4.96284,3.49651,"logarithm of the second column ('syct', cycle time in nanoseconds)","logarithm of the seventh column ('perf', published performance on a benchmark mix relative to an IBM 370/158-3)","logarithm of the second column ('syct', cycle time in nanoseconds)","logarithm of the seventh column ('perf', published performance on a benchmark mix relative to an IBM 370/158-3)",pair0100,/Users/aj9225/Local/meta-learning-ecological-priors-from-llms/functionlearning/data/cause-effects/pairs/pair0100.txt,3,4.51321375,5.073214999999999,density,784044718
100,3,[5.22036],4.33073,5.22036,4.33073,"logarithm of the second column ('syct', cycle time in nanoseconds)","logarithm of the seventh column ('perf', published performance on a benchmark mix relative to an IBM 370/158-3)","logarithm of the second column ('syct', cycle time in nanoseconds)","logarithm of the seventh column ('perf', published performance on a benchmark mix relative to an IBM 370/158-3)",pair0100,/Users/aj9225/Local/meta-learning-ecological-priors-from-llms/functionlearning/data/cause-effects/pairs/pair0100.txt,4,5.073214999999999,5.63321625,density,784044718
100,4,[6.69703],2.89037,6.69703,2.89037,"logarithm of the second column ('syct', cycle time in nanoseconds)","logarithm of the seventh column ('perf', published performance on a benchmark mix relative to an IBM 370/158-3)","logarithm of the second column ('syct', cycle time in nanoseconds)","logarithm of the seventh column ('perf', published performance on a benchmark mix relative to an IBM 370/158-3)",pair0100,/Users/aj9225/Local/meta-learning-ecological-priors-from-llms/functionlearning/data/cause-effects/pairs/pair0100.txt,6,6.193217499999999,6.75321875,coverage,784044718
100,5,[4.31749],4.12713,4.31749,4.12713,"logarithm of the second column ('syct', cycle time in nanoseconds)","logarithm of the seventh column ('perf', published performance on a benchmark mix relative to an IBM 370/158-3)","logarithm of the second column ('syct', cycle time in nanoseconds)","logarithm of the seventh column ('perf', published performance on a benchmark mix relative to an IBM 370/158-3)",pair0100,/Users/aj9225/Local/meta-learning-ecological-priors-from-llms/functionlearning/data/cause-effects/pairs/pair0100.txt,2,3.9532125,4.51321375,density,784044718
100,6,[3.13549],5.90536,3.13549,5.90536,"logarithm of the second column ('syct', cycle time in nanoseconds)","logarithm of the seventh column ('perf', published performance on a benchmark mix relative to an IBM 370/158-3)","logarithm of the second column ('syct', cycle time in nanoseconds)","logarithm of the seventh column ('perf', published performance on a benchmark mix relative to an IBM 370/158-3)",pair0100,/Users/aj9225/Local/meta-learning-ecological-priors-from-llms/functionlearning/data/cause-effects/pairs/pair0100.txt,0,2.83321,3.39321125,coverage,784044718
100,7,[5.19296],2.48491,5.19296,2.48491,"logarithm of the second column ('syct', cycle time in nanoseconds)","logarithm of the seventh column ('perf', published performance on a benchmark mix relative to an IBM 370/158-3)","logarithm of the second column ('syct', cycle time in nanoseconds)","logarithm of the seventh column ('perf', published performance on a benchmark mix relative to an IBM 370/158-3)",pair0100,/Users/aj9225/Local/meta-learning-ecological-priors-from-llms/functionlearning/data/cause-effects/pairs/pair0100.txt,4,5.073214999999999,5.63321625,density,784044718
100,8,[3.63759],4.60517,3.63759,4.60517,"logarithm of the second column ('syct', cycle time in nanoseconds)","logarithm of the seventh column ('perf', published performance on a benchmark mix relative to an IBM 370/158-3)","logarithm of the second column ('syct', cycle time in nanoseconds)","logarithm of the seventh column ('perf', published performance on a benchmark mix relative to an IBM 370/158-3)",pair0100,/Users/aj9225/Local/meta-learning-ecological-priors-from-llms/functionlearning/data/cause-effects/pairs/pair0100.txt,1,3.39321125,3.9532125,density,784044718
100,9,[4.09434],4.52179,4.09434,4.52179,"logarithm of the second column ('syct', cycle time in nanoseconds)","logarithm of the seventh column ('perf', published performance on a benchmark mix relative to an IBM 370/158-3)","logarithm of the second column ('syct', cycle time in nanoseconds)","logarithm of the seventh column ('perf', published performance on a benchmark mix relative to an IBM 370/158-3)",pair0100,/Users/aj9225/Local/meta-learning-ecological-priors-from-llms/functionlearning/data/cause-effects/pairs/pair0100.txt,2,3.9532125,4.51321375,coverage,784044718
100,10,[4.15888],5.33754,4.15888,5.33754,"logarithm of the second column ('syct', cycle time in nanoseconds)","logarithm of the seventh column ('perf', published performance on a benchmark mix relative to an IBM 370/158-3)","logarithm of the second column ('syct', cycle time in nanoseconds)","logarithm of the seventh column ('perf', published performance on a benchmark mix relative to an IBM 370/158-3)",pair0100,/Users/aj9225/Local/meta-learning-ecological-priors-from-llms/functionlearning/data/cause-effects/pairs/pair0100.txt,2,3.9532125,4.51321375,density,784044718
100,11,[3.91202],4.70048,3.91202,4.70048,"logarithm of the second column ('syct', cycle time in nanoseconds)","logarithm of the seventh column ('perf', published performance on a benchmark mix relative to an IBM 370/158-3)","logarithm of the second column ('syct', cycle time in nanoseconds)","logarithm of the seventh column ('perf', published performance on a benchmark mix relative to an IBM 370/158-3)",pair0100,/Users/aj9225/Local/meta-learning-ecological-priors-from-llms/functionlearning/data/cause-effects/pairs/pair0100.txt,1,3.39321125,3.9532125,coverage,784044718
100,12,[2.83321],4.60517,2.83321,4.60517,"logarithm of the second column ('syct', cycle time in nanoseconds)","logarithm of the seventh column ('perf', published performance on a benchmark mix relative to an IBM 370/158-3)","logarithm of the second column ('syct', cycle time in nanoseconds)","logarithm of the seventh column ('perf', published performance on a benchmark mix relative to an IBM 370/158-3)",pair0100,/Users/aj9225/Local/meta-learning-ecological-priors-from-llms/functionlearning/data/cause-effects/pairs/pair0100.txt,0,2.83321,3.39321125,density,784044718
100,13,[3.91202],4.17439,3.91202,4.17439,"logarithm of the second column ('syct', cycle time in nanoseconds)","logarithm of the seventh column ('perf', published performance on a benchmark mix relative to an IBM 370/158-3)","logarithm of the second column ('syct', cycle time in nanoseconds)","logarithm of the seventh column ('perf', published performance on a benchmark mix relative to an IBM 370/158-3)",pair0100,/Users/aj9225/Local/meta-learning-ecological-priors-from-llms/functionlearning/data/cause-effects/pairs/pair0100.txt,1,3.39321125,3.9532125,density,784044718
100,14,[7.31322],2.89037,7.31322,2.89037,"logarithm of the second column ('syct', cycle time in nanoseconds)","logarithm of the seventh column ('perf', published performance on a benchmark mix relative to an IBM 370/158-3)","logarithm of the second column ('syct', cycle time in nanoseconds)","logarithm of the seventh column ('perf', published performance on a benchmark mix relative to an IBM 370/158-3)",pair0100,/Users/aj9225/Local/meta-learning-ecological-priors-from-llms/functionlearning/data/cause-effects/pairs/pair0100.txt,7,6.75321875,7.31322,coverage,784044718
100,15,[5.76832],3.49651,5.76832,3.49651,"logarithm of the second column ('syct', cycle time in nanoseconds)","logarithm of the seventh column ('perf', published performance on a benchmark mix relative to an IBM 370/158-3)","logarithm of the second column ('syct', cycle time in nanoseconds)","logarithm of the seventh column ('perf', published performance on a benchmark mix relative to an IBM 370/158-3)",pair0100,/Users/aj9225/Local/meta-learning-ecological-priors-from-llms/functionlearning/data/cause-effects/pairs/pair0100.txt,5,5.63321625,6.193217499999999,density,784044718
100,16,[4.94164],3.68888,4.94164,3.68888,"logarithm of the second column ('syct', cycle time in nanoseconds)","logarithm of the seventh column ('perf', published performance on a benchmark mix relative to an IBM 370/158-3)","logarithm of the second column ('syct', cycle time in nanoseconds)","logarithm of the seventh column ('perf', published performance on a benchmark mix relative to an IBM 370/158-3)",pair0100,/Users/aj9225/Local/meta-learning-ecological-priors-from-llms/functionlearning/data/cause-effects/pairs/pair0100.txt,3,4.51321375,5.073214999999999,density,784044718
100,17,[4.65396],3.46574,4.65396,3.46574,"logarithm of the second column ('syct', cycle time in nanoseconds)","logarithm of the seventh column ('perf', published performance on a benchmark mix relative to an IBM 370/158-3)","logarithm of the second column ('syct', cycle time in nanoseconds)","logarithm of the seventh column ('perf', published performance on a benchmark mix relative to an IBM 370/158-3)",pair0100,/Users/aj9225/Local/meta-learning-ecological-priors-from-llms/functionlearning/data/cause-effects/pairs/pair0100.txt,3,4.51321375,5.073214999999999,coverage,784044718
100,18,[4.96284],4.11087,4.96284,4.11087,"logarithm of the second column ('syct', cycle time in nanoseconds)","logarithm of the seventh column ('perf', published performance on a benchmark mix relative to an IBM 370/158-3)","logarithm of the second column ('syct', cycle time in nanoseconds)","logarithm of the seventh column ('perf', published performance on a benchmark mix relative to an IBM 370/158-3)",pair0100,/Users/aj9225/Local/meta-learning-ecological-priors-from-llms/functionlearning/data/cause-effects/pairs/pair0100.txt,3,4.51321375,5.073214999999999,density,784044718
100,19,[6.80239],3.09104,6.80239,3.09104,"logarithm of the second column ('syct', cycle time in nanoseconds)","logarithm of the seventh column ('perf', published performance on a benchmark mix relative to an IBM 370/158-3)","logarithm of the second column ('syct', cycle time in nanoseconds)","logarithm of the seventh column ('perf', published performance on a benchmark mix relative to an IBM 370/158-3)",pair0100,/Users/aj9225/Local/meta-learning-ecological-priors-from-llms/functionlearning/data/cause-effects/pairs/pair0100.txt,7,6.75321875,7.31322,density,784044718
100,20,[6.69703],2.99573,6.69703,2.99573,"logarithm of the second column ('syct', cycle time in nanoseconds)","logarithm of the seventh column ('perf', published performance on a benchmark mix relative to an IBM 370/158-3)","logarithm of the second column ('syct', cycle time in nanoseconds)","logarithm of the seventh column ('perf', published performance on a benchmark mix relative to an IBM 370/158-3)",pair0100,/Users/aj9225/Local/meta-learning-ecological-priors-from-llms/functionlearning/data/cause-effects/pairs/pair0100.txt,6,6.193217499999999,6.75321875,density,784044718
100,21,[3.3673],4.8828,3.3673,4.8828,"logarithm of the second column ('syct', cycle time in nanoseconds)","logarithm of the seventh column ('perf', published performance on a benchmark mix relative to an IBM 370/158-3)","logarithm of the second column ('syct', cycle time in nanoseconds)","logarithm of the seventh column ('perf', published performance on a benchmark mix relative to an IBM 370/158-3)",pair0100,/Users/aj9225/Local/meta-learning-ecological-priors-from-llms/functionlearning/data/cause-effects/pairs/pair0100.txt,0,2.83321,3.39321125,density,784044718
100,22,[5.79909],2.77259,5.79909,2.77259,"logarithm of the second column ('syct', cycle time in nanoseconds)","logarithm of the seventh column ('perf', published performance on a benchmark mix relative to an IBM 370/158-3)","logarithm of the second column ('syct', cycle time in nanoseconds)","logarithm of the seventh column ('perf', published performance on a benchmark mix relative to an IBM 370/158-3)",pair0100,/Users/aj9225/Local/meta-learning-ecological-priors-from-llms/functionlearning/data/cause-effects/pairs/pair0100.txt,5,5.63321625,6.193217499999999,coverage,784044718
100,23,[3.91202],5.33754,3.91202,5.33754,"logarithm of the second column ('syct', cycle time in nanoseconds)","logarithm of the seventh column ('perf', published performance on a benchmark mix relative to an IBM 370/158-3)","logarithm of the second column ('syct', cycle time in nanoseconds)","logarithm of the seventh column ('perf', published performance on a benchmark mix relative to an IBM 370/158-3)",pair0100,/Users/aj9225/Local/meta-learning-ecological-priors-from-llms/functionlearning/data/cause-effects/pairs/pair0100.txt,1,3.39321125,3.9532125,density,784044718
