task_id,trial_id,input,target,x,y,x_name,y_name,x_description,y_description,pair_id,source_file,bin_id,bin_left,bin_right,sample_stage,seed
1,0,[444.0],7.9,444.0,7.9,altitude,temperature (average over 1961-1990),altitude,temperature (average over 1961-1990),pair0001,/Users/aj9225/Local/meta-learning-ecological-priors-from-llms/functionlearning/data/cause-effects/pairs/pair0001.txt,1,370.0,740.0,coverage,4058335882
1,1,[795.0],6.2,795.0,6.2,altitude,temperature (average over 1961-1990),altitude,temperature (average over 1961-1990),pair0001,/Users/aj9225/Local/meta-learning-ecological-priors-from-llms/functionlearning/data/cause-effects/pairs/pair0001.txt,2,740.0,1110.0,coverage,4058335882
1,2,[273.0],9.7,273.0,9.7,altitude,temperature (average over 1961-1990),altitude,temperature (average over 1961-1990),pair0001,/Users/aj9225/Local/meta-learning-ecological-priors-from-llms/functionlearning/data/cause-effects/pairs/pair0001.txt,0,0.0,370.0,density,4058335882
1,3,[1640.0],3.4,1640.0,3.4,altitude,temperature (average over 1961-1990),altitude,temperature (average over 1961-1990),pair0001,/Users/aj9225/Local/meta-learning-ecological-priors-from-llms/functionlearning/data/cause-effects/pairs/pair0001.txt,4,1480.0,1850.0,coverage,4058335882
1,4,[38.0],8.5,38.0,8.5,altitude,temperature (average over 1961-1990),altitude,temperature (average over 1961-1990),pair0001,/Users/aj9225/Local/meta-learning-ecological-priors-from-llms/functionlearning/data/cause-effects/pairs/pair0001.txt,0,0.0,370.0,density,4058335882
1,5,[440.0],6.9,440.0,6.9,altitude,temperature (average over 1961-1990),altitude,temperature (average over 1961-1990),pair0001,/Users/aj9225/Local/meta-learning-ecological-priors-from-llms/functionlearning/data/cause-effects/pairs/pair0001.txt,1,370.0,740.0,density,4058335882
1,6,[11.0],9.0,11.0,9.0,altitude,temperature (average over 1961-1990),altitude,temperature (average over 1961-1990),pair0001,/Users/aj9225/Local/meta-learning-ecological-priors-from-llms/functionlearning/data/cause-effects/pairs/pair0001.txt,0,0.0,370.0,coverage,4058335882
1,7,[776.0],6.5,776.0,6.5,altitude,temperature (average over 1961-1990),altitude,temperature (average over 1961-1990),pair0001,/Users/aj9225/Local/meta-learning-ecological-priors-from-llms/functionlearning/data/cause-effects/pairs/pair0001.txt,2,740.0,1110.0,density,4058335882
1,8,[1213.0],2.9,1213.0,2.9,altitude,temperature (average over 1961-1990),altitude,temperature (average over 1961-1990),pair0001,/Users/aj9225/Local/meta-learning-ecological-priors-from-llms/functionlearning/data/cause-effects/pairs/pair0001.txt,3,1110.0,1480.0,coverage,4058335882
1,9,[5.0],8.1,5.0,8.1,altitude,temperature (average over 1961-1990),altitude,temperature (average over 1961-1990),pair0001,/Users/aj9225/Local/meta-learning-ecological-priors-from-llms/functionlearning/data/cause-effects/pairs/pair0001.txt,0,0.0,370.0,density,4058335882
1,10,[140.0],9.1,140.0,9.1,altitude,temperature (average over 1961-1990),altitude,temperature (average over 1961-1990),pair0001,/Users/aj9225/Local/meta-learning-ecological-priors-from-llms/functionlearning/data/cause-effects/pairs/pair0001.txt,0,0.0,370.0,density,4058335882
1,11,[46.0],9.6,46.0,9.6,altitude,temperature (average over 1961-1990),altitude,temperature (average over 1961-1990),pair0001,/Users/aj9225/Local/meta-learning-ecological-priors-from-llms/functionlearning/data/cause-effects/pairs/pair0001.txt,0,0.0,370.0,density,4058335882
1,12,[837.0],7.4,837.0,7.4,altitude,temperature (average over 1961-1990),altitude,temperature (average over 1961-1990),pair0001,/Users/aj9225/Local/meta-learning-ecological-priors-from-llms/functionlearning/data/cause-effects/pairs/pair0001.txt,2,740.0,1110.0,density,4058335882
1,13,[133.0],10.0,133.0,10.0,altitude,temperature (average over 1961-1990),altitude,temperature (average over 1961-1990),pair0001,/Users/aj9225/Local/meta-learning-ecological-priors-from-llms/functionlearning/data/cause-effects/pairs/pair0001.txt,0,0.0,370.0,density,4058335882
1,14,[2.0],8.2,2.0,8.2,altitude,temperature (average over 1961-1990),altitude,temperature (average over 1961-1990),pair0001,/Users/aj9225/Local/meta-learning-ecological-priors-from-llms/functionlearning/data/cause-effects/pairs/pair0001.txt,0,0.0,370.0,density,4058335882
1,15,[37.0],10.3,37.0,10.3,altitude,temperature (average over 1961-1990),altitude,temperature (average over 1961-1990),pair0001,/Users/aj9225/Local/meta-learning-ecological-priors-from-llms/functionlearning/data/cause-effects/pairs/pair0001.txt,0,0.0,370.0,density,4058335882
1,16,[380.0],8.1,380.0,8.1,altitude,temperature (average over 1961-1990),altitude,temperature (average over 1961-1990),pair0001,/Users/aj9225/Local/meta-learning-ecological-priors-from-llms/functionlearning/data/cause-effects/pairs/pair0001.txt,1,370.0,740.0,density,4058335882
1,17,[408.0],8.8,408.0,8.8,altitude,temperature (average over 1961-1990),altitude,temperature (average over 1961-1990),pair0001,/Users/aj9225/Local/meta-learning-ecological-priors-from-llms/functionlearning/data/cause-effects/pairs/pair0001.txt,1,370.0,740.0,density,4058335882
1,18,[68.0],9.2,68.0,9.2,altitude,temperature (average over 1961-1990),altitude,temperature (average over 1961-1990),pair0001,/Users/aj9225/Local/meta-learning-ecological-priors-from-llms/functionlearning/data/cause-effects/pairs/pair0001.txt,0,0.0,370.0,density,4058335882
1,19,[255.0],8.0,255.0,8.0,altitude,temperature (average over 1961-1990),altitude,temperature (average over 1961-1990),pair0001,/Users/aj9225/Local/meta-learning-ecological-priors-from-llms/functionlearning/data/cause-effects/pairs/pair0001.txt,0,0.0,370.0,density,4058335882
1,20,[719.0],6.5,719.0,6.5,altitude,temperature (average over 1961-1990),altitude,temperature (average over 1961-1990),pair0001,/Users/aj9225/Local/meta-learning-ecological-priors-from-llms/functionlearning/data/cause-effects/pairs/pair0001.txt,1,370.0,740.0,density,4058335882
1,21,[2960.0],-4.8,2960.0,-4.8,altitude,temperature (average over 1961-1990),altitude,temperature (average over 1961-1990),pair0001,/Users/aj9225/Local/meta-learning-ecological-priors-from-llms/functionlearning/data/cause-effects/pairs/pair0001.txt,7,2590.0,2960.0,coverage,4058335882
1,22,[77.0],7.8,77.0,7.8,altitude,temperature (average over 1961-1990),altitude,temperature (average over 1961-1990),pair0001,/Users/aj9225/Local/meta-learning-ecological-priors-from-llms/functionlearning/data/cause-effects/pairs/pair0001.txt,0,0.0,370.0,density,4058335882
1,23,[425.0],8.0,425.0,8.0,altitude,temperature (average over 1961-1990),altitude,temperature (average over 1961-1990),pair0001,/Users/aj9225/Local/meta-learning-ecological-priors-from-llms/functionlearning/data/cause-effects/pairs/pair0001.txt,1,370.0,740.0,density,4058335882
14,0,[46.0],26.0,46.0,26.0,horsepower,mpg,horsepower,mpg,pair0014,/Users/aj9225/Local/meta-learning-ecological-priors-from-llms/functionlearning/data/cause-effects/pairs/pair0014.txt,0,46.0,69.0,density,2684764584
14,1,[67.0],31.0,67.0,31.0,horsepower,mpg,horsepower,mpg,pair0014,/Users/aj9225/Local/meta-learning-ecological-priors-from-llms/functionlearning/data/cause-effects/pairs/pair0014.txt,0,46.0,69.0,density,2684764584
14,2,[145.0],13.0,145.0,13.0,horsepower,mpg,horsepower,mpg,pair0014,/Users/aj9225/Local/meta-learning-ecological-priors-from-llms/functionlearning/data/cause-effects/pairs/pair0014.txt,4,138.0,161.0,density,2684764584
14,3,[70.0],34.5,70.0,34.5,horsepower,mpg,horsepower,mpg,pair0014,/Users/aj9225/Local/meta-learning-ecological-priors-from-llms/functionlearning/data/cause-effects/pairs/pair0014.txt,1,69.0,92.0,density,2684764584
14,4,[150.0],14.0,150.0,14.0,horsepower,mpg,horsepower,mpg,pair0014,/Users/aj9225/Local/meta-learning-ecological-priors-from-llms/functionlearning/data/cause-effects/pairs/pair0014.txt,4,138.0,161.0,coverage,2684764584
14,5,[84.0],30.0,84.0,30.0,horsepower,mpg,horsepower,mpg,pair0014,/Users/aj9225/Local/meta-learning-ecological-priors-from-llms/functionlearning/data/cause-effects/pairs/pair0014.txt,1,69.0,92.0,density,2684764584
14,6,[110.0],25.0,110.0,25.0,horsepower,mpg,horsepower,mpg,pair0014,/Users/aj9225/Local/meta-learning-ecological-priors-from-llms/functionlearning/data/cause-effects/pairs/pair0014.txt,2,92.0,115.0,density,2684764584
14,7,[69.0],37.3,69.0,37.3,horsepower,mpg,horsepower,mpg,pair0014,/Users/aj9225/Local/meta-learning-ecological-priors-from-llms/functionlearning/data/cause-effects/pairs/pair0014.txt,1,69.0,92.0,coverage,2684764584
14,8,[150.0],13.0,150.0,13.0,horsepower,mpg,horsepower,mpg,pair0014,/Users/aj9225/Local/meta-learning-ecological-priors-from-llms/functionlearning/data/cause-effects/pairs/pair0014.txt,4,138.0,161.0,density,2684764584
14,9,[63.0],30.5,63.0,30.5,horsepower,mpg,horsepower,mpg,pair0014,/Users/aj9225/Local/meta-learning-ecological-priors-from-llms/functionlearning/data/cause-effects/pairs/pair0014.txt,0,46.0,69.0,coverage,2684764584
14,10,[125.0],23.0,125.0,23.0,horsepower,mpg,horsepower,mpg,pair0014,/Users/aj9225/Local/meta-learning-ecological-priors-from-llms/functionlearning/data/cause-effects/pairs/pair0014.txt,3,115.0,138.0,coverage,2684764584
14,11,[75.0],36.0,75.0,36.0,horsepower,mpg,horsepower,mpg,pair0014,/Users/aj9225/Local/meta-learning-ecological-priors-from-llms/functionlearning/data/cause-effects/pairs/pair0014.txt,1,69.0,92.0,density,2684764584
14,12,[110.0],17.5,110.0,17.5,horsepower,mpg,horsepower,mpg,pair0014,/Users/aj9225/Local/meta-learning-ecological-priors-from-llms/functionlearning/data/cause-effects/pairs/pair0014.txt,2,92.0,115.0,density,2684764584
14,13,[230.0],16.0,230.0,16.0,horsepower,mpg,horsepower,mpg,pair0014,/Users/aj9225/Local/meta-learning-ecological-priors-from-llms/functionlearning/data/cause-effects/pairs/pair0014.txt,7,207.0,230.0,coverage,2684764584
14,14,[105.0],16.0,105.0,16.0,horsepower,mpg,horsepower,mpg,pair0014,/Users/aj9225/Local/meta-learning-ecological-priors-from-llms/functionlearning/data/cause-effects/pairs/pair0014.txt,2,92.0,115.0,coverage,2684764584
14,15,[98.0],18.5,98.0,18.5,horsepower,mpg,horsepower,mpg,pair0014,/Users/aj9225/Local/meta-learning-ecological-priors-from-llms/functionlearning/data/cause-effects/pairs/pair0014.txt,2,92.0,115.0,density,2684764584
14,16,[165.0],17.7,165.0,17.7,horsepower,mpg,horsepower,mpg,pair0014,/Users/aj9225/Local/meta-learning-ecological-priors-from-llms/functionlearning/data/cause-effects/pairs/pair0014.txt,5,161.0,184.0,coverage,2684764584
14,17,[97.0],23.0,97.0,23.0,horsepower,mpg,horsepower,mpg,pair0014,/Users/aj9225/Local/meta-learning-ecological-priors-from-llms/functionlearning/data/cause-effects/pairs/pair0014.txt,2,92.0,115.0,density,2684764584
14,18,[75.0],31.3,75.0,31.3,horsepower,mpg,horsepower,mpg,pair0014,/Users/aj9225/Local/meta-learning-ecological-priors-from-llms/functionlearning/data/cause-effects/pairs/pair0014.txt,1,69.0,92.0,density,2684764584
14,19,[170.0],16.0,170.0,16.0,horsepower,mpg,horsepower,mpg,pair0014,/Users/aj9225/Local/meta-learning-ecological-priors-from-llms/functionlearning/data/cause-effects/pairs/pair0014.txt,5,161.0,184.0,density,2684764584
14,20,[84.0],26.6,84.0,26.6,horsepower,mpg,horsepower,mpg,pair0014,/Users/aj9225/Local/meta-learning-ecological-priors-from-llms/functionlearning/data/cause-effects/pairs/pair0014.txt,1,69.0,92.0,density,2684764584
14,21,[116.0],25.4,116.0,25.4,horsepower,mpg,horsepower,mpg,pair0014,/Users/aj9225/Local/meta-learning-ecological-priors-from-llms/functionlearning/data/cause-effects/pairs/pair0014.txt,3,115.0,138.0,density,2684764584
14,22,[90.0],27.0,90.0,27.0,horsepower,mpg,horsepower,mpg,pair0014,/Users/aj9225/Local/meta-learning-ecological-priors-from-llms/functionlearning/data/cause-effects/pairs/pair0014.txt,1,69.0,92.0,density,2684764584
14,23,[198.0],15.0,198.0,15.0,horsepower,mpg,horsepower,mpg,pair0014,/Users/aj9225/Local/meta-learning-ecological-priors-from-llms/functionlearning/data/cause-effects/pairs/pair0014.txt,6,184.0,207.0,coverage,2684764584
18,0,[7.95],6.5,7.95,6.5,age of child in years,concentration of GAG (the units have been lost),age of child in years,concentration of GAG (the units have been lost),pair0018,/Users/aj9225/Local/meta-learning-ecological-priors-from-llms/functionlearning/data/cause-effects/pairs/pair0018.txt,3,6.626250000000001,8.835,coverage,2938530452
18,1,[2.41],9.5,2.41,9.5,age of child in years,concentration of GAG (the units have been lost),age of child in years,concentration of GAG (the units have been lost),pair0018,/Users/aj9225/Local/meta-learning-ecological-priors-from-llms/functionlearning/data/cause-effects/pairs/pair0018.txt,1,2.20875,4.4175,coverage,2938530452
18,2,[12.53],7.0,12.53,7.0,age of child in years,concentration of GAG (the units have been lost),age of child in years,concentration of GAG (the units have been lost),pair0018,/Users/aj9225/Local/meta-learning-ecological-priors-from-llms/functionlearning/data/cause-effects/pairs/pair0018.txt,5,11.043750000000001,13.252500000000001,density,2938530452
18,3,[6.28],9.8,6.28,9.8,age of child in years,concentration of GAG (the units have been lost),age of child in years,concentration of GAG (the units have been lost),pair0018,/Users/aj9225/Local/meta-learning-ecological-priors-from-llms/functionlearning/data/cause-effects/pairs/pair0018.txt,2,4.4175,6.626250000000001,density,2938530452
18,4,[1.05],19.1,1.05,19.1,age of child in years,concentration of GAG (the units have been lost),age of child in years,concentration of GAG (the units have been lost),pair0018,/Users/aj9225/Local/meta-learning-ecological-priors-from-llms/functionlearning/data/cause-effects/pairs/pair0018.txt,0,0.0,2.20875,density,2938530452
18,5,[1.02],21.9,1.02,21.9,age of child in years,concentration of GAG (the units have been lost),age of child in years,concentration of GAG (the units have been lost),pair0018,/Users/aj9225/Local/meta-learning-ecological-priors-from-llms/functionlearning/data/cause-effects/pairs/pair0018.txt,0,0.0,2.20875,density,2938530452
18,6,[10.0],5.9,10.0,5.9,age of child in years,concentration of GAG (the units have been lost),age of child in years,concentration of GAG (the units have been lost),pair0018,/Users/aj9225/Local/meta-learning-ecological-priors-from-llms/functionlearning/data/cause-effects/pairs/pair0018.txt,4,8.835,11.043750000000001,density,2938530452
18,7,[13.4],3.7,13.4,3.7,age of child in years,concentration of GAG (the units have been lost),age of child in years,concentration of GAG (the units have been lost),pair0018,/Users/aj9225/Local/meta-learning-ecological-priors-from-llms/functionlearning/data/cause-effects/pairs/pair0018.txt,6,13.252500000000001,15.461250000000001,coverage,2938530452
18,8,[0.53],15.9,0.53,15.9,age of child in years,concentration of GAG (the units have been lost),age of child in years,concentration of GAG (the units have been lost),pair0018,/Users/aj9225/Local/meta-learning-ecological-priors-from-llms/functionlearning/data/cause-effects/pairs/pair0018.txt,0,0.0,2.20875,density,2938530452
18,9,[4.65],16.9,4.65,16.9,age of child in years,concentration of GAG (the units have been lost),age of child in years,concentration of GAG (the units have been lost),pair0018,/Users/aj9225/Local/meta-learning-ecological-priors-from-llms/functionlearning/data/cause-effects/pairs/pair0018.txt,2,4.4175,6.626250000000001,coverage,2938530452
18,10,[16.01],2.0,16.01,2.0,age of child in years,concentration of GAG (the units have been lost),age of child in years,concentration of GAG (the units have been lost),pair0018,/Users/aj9225/Local/meta-learning-ecological-priors-from-llms/functionlearning/data/cause-effects/pairs/pair0018.txt,7,15.461250000000001,17.67,density,2938530452
18,11,[2.11],16.8,2.11,16.8,age of child in years,concentration of GAG (the units have been lost),age of child in years,concentration of GAG (the units have been lost),pair0018,/Users/aj9225/Local/meta-learning-ecological-priors-from-llms/functionlearning/data/cause-effects/pairs/pair0018.txt,0,0.0,2.20875,coverage,2938530452
18,12,[6.04],5.5,6.04,5.5,age of child in years,concentration of GAG (the units have been lost),age of child in years,concentration of GAG (the units have been lost),pair0018,/Users/aj9225/Local/meta-learning-ecological-priors-from-llms/functionlearning/data/cause-effects/pairs/pair0018.txt,2,4.4175,6.626250000000001,density,2938530452
18,13,[2.87],11.8,2.87,11.8,age of child in years,concentration of GAG (the units have been lost),age of child in years,concentration of GAG (the units have been lost),pair0018,/Users/aj9225/Local/meta-learning-ecological-priors-from-llms/functionlearning/data/cause-effects/pairs/pair0018.txt,1,2.20875,4.4175,density,2938530452
18,14,[10.1],9.9,10.1,9.9,age of child in years,concentration of GAG (the units have been lost),age of child in years,concentration of GAG (the units have been lost),pair0018,/Users/aj9225/Local/meta-learning-ecological-priors-from-llms/functionlearning/data/cause-effects/pairs/pair0018.txt,4,8.835,11.043750000000001,coverage,2938530452
18,15,[0.33],23.8,0.33,23.8,age of child in years,concentration of GAG (the units have been lost),age of child in years,concentration of GAG (the units have been lost),pair0018,/Users/aj9225/Local/meta-learning-ecological-priors-from-llms/functionlearning/data/cause-effects/pairs/pair0018.txt,0,0.0,2.20875,density,2938530452
18,16,[12.88],9.4,12.88,9.4,age of child in years,concentration of GAG (the units have been lost),age of child in years,concentration of GAG (the units have been lost),pair0018,/Users/aj9225/Local/meta-learning-ecological-priors-from-llms/functionlearning/data/cause-effects/pairs/pair0018.txt,5,11.043750000000001,13.252500000000001,coverage,2938530452
18,17,[2.95],11.3,2.95,11.3,age of child in years,concentration of GAG (the units have been lost),age of child in years,concentration of GAG (the units have been lost),pair0018,/Users/aj9225/Local/meta-learning-ecological-priors-from-llms/functionlearning/data/cause-effects/pairs/pair0018.txt,1,2.20875,4.4175,density,2938530452
18,18,[0.03],46.4,0.03,46.4,age of child in years,concentration of GAG (the units have been lost),age of child in years,concentration of GAG (the units have been lost),pair0018,/Users/aj9225/Local/meta-learning-ecological-priors-from-llms/functionlearning/data/cause-effects/pairs/pair0018.txt,0,0.0,2.20875,density,2938530452
18,19,[15.72],9.7,15.72,9.7,age of child in years,concentration of GAG (the units have been lost),age of child in years,concentration of GAG (the units have been lost),pair0018,/Users/aj9225/Local/meta-learning-ecological-priors-from-llms/functionlearning/data/cause-effects/pairs/pair0018.txt,7,15.461250000000001,17.67,coverage,2938530452
18,20,[7.38],6.8,7.38,6.8,age of child in years,concentration of GAG (the units have been lost),age of child in years,concentration of GAG (the units have been lost),pair0018,/Users/aj9225/Local/meta-learning-ecological-priors-from-llms/functionlearning/data/cause-effects/pairs/pair0018.txt,3,6.626250000000001,8.835,density,2938530452
18,21,[5.18],8.6,5.18,8.6,age of child in years,concentration of GAG (the units have been lost),age of child in years,concentration of GAG (the units have been lost),pair0018,/Users/aj9225/Local/meta-learning-ecological-priors-from-llms/functionlearning/data/cause-effects/pairs/pair0018.txt,2,4.4175,6.626250000000001,density,2938530452
18,22,[1.25],16.5,1.25,16.5,age of child in years,concentration of GAG (the units have been lost),age of child in years,concentration of GAG (the units have been lost),pair0018,/Users/aj9225/Local/meta-learning-ecological-priors-from-llms/functionlearning/data/cause-effects/pairs/pair0018.txt,0,0.0,2.20875,density,2938530452
18,23,[15.06],3.2,15.06,3.2,age of child in years,concentration of GAG (the units have been lost),age of child in years,concentration of GAG (the units have been lost),pair0018,/Users/aj9225/Local/meta-learning-ecological-priors-from-llms/functionlearning/data/cause-effects/pairs/pair0018.txt,6,13.252500000000001,15.461250000000001,density,2938530452
19,0,[5.45],83.55,5.45,83.55,duration of erruption in minutes,time to the next erruption in minutes,duration of erruption in minutes,time to the next erruption in minutes,pair0019,/Users/aj9225/Local/meta-learning-ecological-priors-from-llms/functionlearning/data/cause-effects/pairs/pair0019.txt,7,4.8729166625,5.45,density,3853503931
19,1,[2.8666667],54.1333333,2.8666667,54.1333333,duration of erruption in minutes,time to the next erruption in minutes,duration of erruption in minutes,time to the next erruption in minutes,pair0019,/Users/aj9225/Local/meta-learning-ecological-priors-from-llms/functionlearning/data/cause-effects/pairs/pair0019.txt,3,2.5645833125,3.14166665,coverage,3853503931
19,2,[4.6166667],73.3833333,4.6166667,73.3833333,duration of erruption in minutes,time to the next erruption in minutes,duration of erruption in minutes,time to the next erruption in minutes,pair0019,/Users/aj9225/Local/meta-learning-ecological-priors-from-llms/functionlearning/data/cause-effects/pairs/pair0019.txt,6,4.295833325,4.8729166625,density,3853503931
19,3,[1.7666667],47.2333333,1.7666667,47.2333333,duration of erruption in minutes,time to the next erruption in minutes,duration of erruption in minutes,time to the next erruption in minutes,pair0019,/Users/aj9225/Local/meta-learning-ecological-priors-from-llms/functionlearning/data/cause-effects/pairs/pair0019.txt,1,1.4104166375,1.987499975,density,3853503931
19,4,[4.6],75.4,4.6,75.4,duration of erruption in minutes,time to the next erruption in minutes,duration of erruption in minutes,time to the next erruption in minutes,pair0019,/Users/aj9225/Local/meta-learning-ecological-priors-from-llms/functionlearning/data/cause-effects/pairs/pair0019.txt,6,4.295833325,4.8729166625,coverage,3853503931
19,5,[3.7],69.3,3.7,69.3,duration of erruption in minutes,time to the next erruption in minutes,duration of erruption in minutes,time to the next erruption in minutes,pair0019,/Users/aj9225/Local/meta-learning-ecological-priors-from-llms/functionlearning/data/cause-effects/pairs/pair0019.txt,4,3.14166665,3.7187499875,density,3853503931
19,6,[2.4666667],47.5333333,2.4666667,47.5333333,duration of erruption in minutes,time to the next erruption in minutes,duration of erruption in minutes,time to the next erruption in minutes,pair0019,/Users/aj9225/Local/meta-learning-ecological-priors-from-llms/functionlearning/data/cause-effects/pairs/pair0019.txt,2,1.987499975,2.5645833125,density,3853503931
19,7,[1.9333333],47.0666667,1.9333333,47.0666667,duration of erruption in minutes,time to the next erruption in minutes,duration of erruption in minutes,time to the next erruption in minutes,pair0019,/Users/aj9225/Local/meta-learning-ecological-priors-from-llms/functionlearning/data/cause-effects/pairs/pair0019.txt,1,1.4104166375,1.987499975,density,3853503931
19,8,[1.95],51.05,1.95,51.05,duration of erruption in minutes,time to the next erruption in minutes,duration of erruption in minutes,time to the next erruption in minutes,pair0019,/Users/aj9225/Local/meta-learning-ecological-priors-from-llms/functionlearning/data/cause-effects/pairs/pair0019.txt,1,1.4104166375,1.987499975,density,3853503931
19,9,[1.9333333],52.0666667,1.9333333,52.0666667,duration of erruption in minutes,time to the next erruption in minutes,duration of erruption in minutes,time to the next erruption in minutes,pair0019,/Users/aj9225/Local/meta-learning-ecological-priors-from-llms/functionlearning/data/cause-effects/pairs/pair0019.txt,1,1.4104166375,1.987499975,coverage,3853503931
19,10,[4.9666667],78.0333333,4.9666667,78.0333333,duration of erruption in minutes,time to the next erruption in minutes,duration of erruption in minutes,time to the next erruption in minutes,pair0019,/Users/aj9225/Local/meta-learning-ecological-priors-from-llms/functionlearning/data/cause-effects/pairs/pair0019.txt,7,4.8729166625,5.45,coverage,3853503931
19,11,[4.2166667],63.7833333,4.2166667,63.7833333,duration of erruption in minutes,time to the next erruption in minutes,duration of erruption in minutes,time to the next erruption in minutes,pair0019,/Users/aj9225/Local/meta-learning-ecological-priors-from-llms/functionlearning/data/cause-effects/pairs/pair0019.txt,5,3.7187499875,4.295833325,coverage,3853503931
19,12,[2.75],60.25,2.75,60.25,duration of erruption in minutes,time to the next erruption in minutes,duration of erruption in minutes,time to the next erruption in minutes,pair0019,/Users/aj9225/Local/meta-learning-ecological-priors-from-llms/functionlearning/data/cause-effects/pairs/pair0019.txt,3,2.5645833125,3.14166665,density,3853503931
19,13,[4.0833333],80.9166667,4.0833333,80.9166667,duration of erruption in minutes,time to the next erruption in minutes,duration of erruption in minutes,time to the next erruption in minutes,pair0019,/Users/aj9225/Local/meta-learning-ecological-priors-from-llms/functionlearning/data/cause-effects/pairs/pair0019.txt,5,3.7187499875,4.295833325,density,3853503931
19,14,[4.15],75.85,4.15,75.85,duration of erruption in minutes,time to the next erruption in minutes,duration of erruption in minutes,time to the next erruption in minutes,pair0019,/Users/aj9225/Local/meta-learning-ecological-priors-from-llms/functionlearning/data/cause-effects/pairs/pair0019.txt,5,3.7187499875,4.295833325,density,3853503931
19,15,[4.3833333],81.6166667,4.3833333,81.6166667,duration of erruption in minutes,time to the next erruption in minutes,duration of erruption in minutes,time to the next erruption in minutes,pair0019,/Users/aj9225/Local/meta-learning-ecological-priors-from-llms/functionlearning/data/cause-effects/pairs/pair0019.txt,6,4.295833325,4.8729166625,density,3853503931
19,16,[2.1833333],57.8166667,2.1833333,57.8166667,duration of erruption in minutes,time to the next erruption in minutes,duration of erruption in minutes,time to the next erruption in minutes,pair0019,/Users/aj9225/Local/meta-learning-ecological-priors-from-llms/functionlearning/data/cause-effects/pairs/pair0019.txt,2,1.987499975,2.5645833125,coverage,3853503931
19,17,[0.8333333],48.1666667,0.8333333,48.1666667,duration of erruption in minutes,time to the next erruption in minutes,duration of erruption in minutes,time to the next erruption in minutes,pair0019,/Users/aj9225/Local/meta-learning-ecological-priors-from-llms/functionlearning/data/cause-effects/pairs/pair0019.txt,0,0.8333333,1.4104166375,coverage,3853503931
19,18,[4.0166667],66.9833333,4.0166667,66.9833333,duration of erruption in minutes,time to the next erruption in minutes,duration of erruption in minutes,time to the next erruption in minutes,pair0019,/Users/aj9225/Local/meta-learning-ecological-priors-from-llms/functionlearning/data/cause-effects/pairs/pair0019.txt,5,3.7187499875,4.295833325,density,3853503931
19,19,[4.4666667],75.5333333,4.4666667,75.5333333,duration of erruption in minutes,time to the next erruption in minutes,duration of erruption in minutes,time to the next erruption in minutes,pair0019,/Users/aj9225/Local/meta-learning-ecological-priors-from-llms/functionlearning/data/cause-effects/pairs/pair0019.txt,6,4.295833325,4.8729166625,density,3853503931
19,20,[4.4666667],70.5333333,4.4666667,70.5333333,duration of erruption in minutes,time to the next erruption in minutes,duration of erruption in minutes,time to the next erruption in minutes,pair0019,/Users/aj9225/Local/meta-learning-ecological-priors-from-llms/functionlearning/data/cause-effects/pairs/pair0019.txt,6,4.295833325,4.8729166625,density,3853503931
19,21,[3.7166667],70.2833333,3.7166667,70.2833333,duration of erruption in minutes,time to the next erruption in minutes,duration of erruption in minutes,time to the next erruption in minutes,pair0019,/Users/aj9225/Local/meta-learning-ecological-priors-from-llms/functionlearning/data/cause-effects/pairs/pair0019.txt,4,3.14166665,3.7187499875,coverage,3853503931
19,22,[4.6],67.4,4.6,67.4,duration of erruption in minutes,time to the next erruption in minutes,duration of erruption in minutes,time to the next erruption in minutes,pair0019,/Users/aj9225/Local/meta-learning-ecological-priors-from-llms/functionlearning/data/cause-effects/pairs/pair0019.txt,6,4.295833325,4.8729166625,density,3853503931
19,23,[1.8333333],48.1666667,1.8333333,48.1666667,duration of erruption in minutes,time to the next erruption in minutes,duration of erruption in minutes,time to the next erruption in minutes,pair0019,/Users/aj9225/Local/meta-learning-ecological-priors-from-llms/functionlearning/data/cause-effects/pairs/pair0019.txt,1,1.4104166375,1.987499975,density,3853503931
23,0,[28.0],52.0,28.0,52.0,age,weight,age,weight,pair0023,/Users/aj9225/Local/meta-learning-ecological-priors-from-llms/functionlearning/data/cause-effects/pairs/pair0023.txt,2,20.75,31.125,coverage,2483747169
23,1,[30.0],73.0,30.0,73.0,age,weight,age,weight,pair0023,/Users/aj9225/Local/meta-learning-ecological-priors-from-llms/functionlearning/data/cause-effects/pairs/pair0023.txt,2,20.75,31.125,density,2483747169
23,2,[53.0],79.0,53.0,79.0,age,weight,age,weight,pair0023,/Users/aj9225/Local/meta-learning-ecological-priors-from-llms/functionlearning/data/cause-effects/pairs/pair0023.txt,5,51.875,62.25,density,2483747169
23,3,[37.0],52.0,37.0,52.0,age,weight,age,weight,pair0023,/Users/aj9225/Local/meta-learning-ecological-priors-from-llms/functionlearning/data/cause-effects/pairs/pair0023.txt,3,31.125,41.5,density,2483747169
23,4,[67.0],67.0,67.0,67.0,age,weight,age,weight,pair0023,/Users/aj9225/Local/meta-learning-ecological-priors-from-llms/functionlearning/data/cause-effects/pairs/pair0023.txt,6,62.25,72.625,density,2483747169
23,5,[44.0],89.0,44.0,89.0,age,weight,age,weight,pair0023,/Users/aj9225/Local/meta-learning-ecological-priors-from-llms/functionlearning/data/cause-effects/pairs/pair0023.txt,4,41.5,51.875,density,2483747169
23,6,[72.0],74.0,72.0,74.0,age,weight,age,weight,pair0023,/Users/aj9225/Local/meta-learning-ecological-priors-from-llms/functionlearning/data/cause-effects/pairs/pair0023.txt,6,62.25,72.625,coverage,2483747169
23,7,[45.0],73.0,45.0,73.0,age,weight,age,weight,pair0023,/Users/aj9225/Local/meta-learning-ecological-priors-from-llms/functionlearning/data/cause-effects/pairs/pair0023.txt,4,41.5,51.875,density,2483747169
23,8,[51.0],95.0,51.0,95.0,age,weight,age,weight,pair0023,/Users/aj9225/Local/meta-learning-ecological-priors-from-llms/functionlearning/data/cause-effects/pairs/pair0023.txt,4,41.5,51.875,density,2483747169
23,9,[61.0],78.0,61.0,78.0,age,weight,age,weight,pair0023,/Users/aj9225/Local/meta-learning-ecological-priors-from-llms/functionlearning/data/cause-effects/pairs/pair0023.txt,5,51.875,62.25,coverage,2483747169
23,10,[15.0],53.0,15.0,53.0,age,weight,age,weight,pair0023,/Users/aj9225/Local/meta-learning-ecological-priors-from-llms/functionlearning/data/cause-effects/pairs/pair0023.txt,1,10.375,20.75,coverage,2483747169
23,11,[75.0],74.0,75.0,74.0,age,weight,age,weight,pair0023,/Users/aj9225/Local/meta-learning-ecological-priors-from-llms/functionlearning/data/cause-effects/pairs/pair0023.txt,7,72.625,83.0,coverage,2483747169
23,12,[37.0],72.0,37.0,72.0,age,weight,age,weight,pair0023,/Users/aj9225/Local/meta-learning-ecological-priors-from-llms/functionlearning/data/cause-effects/pairs/pair0023.txt,3,31.125,41.5,density,2483747169
23,13,[44.0],60.0,44.0,60.0,age,weight,age,weight,pair0023,/Users/aj9225/Local/meta-learning-ecological-priors-from-llms/functionlearning/data/cause-effects/pairs/pair0023.txt,4,41.5,51.875,density,2483747169
23,14,[8.0],24.0,8.0,24.0,age,weight,age,weight,pair0023,/Users/aj9225/Local/meta-learning-ecological-priors-from-llms/functionlearning/data/cause-effects/pairs/pair0023.txt,0,0.0,10.375,coverage,2483747169
23,15,[74.0],67.0,74.0,67.0,age,weight,age,weight,pair0023,/Users/aj9225/Local/meta-learning-ecological-priors-from-llms/functionlearning/data/cause-effects/pairs/pair0023.txt,7,72.625,83.0,density,2483747169
23,16,[20.0],66.0,20.0,66.0,age,weight,age,weight,pair0023,/Users/aj9225/Local/meta-learning-ecological-priors-from-llms/functionlearning/data/cause-effects/pairs/pair0023.txt,1,10.375,20.75,density,2483747169
23,17,[57.0],81.0,57.0,81.0,age,weight,age,weight,pair0023,/Users/aj9225/Local/meta-learning-ecological-priors-from-llms/functionlearning/data/cause-effects/pairs/pair0023.txt,5,51.875,62.25,density,2483747169
23,18,[40.0],52.0,40.0,52.0,age,weight,age,weight,pair0023,/Users/aj9225/Local/meta-learning-ecological-priors-from-llms/functionlearning/data/cause-effects/pairs/pair0023.txt,3,31.125,41.5,coverage,2483747169
23,19,[57.0],64.0,57.0,64.0,age,weight,age,weight,pair0023,/Users/aj9225/Local/meta-learning-ecological-priors-from-llms/functionlearning/data/cause-effects/pairs/pair0023.txt,5,51.875,62.25,density,2483747169
23,20,[66.0],60.0,66.0,60.0,age,weight,age,weight,pair0023,/Users/aj9225/Local/meta-learning-ecological-priors-from-llms/functionlearning/data/cause-effects/pairs/pair0023.txt,6,62.25,72.625,density,2483747169
23,21,[49.0],54.0,49.0,54.0,age,weight,age,weight,pair0023,/Users/aj9225/Local/meta-learning-ecological-priors-from-llms/functionlearning/data/cause-effects/pairs/pair0023.txt,4,41.5,51.875,coverage,2483747169
23,22,[28.0],56.0,28.0,56.0,age,weight,age,weight,pair0023,/Users/aj9225/Local/meta-learning-ecological-priors-from-llms/functionlearning/data/cause-effects/pairs/pair0023.txt,2,20.75,31.125,density,2483747169
23,23,[37.0],62.0,37.0,62.0,age,weight,age,weight,pair0023,/Users/aj9225/Local/meta-learning-ecological-priors-from-llms/functionlearning/data/cause-effects/pairs/pair0023.txt,3,31.125,41.5,density,2483747169
42,0,[60.0],-2.1,60.0,-2.1,days of the year,"mean daily temperature of Furtwangen (Schwarzwald), Germany",days of the year,"mean daily temperature of Furtwangen (Schwarzwald), Germany",pair0042,/Users/aj9225/Local/meta-learning-ecological-priors-from-llms/functionlearning/data/cause-effects/pairs/pair0042.txt,1,46.625,92.25,coverage,3331544670
42,1,[141.0],-0.5,141.0,-0.5,days of the year,"mean daily temperature of Furtwangen (Schwarzwald), Germany",days of the year,"mean daily temperature of Furtwangen (Schwarzwald), Germany",pair0042,/Users/aj9225/Local/meta-learning-ecological-priors-from-llms/functionlearning/data/cause-effects/pairs/pair0042.txt,3,137.875,183.5,density,3331544670
42,2,[14.0],0.9,14.0,0.9,days of the year,"mean daily temperature of Furtwangen (Schwarzwald), Germany",days of the year,"mean daily temperature of Furtwangen (Schwarzwald), Germany",pair0042,/Users/aj9225/Local/meta-learning-ecological-priors-from-llms/functionlearning/data/cause-effects/pairs/pair0042.txt,0,1.0,46.625,density,3331544670
42,3,[161.0],22.4,161.0,22.4,days of the year,"mean daily temperature of Furtwangen (Schwarzwald), Germany",days of the year,"mean daily temperature of Furtwangen (Schwarzwald), Germany",pair0042,/Users/aj9225/Local/meta-learning-ecological-priors-from-llms/functionlearning/data/cause-effects/pairs/pair0042.txt,3,137.875,183.5,coverage,3331544670
42,4,[256.0],11.1,256.0,11.1,days of the year,"mean daily temperature of Furtwangen (Schwarzwald), Germany",days of the year,"mean daily temperature of Furtwangen (Schwarzwald), Germany",pair0042,/Users/aj9225/Local/meta-learning-ecological-priors-from-llms/functionlearning/data/cause-effects/pairs/pair0042.txt,5,229.125,274.75,coverage,3331544670
42,5,[50.0],-5.3,50.0,-5.3,days of the year,"mean daily temperature of Furtwangen (Schwarzwald), Germany",days of the year,"mean daily temperature of Furtwangen (Schwarzwald), Germany",pair0042,/Users/aj9225/Local/meta-learning-ecological-priors-from-llms/functionlearning/data/cause-effects/pairs/pair0042.txt,1,46.625,92.25,density,3331544670
42,6,[165.0],17.4,165.0,17.4,days of the year,"mean daily temperature of Furtwangen (Schwarzwald), Germany",days of the year,"mean daily temperature of Furtwangen (Schwarzwald), Germany",pair0042,/Users/aj9225/Local/meta-learning-ecological-priors-from-llms/functionlearning/data/cause-effects/pairs/pair0042.txt,3,137.875,183.5,density,3331544670
42,7,[283.0],9.0,283.0,9.0,days of the year,"mean daily temperature of Furtwangen (Schwarzwald), Germany",days of the year,"mean daily temperature of Furtwangen (Schwarzwald), Germany",pair0042,/Users/aj9225/Local/meta-learning-ecological-priors-from-llms/functionlearning/data/cause-effects/pairs/pair0042.txt,6,274.75,320.375,coverage,3331544670
42,8,[116.0],4.8,116.0,4.8,days of the year,"mean daily temperature of Furtwangen (Schwarzwald), Germany",days of the year,"mean daily temperature of Furtwangen (Schwarzwald), Germany",pair0042,/Users/aj9225/Local/meta-learning-ecological-priors-from-llms/functionlearning/data/cause-effects/pairs/pair0042.txt,2,92.25,137.875,density,3331544670
42,9,[1.0],-5.4,1.0,-5.4,days of the year,"mean daily temperature of Furtwangen (Schwarzwald), Germany",days of the year,"mean daily temperature of Furtwangen (Schwarzwald), Germany",pair0042,/Users/aj9225/Local/meta-learning-ecological-priors-from-llms/functionlearning/data/cause-effects/pairs/pair0042.txt,0,1.0,46.625,density,3331544670
42,10,[225.0],17.9,225.0,17.9,days of the year,"mean daily temperature of Furtwangen (Schwarzwald), Germany",days of the year,"mean daily temperature of Furtwangen (Schwarzwald), Germany",pair0042,/Users/aj9225/Local/meta-learning-ecological-priors-from-llms/functionlearning/data/cause-effects/pairs/pair0042.txt,4,183.5,229.125,density,3331544670
42,11,[298.0],5.6,298.0,5.6,days of the year,"mean daily temperature of Furtwangen (Schwarzwald), Germany",days of the year,"mean daily temperature of Furtwangen (Schwarzwald), Germany",pair0042,/Users/aj9225/Local/meta-learning-ecological-priors-from-llms/functionlearning/data/cause-effects/pairs/pair0042.txt,6,274.75,320.375,density,3331544670
42,12,[348.0],0.0,348.0,0.0,days of the year,"mean daily temperature of Furtwangen (Schwarzwald), Germany",days of the year,"mean daily temperature of Furtwangen (Schwarzwald), Germany",pair0042,/Users/aj9225/Local/meta-learning-ecological-priors-from-llms/functionlearning/data/cause-effects/pairs/pair0042.txt,7,320.375,366.0,coverage,3331544670
42,13,[77.0],0.5,77.0,0.5,days of the year,"mean daily temperature of Furtwangen (Schwarzwald), Germany",days of the year,"mean daily temperature of Furtwangen (Schwarzwald), Germany",pair0042,/Users/aj9225/Local/meta-learning-ecological-priors-from-llms/functionlearning/data/cause-effects/pairs/pair0042.txt,1,46.625,92.25,density,3331544670
42,14,[349.0],-4.5,349.0,-4.5,days of the year,"mean daily temperature of Furtwangen (Schwarzwald), Germany",days of the year,"mean daily temperature of Furtwangen (Schwarzwald), Germany",pair0042,/Users/aj9225/Local/meta-learning-ecological-priors-from-llms/functionlearning/data/cause-effects/pairs/pair0042.txt,7,320.375,366.0,density,3331544670
42,15,[288.0],5.5,288.0,5.5,days of the year,"mean daily temperature of Furtwangen (Schwarzwald), Germany",days of the year,"mean daily temperature of Furtwangen (Schwarzwald), Germany",pair0042,/Users/aj9225/Local/meta-learning-ecological-priors-from-llms/functionlearning/data/cause-effects/pairs/pair0042.txt,6,274.75,320.375,density,3331544670
42,16,[335.0],-0.8,335.0,-0.8,days of the year,"mean daily temperature of Furtwangen (Schwarzwald), Germany",days of the year,"mean daily temperature of Furtwangen (Schwarzwald), Germany",pair0042,/Users/aj9225/Local/meta-learning-ecological-priors-from-llms/functionlearning/data/cause-effects/pairs/pair0042.txt,7,320.375,366.0,density,3331544670
42,17,[109.0],0.8,109.0,0.8,days of the year,"mean daily temperature of Furtwangen (Schwarzwald), Germany",days of the year,"mean daily temperature of Furtwangen (Schwarzwald), Germany",pair0042,/Users/aj9225/Local/meta-learning-ecological-priors-from-llms/functionlearning/data/cause-effects/pairs/pair0042.txt,2,92.25,137.875,density,3331544670
42,18,[259.0],8.8,259.0,8.8,days of the year,"mean daily temperature of Furtwangen (Schwarzwald), Germany",days of the year,"mean daily temperature of Furtwangen (Schwarzwald), Germany",pair0042,/Users/aj9225/Local/meta-learning-ecological-priors-from-llms/functionlearning/data/cause-effects/pairs/pair0042.txt,5,229.125,274.75,density,3331544670
42,19,[112.0],2.5,112.0,2.5,days of the year,"mean daily temperature of Furtwangen (Schwarzwald), Germany",days of the year,"mean daily temperature of Furtwangen (Schwarzwald), Germany",pair0042,/Users/aj9225/Local/meta-learning-ecological-priors-from-llms/functionlearning/data/cause-effects/pairs/pair0042.txt,2,92.25,137.875,coverage,3331544670
42,20,[45.0],-7.8,45.0,-7.8,days of the year,"mean daily temperature of Furtwangen (Schwarzwald), Germany",days of the year,"mean daily temperature of Furtwangen (Schwarzwald), Germany",pair0042,/Users/aj9225/Local/meta-learning-ecological-priors-from-llms/functionlearning/data/cause-effects/pairs/pair0042.txt,0,1.0,46.625,coverage,3331544670
42,21,[227.0],13.5,227.0,13.5,days of the year,"mean daily temperature of Furtwangen (Schwarzwald), Germany",days of the year,"mean daily temperature of Furtwangen (Schwarzwald), Germany",pair0042,/Users/aj9225/Local/meta-learning-ecological-priors-from-llms/functionlearning/data/cause-effects/pairs/pair0042.txt,4,183.5,229.125,density,3331544670
42,22,[236.0],14.6,236.0,14.6,days of the year,"mean daily temperature of Furtwangen (Schwarzwald), Germany",days of the year,"mean daily temperature of Furtwangen (Schwarzwald), Germany",pair0042,/Users/aj9225/Local/meta-learning-ecological-priors-from-llms/functionlearning/data/cause-effects/pairs/pair0042.txt,5,229.125,274.75,density,3331544670
42,23,[186.0],14.5,186.0,14.5,days of the year,"mean daily temperature of Furtwangen (Schwarzwald), Germany",days of the year,"mean daily temperature of Furtwangen (Schwarzwald), Germany",pair0042,/Users/aj9225/Local/meta-learning-ecological-priors-from-llms/functionlearning/data/cause-effects/pairs/pair0042.txt,4,183.5,229.125,coverage,3331544670
43,0,[269.37],270.2,269.37,270.2,"year 2000, day 50","year 2000, day 51","year 2000, day 50","year 2000, day 51",pair0043,/Users/aj9225/Local/meta-learning-ecological-priors-from-llms/functionlearning/data/cause-effects/pairs/pair0043.txt,4,265.29499999999996,275.72625,density,3580503873
43,1,[262.37],261.72,262.37,261.72,"year 2000, day 50","year 2000, day 51","year 2000, day 50","year 2000, day 51",pair0043,/Users/aj9225/Local/meta-learning-ecological-priors-from-llms/functionlearning/data/cause-effects/pairs/pair0043.txt,3,254.86374999999998,265.29499999999996,density,3580503873
43,2,[300.05],300.45,300.05,300.45,"year 2000, day 50","year 2000, day 51","year 2000, day 50","year 2000, day 51",pair0043,/Users/aj9225/Local/meta-learning-ecological-priors-from-llms/functionlearning/data/cause-effects/pairs/pair0043.txt,7,296.58875,307.02,density,3580503873
43,3,[271.67],270.55,271.67,270.55,"year 2000, day 50","year 2000, day 51","year 2000, day 50","year 2000, day 51",pair0043,/Users/aj9225/Local/meta-learning-ecological-priors-from-llms/functionlearning/data/cause-effects/pairs/pair0043.txt,4,265.29499999999996,275.72625,coverage,3580503873
43,4,[276.42],276.22,276.42,276.22,"year 2000, day 50","year 2000, day 51","year 2000, day 50","year 2000, day 51",pair0043,/Users/aj9225/Local/meta-learning-ecological-priors-from-llms/functionlearning/data/cause-effects/pairs/pair0043.txt,5,275.72625,286.15749999999997,density,3580503873
43,5,[296.27],296.97,296.27,296.97,"year 2000, day 50","year 2000, day 51","year 2000, day 50","year 2000, day 51",pair0043,/Users/aj9225/Local/meta-learning-ecological-priors-from-llms/functionlearning/data/cause-effects/pairs/pair0043.txt,6,286.15749999999997,296.58875,density,3580503873
43,6,[292.07],292.07,292.07,292.07,"year 2000, day 50","year 2000, day 51","year 2000, day 50","year 2000, day 51",pair0043,/Users/aj9225/Local/meta-learning-ecological-priors-from-llms/functionlearning/data/cause-effects/pairs/pair0043.txt,6,286.15749999999997,296.58875,density,3580503873
43,7,[297.87],297.95,297.87,297.95,"year 2000, day 50","year 2000, day 51","year 2000, day 50","year 2000, day 51",pair0043,/Users/aj9225/Local/meta-learning-ecological-priors-from-llms/functionlearning/data/cause-effects/pairs/pair0043.txt,7,296.58875,307.02,coverage,3580503873
43,8,[290.72],291.17,290.72,291.17,"year 2000, day 50","year 2000, day 51","year 2000, day 50","year 2000, day 51",pair0043,/Users/aj9225/Local/meta-learning-ecological-priors-from-llms/functionlearning/data/cause-effects/pairs/pair0043.txt,6,286.15749999999997,296.58875,coverage,3580503873
43,9,[262.24],266.39,262.24,266.39,"year 2000, day 50","year 2000, day 51","year 2000, day 50","year 2000, day 51",pair0043,/Users/aj9225/Local/meta-learning-ecological-priors-from-llms/functionlearning/data/cause-effects/pairs/pair0043.txt,3,254.86374999999998,265.29499999999996,coverage,3580503873
43,10,[246.95],247.75,246.95,247.75,"year 2000, day 50","year 2000, day 51","year 2000, day 50","year 2000, day 51",pair0043,/Users/aj9225/Local/meta-learning-ecological-priors-from-llms/functionlearning/data/cause-effects/pairs/pair0043.txt,2,244.4325,254.86374999999998,density,3580503873
43,11,[275.5],276.35,275.5,276.35,"year 2000, day 50","year 2000, day 51","year 2000, day 50","year 2000, day 51",pair0043,/Users/aj9225/Local/meta-learning-ecological-priors-from-llms/functionlearning/data/cause-effects/pairs/pair0043.txt,4,265.29499999999996,275.72625,density,3580503873
43,12,[298.05],297.3,298.05,297.3,"year 2000, day 50","year 2000, day 51","year 2000, day 50","year 2000, day 51",pair0043,/Users/aj9225/Local/meta-learning-ecological-priors-from-llms/functionlearning/data/cause-effects/pairs/pair0043.txt,7,296.58875,307.02,density,3580503873
43,13,[246.6],243.55,246.6,243.55,"year 2000, day 50","year 2000, day 51","year 2000, day 50","year 2000, day 51",pair0043,/Users/aj9225/Local/meta-learning-ecological-priors-from-llms/functionlearning/data/cause-effects/pairs/pair0043.txt,2,244.4325,254.86374999999998,density,3580503873
43,14,[297.57],295.99,297.57,295.99,"year 2000, day 50","year 2000, day 51","year 2000, day 50","year 2000, day 51",pair0043,/Users/aj9225/Local/meta-learning-ecological-priors-from-llms/functionlearning/data/cause-effects/pairs/pair0043.txt,7,296.58875,307.02,density,3580503873
43,15,[285.82],286.47,285.82,286.47,"year 2000, day 50","year 2000, day 51","year 2000, day 50","year 2000, day 51",pair0043,/Users/aj9225/Local/meta-learning-ecological-priors-from-llms/functionlearning/data/cause-effects/pairs/pair0043.txt,5,275.72625,286.15749999999997,density,3580503873
43,16,[285.64],284.6,285.64,284.6,"year 2000, day 50","year 2000, day 51","year 2000, day 50","year 2000, day 51",pair0043,/Users/aj9225/Local/meta-learning-ecological-priors-from-llms/functionlearning/data/cause-effects/pairs/pair0043.txt,5,275.72625,286.15749999999997,coverage,3580503873
43,17,[287.6],286.02,287.6,286.02,"year 2000, day 50","year 2000, day 51","year 2000, day 50","year 2000, day 51",pair0043,/Users/aj9225/Local/meta-learning-ecological-priors-from-llms/functionlearning/data/cause-effects/pairs/pair0043.txt,6,286.15749999999997,296.58875,density,3580503873
43,18,[231.42],235.07,231.42,235.07,"year 2000, day 50","year 2000, day 51","year 2000, day 50","year 2000, day 51",pair0043,/Users/aj9225/Local/meta-learning-ecological-priors-from-llms/functionlearning/data/cause-effects/pairs/pair0043.txt,0,223.57,234.00125,coverage,3580503873
43,19,[243.28],238.15,243.28,238.15,"year 2000, day 50","year 2000, day 51","year 2000, day 50","year 2000, day 51",pair0043,/Users/aj9225/Local/meta-learning-ecological-priors-from-llms/functionlearning/data/cause-effects/pairs/pair0043.txt,1,234.00125,244.4325,coverage,3580503873
43,20,[243.1],242.82,243.1,242.82,"year 2000, day 50","year 2000, day 51","year 2000, day 50","year 2000, day 51",pair0043,/Users/aj9225/Local/meta-learning-ecological-priors-from-llms/functionlearning/data/cause-effects/pairs/pair0043.txt,1,234.00125,244.4325,density,3580503873
43,21,[230.35],228.78,230.35,228.78,"year 2000, day 50","year 2000, day 51","year 2000, day 50","year 2000, day 51",pair0043,/Users/aj9225/Local/meta-learning-ecological-priors-from-llms/functionlearning/data/cause-effects/pairs/pair0043.txt,0,223.57,234.00125,density,3580503873
43,22,[250.0],247.9,250.0,247.9,"year 2000, day 50","year 2000, day 51","year 2000, day 50","year 2000, day 51",pair0043,/Users/aj9225/Local/meta-learning-ecological-priors-from-llms/functionlearning/data/cause-effects/pairs/pair0043.txt,2,244.4325,254.86374999999998,coverage,3580503873
43,23,[299.35],299.77,299.35,299.77,"year 2000, day 50","year 2000, day 51","year 2000, day 50","year 2000, day 51",pair0043,/Users/aj9225/Local/meta-learning-ecological-priors-from-llms/functionlearning/data/cause-effects/pairs/pair0043.txt,7,296.58875,307.02,density,3580503873
44,0,[100320.0],99650.0,100320.0,99650.0,"year 2000, day 50","year 2000, day 51","year 2000, day 50","year 2000, day 51",pair0044,/Users/aj9225/Local/meta-learning-ecological-priors-from-llms/functionlearning/data/cause-effects/pairs/pair0044.txt,6,93765.0,101147.5,coverage,967257514
44,1,[80480.0],80110.0,80480.0,80110.0,"year 2000, day 50","year 2000, day 51","year 2000, day 50","year 2000, day 51",pair0044,/Users/aj9225/Local/meta-learning-ecological-priors-from-llms/functionlearning/data/cause-effects/pairs/pair0044.txt,4,79000.0,86382.5,coverage,967257514
44,2,[91030.0],91000.0,91030.0,91000.0,"year 2000, day 50","year 2000, day 51","year 2000, day 50","year 2000, day 51",pair0044,/Users/aj9225/Local/meta-learning-ecological-priors-from-llms/functionlearning/data/cause-effects/pairs/pair0044.txt,5,86382.5,93765.0,density,967257514
44,3,[71900.0],71880.0,71900.0,71880.0,"year 2000, day 50","year 2000, day 51","year 2000, day 50","year 2000, day 51",pair0044,/Users/aj9225/Local/meta-learning-ecological-priors-from-llms/functionlearning/data/cause-effects/pairs/pair0044.txt,3,71617.5,79000.0,coverage,967257514
44,4,[101610.0],99670.0,101610.0,99670.0,"year 2000, day 50","year 2000, day 51","year 2000, day 50","year 2000, day 51",pair0044,/Users/aj9225/Local/meta-learning-ecological-priors-from-llms/functionlearning/data/cause-effects/pairs/pair0044.txt,7,101147.5,108530.0,density,967257514
44,5,[100920.0],100600.0,100920.0,100600.0,"year 2000, day 50","year 2000, day 51","year 2000, day 50","year 2000, day 51",pair0044,/Users/aj9225/Local/meta-learning-ecological-priors-from-llms/functionlearning/data/cause-effects/pairs/pair0044.txt,6,93765.0,101147.5,density,967257514
44,6,[83130.0],83110.0,83130.0,83110.0,"year 2000, day 50","year 2000, day 51","year 2000, day 50","year 2000, day 51",pair0044,/Users/aj9225/Local/meta-learning-ecological-priors-from-llms/functionlearning/data/cause-effects/pairs/pair0044.txt,4,79000.0,86382.5,density,967257514
44,7,[65270.0],64960.0,65270.0,64960.0,"year 2000, day 50","year 2000, day 51","year 2000, day 50","year 2000, day 51",pair0044,/Users/aj9225/Local/meta-learning-ecological-priors-from-llms/functionlearning/data/cause-effects/pairs/pair0044.txt,2,64235.0,71617.5,coverage,967257514
44,8,[94130.0],94170.0,94130.0,94170.0,"year 2000, day 50","year 2000, day 51","year 2000, day 50","year 2000, day 51",pair0044,/Users/aj9225/Local/meta-learning-ecological-priors-from-llms/functionlearning/data/cause-effects/pairs/pair0044.txt,6,93765.0,101147.5,density,967257514
44,9,[101080.0],101170.0,101080.0,101170.0,"year 2000, day 50","year 2000, day 51","year 2000, day 50","year 2000, day 51",pair0044,/Users/aj9225/Local/meta-learning-ecological-priors-from-llms/functionlearning/data/cause-effects/pairs/pair0044.txt,6,93765.0,101147.5,density,967257514
44,10,[61960.0],61990.0,61960.0,61990.0,"year 2000, day 50","year 2000, day 51","year 2000, day 50","year 2000, day 51",pair0044,/Users/aj9225/Local/meta-learning-ecological-priors-from-llms/functionlearning/data/cause-effects/pairs/pair0044.txt,1,56852.5,64235.0,coverage,967257514
44,11,[99750.0],99430.0,99750.0,99430.0,"year 2000, day 50","year 2000, day 51","year 2000, day 50","year 2000, day 51",pair0044,/Users/aj9225/Local/meta-learning-ecological-priors-from-llms/functionlearning/data/cause-effects/pairs/pair0044.txt,6,93765.0,101147.5,density,967257514
44,12,[101320.0],101200.0,101320.0,101200.0,"year 2000, day 50","year 2000, day 51","year 2000, day 50","year 2000, day 51",pair0044,/Users/aj9225/Local/meta-learning-ecological-priors-from-llms/functionlearning/data/cause-effects/pairs/pair0044.txt,7,101147.5,108530.0,density,967257514
44,13,[101730.0],100430.0,101730.0,100430.0,"year 2000, day 50","year 2000, day 51","year 2000, day 50","year 2000, day 51",pair0044,/Users/aj9225/Local/meta-learning-ecological-priors-from-llms/functionlearning/data/cause-effects/pairs/pair0044.txt,7,101147.5,108530.0,density,967257514
44,14,[65140.0],64830.0,65140.0,64830.0,"year 2000, day 50","year 2000, day 51","year 2000, day 50","year 2000, day 51",pair0044,/Users/aj9225/Local/meta-learning-ecological-priors-from-llms/functionlearning/data/cause-effects/pairs/pair0044.txt,2,64235.0,71617.5,density,967257514
44,15,[101080.0],101150.0,101080.0,101150.0,"year 2000, day 50","year 2000, day 51","year 2000, day 50","year 2000, day 51",pair0044,/Users/aj9225/Local/meta-learning-ecological-priors-from-llms/functionlearning/data/cause-effects/pairs/pair0044.txt,6,93765.0,101147.5,density,967257514
44,16,[101580.0],100740.0,101580.0,100740.0,"year 2000, day 50","year 2000, day 51","year 2000, day 50","year 2000, day 51",pair0044,/Users/aj9225/Local/meta-learning-ecological-priors-from-llms/functionlearning/data/cause-effects/pairs/pair0044.txt,7,101147.5,108530.0,coverage,967257514
44,17,[102450.0],102600.0,102450.0,102600.0,"year 2000, day 50","year 2000, day 51","year 2000, day 50","year 2000, day 51",pair0044,/Users/aj9225/Local/meta-learning-ecological-priors-from-llms/functionlearning/data/cause-effects/pairs/pair0044.txt,7,101147.5,108530.0,density,967257514
44,18,[97180.0],97500.0,97180.0,97500.0,"year 2000, day 50","year 2000, day 51","year 2000, day 50","year 2000, day 51",pair0044,/Users/aj9225/Local/meta-learning-ecological-priors-from-llms/functionlearning/data/cause-effects/pairs/pair0044.txt,6,93765.0,101147.5,density,967257514
44,19,[91490.0],91500.0,91490.0,91500.0,"year 2000, day 50","year 2000, day 51","year 2000, day 50","year 2000, day 51",pair0044,/Users/aj9225/Local/meta-learning-ecological-priors-from-llms/functionlearning/data/cause-effects/pairs/pair0044.txt,5,86382.5,93765.0,coverage,967257514
44,20,[101790.0],101290.0,101790.0,101290.0,"year 2000, day 50","year 2000, day 51","year 2000, day 50","year 2000, day 51",pair0044,/Users/aj9225/Local/meta-learning-ecological-priors-from-llms/functionlearning/data/cause-effects/pairs/pair0044.txt,7,101147.5,108530.0,density,967257514
44,21,[97810.0],98490.0,97810.0,98490.0,"year 2000, day 50","year 2000, day 51","year 2000, day 50","year 2000, day 51",pair0044,/Users/aj9225/Local/meta-learning-ecological-priors-from-llms/functionlearning/data/cause-effects/pairs/pair0044.txt,6,93765.0,101147.5,density,967257514
44,22,[102830.0],102420.0,102830.0,102420.0,"year 2000, day 50","year 2000, day 51","year 2000, day 50","year 2000, day 51",pair0044,/Users/aj9225/Local/meta-learning-ecological-priors-from-llms/functionlearning/data/cause-effects/pairs/pair0044.txt,7,101147.5,108530.0,density,967257514
44,23,[54350.0],54370.0,54350.0,54370.0,"year 2000, day 50","year 2000, day 51","year 2000, day 50","year 2000, day 51",pair0044,/Users/aj9225/Local/meta-learning-ecological-priors-from-llms/functionlearning/data/cause-effects/pairs/pair0044.txt,0,49470.0,56852.5,coverage,967257514
45,0,[97952.0],98600.0,97952.0,98600.0,"year 2000, day 50","year 2000, day 51","year 2000, day 50","year 2000, day 51",pair0045,/Users/aj9225/Local/meta-learning-ecological-priors-from-llms/functionlearning/data/cause-effects/pairs/pair0045.txt,1,97405.875,98346.75,coverage,238506308
45,1,[100850.0],100890.0,100850.0,100890.0,"year 2000, day 50","year 2000, day 51","year 2000, day 50","year 2000, day 51",pair0045,/Users/aj9225/Local/meta-learning-ecological-priors-from-llms/functionlearning/data/cause-effects/pairs/pair0045.txt,4,100228.5,101169.375,density,238506308
45,2,[101087.0],100300.0,101087.0,100300.0,"year 2000, day 50","year 2000, day 51","year 2000, day 50","year 2000, day 51",pair0045,/Users/aj9225/Local/meta-learning-ecological-priors-from-llms/functionlearning/data/cause-effects/pairs/pair0045.txt,4,100228.5,101169.375,density,238506308
45,3,[102157.0],102302.0,102157.0,102302.0,"year 2000, day 50","year 2000, day 51","year 2000, day 50","year 2000, day 51",pair0045,/Users/aj9225/Local/meta-learning-ecological-priors-from-llms/functionlearning/data/cause-effects/pairs/pair0045.txt,6,102110.25,103051.125,coverage,238506308
45,4,[102105.0],102400.0,102105.0,102400.0,"year 2000, day 50","year 2000, day 51","year 2000, day 50","year 2000, day 51",pair0045,/Users/aj9225/Local/meta-learning-ecological-priors-from-llms/functionlearning/data/cause-effects/pairs/pair0045.txt,5,101169.375,102110.25,density,238506308
45,5,[100820.0],101185.0,100820.0,101185.0,"year 2000, day 50","year 2000, day 51","year 2000, day 50","year 2000, day 51",pair0045,/Users/aj9225/Local/meta-learning-ecological-priors-from-llms/functionlearning/data/cause-effects/pairs/pair0045.txt,4,100228.5,101169.375,density,238506308
45,6,[99707.0],99290.0,99707.0,99290.0,"year 2000, day 50","year 2000, day 51","year 2000, day 50","year 2000, day 51",pair0045,/Users/aj9225/Local/meta-learning-ecological-priors-from-llms/functionlearning/data/cause-effects/pairs/pair0045.txt,3,99287.625,100228.5,coverage,238506308
45,7,[101985.0],102102.0,101985.0,102102.0,"year 2000, day 50","year 2000, day 51","year 2000, day 50","year 2000, day 51",pair0045,/Users/aj9225/Local/meta-learning-ecological-priors-from-llms/functionlearning/data/cause-effects/pairs/pair0045.txt,5,101169.375,102110.25,density,238506308
45,8,[101397.0],101347.0,101397.0,101347.0,"year 2000, day 50","year 2000, day 51","year 2000, day 50","year 2000, day 51",pair0045,/Users/aj9225/Local/meta-learning-ecological-priors-from-llms/functionlearning/data/cause-effects/pairs/pair0045.txt,5,101169.375,102110.25,density,238506308
45,9,[101860.0],101620.0,101860.0,101620.0,"year 2000, day 50","year 2000, day 51","year 2000, day 50","year 2000, day 51",pair0045,/Users/aj9225/Local/meta-learning-ecological-priors-from-llms/functionlearning/data/cause-effects/pairs/pair0045.txt,5,101169.375,102110.25,density,238506308
45,10,[103070.0],101910.0,103070.0,101910.0,"year 2000, day 50","year 2000, day 51","year 2000, day 50","year 2000, day 51",pair0045,/Users/aj9225/Local/meta-learning-ecological-priors-from-llms/functionlearning/data/cause-effects/pairs/pair0045.txt,7,103051.125,103992.0,density,238506308
45,11,[100710.0],100980.0,100710.0,100980.0,"year 2000, day 50","year 2000, day 51","year 2000, day 50","year 2000, day 51",pair0045,/Users/aj9225/Local/meta-learning-ecological-priors-from-llms/functionlearning/data/cause-effects/pairs/pair0045.txt,4,100228.5,101169.375,coverage,238506308
45,12,[98967.0],99105.0,98967.0,99105.0,"year 2000, day 50","year 2000, day 51","year 2000, day 50","year 2000, day 51",pair0045,/Users/aj9225/Local/meta-learning-ecological-priors-from-llms/functionlearning/data/cause-effects/pairs/pair0045.txt,2,98346.75,99287.625,density,238506308
45,13,[101457.0],100762.0,101457.0,100762.0,"year 2000, day 50","year 2000, day 51","year 2000, day 50","year 2000, day 51",pair0045,/Users/aj9225/Local/meta-learning-ecological-priors-from-llms/functionlearning/data/cause-effects/pairs/pair0045.txt,5,101169.375,102110.25,coverage,238506308
45,14,[99962.0],100612.0,99962.0,100612.0,"year 2000, day 50","year 2000, day 51","year 2000, day 50","year 2000, day 51",pair0045,/Users/aj9225/Local/meta-learning-ecological-priors-from-llms/functionlearning/data/cause-effects/pairs/pair0045.txt,3,99287.625,100228.5,density,238506308
45,15,[102567.0],102627.0,102567.0,102627.0,"year 2000, day 50","year 2000, day 51","year 2000, day 50","year 2000, day 51",pair0045,/Users/aj9225/Local/meta-learning-ecological-priors-from-llms/functionlearning/data/cause-effects/pairs/pair0045.txt,6,102110.25,103051.125,density,238506308
45,16,[101925.0],102005.0,101925.0,102005.0,"year 2000, day 50","year 2000, day 51","year 2000, day 50","year 2000, day 51",pair0045,/Users/aj9225/Local/meta-learning-ecological-priors-from-llms/functionlearning/data/cause-effects/pairs/pair0045.txt,5,101169.375,102110.25,density,238506308
45,17,[97792.0],97512.0,97792.0,97512.0,"year 2000, day 50","year 2000, day 51","year 2000, day 50","year 2000, day 51",pair0045,/Users/aj9225/Local/meta-learning-ecological-priors-from-llms/functionlearning/data/cause-effects/pairs/pair0045.txt,1,97405.875,98346.75,density,238506308
45,18,[102427.0],101597.0,102427.0,101597.0,"year 2000, day 50","year 2000, day 51","year 2000, day 50","year 2000, day 51",pair0045,/Users/aj9225/Local/meta-learning-ecological-priors-from-llms/functionlearning/data/cause-effects/pairs/pair0045.txt,6,102110.25,103051.125,density,238506308
45,19,[100905.0],100877.0,100905.0,100877.0,"year 2000, day 50","year 2000, day 51","year 2000, day 50","year 2000, day 51",pair0045,/Users/aj9225/Local/meta-learning-ecological-priors-from-llms/functionlearning/data/cause-effects/pairs/pair0045.txt,4,100228.5,101169.375,density,238506308
45,20,[98987.0],99505.0,98987.0,99505.0,"year 2000, day 50","year 2000, day 51","year 2000, day 50","year 2000, day 51",pair0045,/Users/aj9225/Local/meta-learning-ecological-priors-from-llms/functionlearning/data/cause-effects/pairs/pair0045.txt,2,98346.75,99287.625,coverage,238506308
45,21,[97252.0],97897.0,97252.0,97897.0,"year 2000, day 50","year 2000, day 51","year 2000, day 50","year 2000, day 51",pair0045,/Users/aj9225/Local/meta-learning-ecological-priors-from-llms/functionlearning/data/cause-effects/pairs/pair0045.txt,0,96465.0,97405.875,coverage,238506308
45,22,[103715.0],103280.0,103715.0,103280.0,"year 2000, day 50","year 2000, day 51","year 2000, day 50","year 2000, day 51",pair0045,/Users/aj9225/Local/meta-learning-ecological-priors-from-llms/functionlearning/data/cause-effects/pairs/pair0045.txt,7,103051.125,103992.0,coverage,238506308
45,23,[102637.0],102315.0,102637.0,102315.0,"year 2000, day 50","year 2000, day 51","year 2000, day 50","year 2000, day 51",pair0045,/Users/aj9225/Local/meta-learning-ecological-priors-from-llms/functionlearning/data/cause-effects/pairs/pair0045.txt,6,102110.25,103051.125,density,238506308
56,0,[81.0],49.42,81.0,49.42,"life expectancy at birth for different countries, female, 2000-2005",latitude of the country's capital,"life expectancy at birth for different countries, female, 2000-2005",latitude of the country's capital,pair0056,/Users/aj9225/Local/meta-learning-ecological-priors-from-llms/functionlearning/data/cause-effects/pairs/pair0056.txt,7,79.25,85.0,density,1289204376
56,1,[77.0],8.99,77.0,8.99,"life expectancy at birth for different countries, female, 2000-2005",latitude of the country's capital,"life expectancy at birth for different countries, female, 2000-2005",latitude of the country's capital,pair0056,/Users/aj9225/Local/meta-learning-ecological-priors-from-llms/functionlearning/data/cause-effects/pairs/pair0056.txt,6,73.5,79.25,density,1289204376
56,2,[63.0],23.71,63.0,23.71,"life expectancy at birth for different countries, female, 2000-2005",latitude of the country's capital,"life expectancy at birth for different countries, female, 2000-2005",latitude of the country's capital,pair0056,/Users/aj9225/Local/meta-learning-ecological-priors-from-llms/functionlearning/data/cause-effects/pairs/pair0056.txt,4,62.0,67.75,coverage,1289204376
56,3,[43.0],8.47,43.0,8.47,"life expectancy at birth for different countries, female, 2000-2005",latitude of the country's capital,"life expectancy at birth for different countries, female, 2000-2005",latitude of the country's capital,pair0056,/Users/aj9225/Local/meta-learning-ecological-priors-from-llms/functionlearning/data/cause-effects/pairs/pair0056.txt,0,39.0,44.75,coverage,1289204376
56,4,[47.0],9.06,47.0,9.06,"life expectancy at birth for different countries, female, 2000-2005",latitude of the country's capital,"life expectancy at birth for different countries, female, 2000-2005",latitude of the country's capital,pair0056,/Users/aj9225/Local/meta-learning-ecological-priors-from-llms/functionlearning/data/cause-effects/pairs/pair0056.txt,1,44.75,50.5,density,1289204376
56,5,[68.0],47.91,68.0,47.91,"life expectancy at birth for different countries, female, 2000-2005",latitude of the country's capital,"life expectancy at birth for different countries, female, 2000-2005",latitude of the country's capital,pair0056,/Users/aj9225/Local/meta-learning-ecological-priors-from-llms/functionlearning/data/cause-effects/pairs/pair0056.txt,5,67.75,73.5,density,1289204376
56,6,[76.0],10.5,76.0,10.5,"life expectancy at birth for different countries, female, 2000-2005",latitude of the country's capital,"life expectancy at birth for different countries, female, 2000-2005",latitude of the country's capital,pair0056,/Users/aj9225/Local/meta-learning-ecological-priors-from-llms/functionlearning/data/cause-effects/pairs/pair0056.txt,6,73.5,79.25,density,1289204376
56,7,[85.0],35.68,85.0,35.68,"life expectancy at birth for different countries, female, 2000-2005",latitude of the country's capital,"life expectancy at birth for different countries, female, 2000-2005",latitude of the country's capital,pair0056,/Users/aj9225/Local/meta-learning-ecological-priors-from-llms/functionlearning/data/cause-effects/pairs/pair0056.txt,7,79.25,85.0,density,1289204376
56,8,[51.0],3.75,51.0,3.75,"life expectancy at birth for different countries, female, 2000-2005",latitude of the country's capital,"life expectancy at birth for different countries, female, 2000-2005",latitude of the country's capital,pair0056,/Users/aj9225/Local/meta-learning-ecological-priors-from-llms/functionlearning/data/cause-effects/pairs/pair0056.txt,2,50.5,56.25,coverage,1289204376
56,9,[69.0],42.87,69.0,42.87,"life expectancy at birth for different countries, female, 2000-2005",latitude of the country's capital,"life expectancy at birth for different countries, female, 2000-2005",latitude of the country's capital,pair0056,/Users/aj9225/Local/meta-learning-ecological-priors-from-llms/functionlearning/data/cause-effects/pairs/pair0056.txt,5,67.75,73.5,density,1289204376
56,10,[66.0],4.17,66.0,4.17,"life expectancy at birth for different countries, female, 2000-2005",latitude of the country's capital,"life expectancy at birth for different countries, female, 2000-2005",latitude of the country's capital,pair0056,/Users/aj9225/Local/meta-learning-ecological-priors-from-llms/functionlearning/data/cause-effects/pairs/pair0056.txt,4,62.0,67.75,density,1289204376
56,11,[73.0],31.94,73.0,31.94,"life expectancy at birth for different countries, female, 2000-2005",latitude of the country's capital,"life expectancy at birth for different countries, female, 2000-2005",latitude of the country's capital,pair0056,/Users/aj9225/Local/meta-learning-ecological-priors-from-llms/functionlearning/data/cause-effects/pairs/pair0056.txt,5,67.75,73.5,coverage,1289204376
56,12,[55.0],9.54,55.0,9.54,"life expectancy at birth for different countries, female, 2000-2005",latitude of the country's capital,"life expectancy at birth for different countries, female, 2000-2005",latitude of the country's capital,pair0056,/Users/aj9225/Local/meta-learning-ecological-priors-from-llms/functionlearning/data/cause-effects/pairs/pair0056.txt,2,50.5,56.25,density,1289204376
56,13,[59.0],-8.57,59.0,-8.57,"life expectancy at birth for different countries, female, 2000-2005",latitude of the country's capital,"life expectancy at birth for different countries, female, 2000-2005",latitude of the country's capital,pair0056,/Users/aj9225/Local/meta-learning-ecological-priors-from-llms/functionlearning/data/cause-effects/pairs/pair0056.txt,3,56.25,62.0,coverage,1289204376
56,14,[74.0],13.7,74.0,13.7,"life expectancy at birth for different countries, female, 2000-2005",latitude of the country's capital,"life expectancy at birth for different countries, female, 2000-2005",latitude of the country's capital,pair0056,/Users/aj9225/Local/meta-learning-ecological-priors-from-llms/functionlearning/data/cause-effects/pairs/pair0056.txt,6,73.5,79.25,coverage,1289204376
56,15,[65.0],27.44,65.0,27.44,"life expectancy at birth for different countries, female, 2000-2005",latitude of the country's capital,"life expectancy at birth for different countries, female, 2000-2005",latitude of the country's capital,pair0056,/Users/aj9225/Local/meta-learning-ecological-priors-from-llms/functionlearning/data/cause-effects/pairs/pair0056.txt,4,62.0,67.75,density,1289204376
56,16,[72.0],30.06,72.0,30.06,"life expectancy at birth for different countries, female, 2000-2005",latitude of the country's capital,"life expectancy at birth for different countries, female, 2000-2005",latitude of the country's capital,pair0056,/Users/aj9225/Local/meta-learning-ecological-priors-from-llms/functionlearning/data/cause-effects/pairs/pair0056.txt,5,67.75,73.5,density,1289204376
56,17,[81.0],1.29,81.0,1.29,"life expectancy at birth for different countries, female, 2000-2005",latitude of the country's capital,"life expectancy at birth for different countries, female, 2000-2005",latitude of the country's capital,pair0056,/Users/aj9225/Local/meta-learning-ecological-priors-from-llms/functionlearning/data/cause-effects/pairs/pair0056.txt,7,79.25,85.0,coverage,1289204376
56,18,[59.0],13.44,59.0,13.44,"life expectancy at birth for different countries, female, 2000-2005",latitude of the country's capital,"life expectancy at birth for different countries, female, 2000-2005",latitude of the country's capital,pair0056,/Users/aj9225/Local/meta-learning-ecological-priors-from-llms/functionlearning/data/cause-effects/pairs/pair0056.txt,3,56.25,62.0,density,1289204376
56,19,[48.0],0.31,48.0,0.31,"life expectancy at birth for different countries, female, 2000-2005",latitude of the country's capital,"life expectancy at birth for different countries, female, 2000-2005",latitude of the country's capital,pair0056,/Users/aj9225/Local/meta-learning-ecological-priors-from-llms/functionlearning/data/cause-effects/pairs/pair0056.txt,1,44.75,50.5,coverage,1289204376
56,20,[83.0],46.95,83.0,46.95,"life expectancy at birth for different countries, female, 2000-2005",latitude of the country's capital,"life expectancy at birth for different countries, female, 2000-2005",latitude of the country's capital,pair0056,/Users/aj9225/Local/meta-learning-ecological-priors-from-llms/functionlearning/data/cause-effects/pairs/pair0056.txt,7,79.25,85.0,density,1289204376
56,21,[74.0],31.14,74.0,31.14,"life expectancy at birth for different countries, female, 2000-2005",latitude of the country's capital,"life expectancy at birth for different countries, female, 2000-2005",latitude of the country's capital,pair0056,/Users/aj9225/Local/meta-learning-ecological-priors-from-llms/functionlearning/data/cause-effects/pairs/pair0056.txt,6,73.5,79.25,density,1289204376
56,22,[77.0],13.47,77.0,13.47,"life expectancy at birth for different countries, female, 2000-2005",latitude of the country's capital,"life expectancy at birth for different countries, female, 2000-2005",latitude of the country's capital,pair0056,/Users/aj9225/Local/meta-learning-ecological-priors-from-llms/functionlearning/data/cause-effects/pairs/pair0056.txt,6,73.5,79.25,density,1289204376
56,23,[79.0],23.0,79.0,23.0,"life expectancy at birth for different countries, female, 2000-2005",latitude of the country's capital,"life expectancy at birth for different countries, female, 2000-2005",latitude of the country's capital,pair0056,/Users/aj9225/Local/meta-learning-ecological-priors-from-llms/functionlearning/data/cause-effects/pairs/pair0056.txt,6,73.5,79.25,density,1289204376
64,0,[79.0],29.0,79.0,29.0,"Population with sustainable access to improved drinking water sources (%) total, 2006","Infant mortality rate (per 1 000 live births) both sexes, 2006","Population with sustainable access to improved drinking water sources (%) total, 2006","Infant mortality rate (per 1 000 live births) both sexes, 2006",pair0064,/Users/aj9225/Local/meta-learning-ecological-priors-from-llms/functionlearning/data/cause-effects/pairs/pair0064.txt,5,70.75,80.5,coverage,1224353587
64,1,[93.0],17.0,93.0,17.0,"Population with sustainable access to improved drinking water sources (%) total, 2006","Infant mortality rate (per 1 000 live births) both sexes, 2006","Population with sustainable access to improved drinking water sources (%) total, 2006","Infant mortality rate (per 1 000 live births) both sexes, 2006",pair0064,/Users/aj9225/Local/meta-learning-ecological-priors-from-llms/functionlearning/data/cause-effects/pairs/pair0064.txt,7,90.25,100.0,density,1224353587
64,2,[86.0],63.0,86.0,63.0,"Population with sustainable access to improved drinking water sources (%) total, 2006","Infant mortality rate (per 1 000 live births) both sexes, 2006","Population with sustainable access to improved drinking water sources (%) total, 2006","Infant mortality rate (per 1 000 live births) both sexes, 2006",pair0064,/Users/aj9225/Local/meta-learning-ecological-priors-from-llms/functionlearning/data/cause-effects/pairs/pair0064.txt,6,80.5,90.25,density,1224353587
64,3,[58.0],102.0,58.0,102.0,"Population with sustainable access to improved drinking water sources (%) total, 2006","Infant mortality rate (per 1 000 live births) both sexes, 2006","Population with sustainable access to improved drinking water sources (%) total, 2006","Infant mortality rate (per 1 000 live births) both sexes, 2006",pair0064,/Users/aj9225/Local/meta-learning-ecological-priors-from-llms/functionlearning/data/cause-effects/pairs/pair0064.txt,3,51.25,61.0,density,1224353587
64,4,[97.0],20.0,97.0,20.0,"Population with sustainable access to improved drinking water sources (%) total, 2006","Infant mortality rate (per 1 000 live births) both sexes, 2006","Population with sustainable access to improved drinking water sources (%) total, 2006","Infant mortality rate (per 1 000 live births) both sexes, 2006",pair0064,/Users/aj9225/Local/meta-learning-ecological-priors-from-llms/functionlearning/data/cause-effects/pairs/pair0064.txt,7,90.25,100.0,coverage,1224353587
64,5,[51.0],154.0,51.0,154.0,"Population with sustainable access to improved drinking water sources (%) total, 2006","Infant mortality rate (per 1 000 live births) both sexes, 2006","Population with sustainable access to improved drinking water sources (%) total, 2006","Infant mortality rate (per 1 000 live births) both sexes, 2006",pair0064,/Users/aj9225/Local/meta-learning-ecological-priors-from-llms/functionlearning/data/cause-effects/pairs/pair0064.txt,2,41.5,51.25,coverage,1224353587
64,6,[100.0],4.0,100.0,4.0,"Population with sustainable access to improved drinking water sources (%) total, 2006","Infant mortality rate (per 1 000 live births) both sexes, 2006","Population with sustainable access to improved drinking water sources (%) total, 2006","Infant mortality rate (per 1 000 live births) both sexes, 2006",pair0064,/Users/aj9225/Local/meta-learning-ecological-priors-from-llms/functionlearning/data/cause-effects/pairs/pair0064.txt,7,90.25,100.0,density,1224353587
64,7,[90.0],78.0,90.0,78.0,"Population with sustainable access to improved drinking water sources (%) total, 2006","Infant mortality rate (per 1 000 live births) both sexes, 2006","Population with sustainable access to improved drinking water sources (%) total, 2006","Infant mortality rate (per 1 000 live births) both sexes, 2006",pair0064,/Users/aj9225/Local/meta-learning-ecological-priors-from-llms/functionlearning/data/cause-effects/pairs/pair0064.txt,6,80.5,90.25,density,1224353587
64,8,[40.0],54.0,40.0,54.0,"Population with sustainable access to improved drinking water sources (%) total, 2006","Infant mortality rate (per 1 000 live births) both sexes, 2006","Population with sustainable access to improved drinking water sources (%) total, 2006","Infant mortality rate (per 1 000 live births) both sexes, 2006",pair0064,/Users/aj9225/Local/meta-learning-ecological-priors-from-llms/functionlearning/data/cause-effects/pairs/pair0064.txt,1,31.75,41.5,coverage,1224353587
64,9,[100.0],6.0,100.0,6.0,"Population with sustainable access to improved drinking water sources (%) total, 2006","Infant mortality rate (per 1 000 live births) both sexes, 2006","Population with sustainable access to improved drinking water sources (%) total, 2006","Infant mortality rate (per 1 000 live births) both sexes, 2006",pair0064,/Users/aj9225/Local/meta-learning-ecological-priors-from-llms/functionlearning/data/cause-effects/pairs/pair0064.txt,7,90.25,100.0,density,1224353587
64,10,[53.0],159.0,53.0,159.0,"Population with sustainable access to improved drinking water sources (%) total, 2006","Infant mortality rate (per 1 000 live births) both sexes, 2006","Population with sustainable access to improved drinking water sources (%) total, 2006","Infant mortality rate (per 1 000 live births) both sexes, 2006",pair0064,/Users/aj9225/Local/meta-learning-ecological-priors-from-llms/functionlearning/data/cause-effects/pairs/pair0064.txt,3,51.25,61.0,coverage,1224353587
64,11,[22.0],165.0,22.0,165.0,"Population with sustainable access to improved drinking water sources (%) total, 2006","Infant mortality rate (per 1 000 live births) both sexes, 2006","Population with sustainable access to improved drinking water sources (%) total, 2006","Infant mortality rate (per 1 000 live births) both sexes, 2006",pair0064,/Users/aj9225/Local/meta-learning-ecological-priors-from-llms/functionlearning/data/cause-effects/pairs/pair0064.txt,0,22.0,31.75,coverage,1224353587
64,12,[71.0],109.0,71.0,109.0,"Population with sustainable access to improved drinking water sources (%) total, 2006","Infant mortality rate (per 1 000 live births) both sexes, 2006","Population with sustainable access to improved drinking water sources (%) total, 2006","Infant mortality rate (per 1 000 live births) both sexes, 2006",pair0064,/Users/aj9225/Local/meta-learning-ecological-priors-from-llms/functionlearning/data/cause-effects/pairs/pair0064.txt,5,70.75,80.5,density,1224353587
64,13,[91.0],5.0,91.0,5.0,"Population with sustainable access to improved drinking water sources (%) total, 2006","Infant mortality rate (per 1 000 live births) both sexes, 2006","Population with sustainable access to improved drinking water sources (%) total, 2006","Infant mortality rate (per 1 000 live births) both sexes, 2006",pair0064,/Users/aj9225/Local/meta-learning-ecological-priors-from-llms/functionlearning/data/cause-effects/pairs/pair0064.txt,7,90.25,100.0,density,1224353587
64,14,[96.0],26.0,96.0,26.0,"Population with sustainable access to improved drinking water sources (%) total, 2006","Infant mortality rate (per 1 000 live births) both sexes, 2006","Population with sustainable access to improved drinking water sources (%) total, 2006","Infant mortality rate (per 1 000 live births) both sexes, 2006",pair0064,/Users/aj9225/Local/meta-learning-ecological-priors-from-llms/functionlearning/data/cause-effects/pairs/pair0064.txt,7,90.25,100.0,density,1224353587
64,15,[90.0],16.0,90.0,16.0,"Population with sustainable access to improved drinking water sources (%) total, 2006","Infant mortality rate (per 1 000 live births) both sexes, 2006","Population with sustainable access to improved drinking water sources (%) total, 2006","Infant mortality rate (per 1 000 live births) both sexes, 2006",pair0064,/Users/aj9225/Local/meta-learning-ecological-priors-from-llms/functionlearning/data/cause-effects/pairs/pair0064.txt,6,80.5,90.25,coverage,1224353587
64,16,[92.0],29.0,92.0,29.0,"Population with sustainable access to improved drinking water sources (%) total, 2006","Infant mortality rate (per 1 000 live births) both sexes, 2006","Population with sustainable access to improved drinking water sources (%) total, 2006","Infant mortality rate (per 1 000 live births) both sexes, 2006",pair0064,/Users/aj9225/Local/meta-learning-ecological-priors-from-llms/functionlearning/data/cause-effects/pairs/pair0064.txt,7,90.25,100.0,density,1224353587
64,17,[65.0],47.0,65.0,47.0,"Population with sustainable access to improved drinking water sources (%) total, 2006","Infant mortality rate (per 1 000 live births) both sexes, 2006","Population with sustainable access to improved drinking water sources (%) total, 2006","Infant mortality rate (per 1 000 live births) both sexes, 2006",pair0064,/Users/aj9225/Local/meta-learning-ecological-priors-from-llms/functionlearning/data/cause-effects/pairs/pair0064.txt,4,61.0,70.75,coverage,1224353587
64,18,[100.0],3.0,100.0,3.0,"Population with sustainable access to improved drinking water sources (%) total, 2006","Infant mortality rate (per 1 000 live births) both sexes, 2006","Population with sustainable access to improved drinking water sources (%) total, 2006","Infant mortality rate (per 1 000 live births) both sexes, 2006",pair0064,/Users/aj9225/Local/meta-learning-ecological-priors-from-llms/functionlearning/data/cause-effects/pairs/pair0064.txt,7,90.25,100.0,density,1224353587
64,19,[47.0],99.0,47.0,99.0,"Population with sustainable access to improved drinking water sources (%) total, 2006","Infant mortality rate (per 1 000 live births) both sexes, 2006","Population with sustainable access to improved drinking water sources (%) total, 2006","Infant mortality rate (per 1 000 live births) both sexes, 2006",pair0064,/Users/aj9225/Local/meta-learning-ecological-priors-from-llms/functionlearning/data/cause-effects/pairs/pair0064.txt,2,41.5,51.25,density,1224353587
64,20,[91.0],19.0,91.0,19.0,"Population with sustainable access to improved drinking water sources (%) total, 2006","Infant mortality rate (per 1 000 live births) both sexes, 2006","Population with sustainable access to improved drinking water sources (%) total, 2006","Infant mortality rate (per 1 000 live births) both sexes, 2006",pair0064,/Users/aj9225/Local/meta-learning-ecological-priors-from-llms/functionlearning/data/cause-effects/pairs/pair0064.txt,7,90.25,100.0,density,1224353587
64,21,[84.0],23.0,84.0,23.0,"Population with sustainable access to improved drinking water sources (%) total, 2006","Infant mortality rate (per 1 000 live births) both sexes, 2006","Population with sustainable access to improved drinking water sources (%) total, 2006","Infant mortality rate (per 1 000 live births) both sexes, 2006",pair0064,/Users/aj9225/Local/meta-learning-ecological-priors-from-llms/functionlearning/data/cause-effects/pairs/pair0064.txt,6,80.5,90.25,density,1224353587
64,22,[80.0],26.0,80.0,26.0,"Population with sustainable access to improved drinking water sources (%) total, 2006","Infant mortality rate (per 1 000 live births) both sexes, 2006","Population with sustainable access to improved drinking water sources (%) total, 2006","Infant mortality rate (per 1 000 live births) both sexes, 2006",pair0064,/Users/aj9225/Local/meta-learning-ecological-priors-from-llms/functionlearning/data/cause-effects/pairs/pair0064.txt,5,70.75,80.5,density,1224353587
64,23,[70.0],98.0,70.0,98.0,"Population with sustainable access to improved drinking water sources (%) total, 2006","Infant mortality rate (per 1 000 live births) both sexes, 2006","Population with sustainable access to improved drinking water sources (%) total, 2006","Infant mortality rate (per 1 000 live births) both sexes, 2006",pair0064,/Users/aj9225/Local/meta-learning-ecological-priors-from-llms/functionlearning/data/cause-effects/pairs/pair0064.txt,4,61.0,70.75,density,1224353587
66,0,[0.012790698],0.03022909,0.012790698,0.03022909,stock returns of Hutchison (0013.HK),stock return of Cheung kong (0001.HK),stock returns of Hutchison (0013.HK),stock return of Cheung kong (0001.HK),pair0066,/Users/aj9225/Local/meta-learning-ecological-priors-from-llms/functionlearning/data/cause-effects/pairs/pair0066.txt,5,0.003916219999999998,0.030991557999999975,density,3751883478
66,1,[-0.052361616],-0.0276154,-0.052361616,-0.0276154,stock returns of Hutchison (0013.HK),stock return of Cheung kong (0001.HK),stock returns of Hutchison (0013.HK),stock return of Cheung kong (0001.HK),pair0066,/Users/aj9225/Local/meta-learning-ecological-priors-from-llms/functionlearning/data/cause-effects/pairs/pair0066.txt,2,-0.077309794,-0.05023445600000001,coverage,3751883478
66,2,[-0.013860579],-0.017648187,-0.013860579,-0.017648187,stock returns of Hutchison (0013.HK),stock return of Cheung kong (0001.HK),stock returns of Hutchison (0013.HK),stock return of Cheung kong (0001.HK),pair0066,/Users/aj9225/Local/meta-learning-ecological-priors-from-llms/functionlearning/data/cause-effects/pairs/pair0066.txt,4,-0.023159118000000006,0.003916219999999998,density,3751883478
66,3,[0.0041050903],0.0035788846,0.0041050903,0.0035788846,stock returns of Hutchison (0013.HK),stock return of Cheung kong (0001.HK),stock returns of Hutchison (0013.HK),stock return of Cheung kong (0001.HK),pair0066,/Users/aj9225/Local/meta-learning-ecological-priors-from-llms/functionlearning/data/cause-effects/pairs/pair0066.txt,5,0.003916219999999998,0.030991557999999975,density,3751883478
66,4,[0.021469677],0.028506507,0.021469677,0.028506507,stock returns of Hutchison (0013.HK),stock return of Cheung kong (0001.HK),stock returns of Hutchison (0013.HK),stock return of Cheung kong (0001.HK),pair0066,/Users/aj9225/Local/meta-learning-ecological-priors-from-llms/functionlearning/data/cause-effects/pairs/pair0066.txt,5,0.003916219999999998,0.030991557999999975,density,3751883478
66,5,[-0.010301353],-0.028821336,-0.010301353,-0.028821336,stock returns of Hutchison (0013.HK),stock return of Cheung kong (0001.HK),stock returns of Hutchison (0013.HK),stock return of Cheung kong (0001.HK),pair0066,/Users/aj9225/Local/meta-learning-ecological-priors-from-llms/functionlearning/data/cause-effects/pairs/pair0066.txt,4,-0.023159118000000006,0.003916219999999998,density,3751883478
66,6,[0.073925629],0.038313356,0.073925629,0.038313356,stock returns of Hutchison (0013.HK),stock return of Cheung kong (0001.HK),stock returns of Hutchison (0013.HK),stock return of Cheung kong (0001.HK),pair0066,/Users/aj9225/Local/meta-learning-ecological-priors-from-llms/functionlearning/data/cause-effects/pairs/pair0066.txt,7,0.05806689599999998,0.085142234,coverage,3751883478
66,7,[-0.012323549],-0.0047966632,-0.012323549,-0.0047966632,stock returns of Hutchison (0013.HK),stock return of Cheung kong (0001.HK),stock returns of Hutchison (0013.HK),stock return of Cheung kong (0001.HK),pair0066,/Users/aj9225/Local/meta-learning-ecological-priors-from-llms/functionlearning/data/cause-effects/pairs/pair0066.txt,4,-0.023159118000000006,0.003916219999999998,density,3751883478
66,8,[-0.018986021],-0.013532065,-0.018986021,-0.013532065,stock returns of Hutchison (0013.HK),stock return of Cheung kong (0001.HK),stock returns of Hutchison (0013.HK),stock return of Cheung kong (0001.HK),pair0066,/Users/aj9225/Local/meta-learning-ecological-priors-from-llms/functionlearning/data/cause-effects/pairs/pair0066.txt,4,-0.023159118000000006,0.003916219999999998,density,3751883478
66,9,[0.010757378],0.0,0.010757378,0.0,stock returns of Hutchison (0013.HK),stock return of Cheung kong (0001.HK),stock returns of Hutchison (0013.HK),stock return of Cheung kong (0001.HK),pair0066,/Users/aj9225/Local/meta-learning-ecological-priors-from-llms/functionlearning/data/cause-effects/pairs/pair0066.txt,5,0.003916219999999998,0.030991557999999975,coverage,3751883478
66,10,[-0.017426625],-0.022180917,-0.017426625,-0.022180917,stock returns of Hutchison (0013.HK),stock return of Cheung kong (0001.HK),stock returns of Hutchison (0013.HK),stock return of Cheung kong (0001.HK),pair0066,/Users/aj9225/Local/meta-learning-ecological-priors-from-llms/functionlearning/data/cause-effects/pairs/pair0066.txt,4,-0.023159118000000006,0.003916219999999998,coverage,3751883478
66,11,[0.01847526],0.021836228,0.01847526,0.021836228,stock returns of Hutchison (0013.HK),stock return of Cheung kong (0001.HK),stock returns of Hutchison (0013.HK),stock return of Cheung kong (0001.HK),pair0066,/Users/aj9225/Local/meta-learning-ecological-priors-from-llms/functionlearning/data/cause-effects/pairs/pair0066.txt,5,0.003916219999999998,0.030991557999999975,density,3751883478
66,12,[-0.030181087],-0.047964871,-0.030181087,-0.047964871,stock returns of Hutchison (0013.HK),stock return of Cheung kong (0001.HK),stock returns of Hutchison (0013.HK),stock return of Cheung kong (0001.HK),pair0066,/Users/aj9225/Local/meta-learning-ecological-priors-from-llms/functionlearning/data/cause-effects/pairs/pair0066.txt,3,-0.05023445600000001,-0.023159118000000006,density,3751883478
66,13,[0.032740214],0.031509526,0.032740214,0.031509526,stock returns of Hutchison (0013.HK),stock return of Cheung kong (0001.HK),stock returns of Hutchison (0013.HK),stock return of Cheung kong (0001.HK),pair0066,/Users/aj9225/Local/meta-learning-ecological-priors-from-llms/functionlearning/data/cause-effects/pairs/pair0066.txt,6,0.030991557999999975,0.05806689599999998,density,3751883478
66,14,[-0.026142688],-0.028040328,-0.026142688,-0.028040328,stock returns of Hutchison (0013.HK),stock return of Cheung kong (0001.HK),stock returns of Hutchison (0013.HK),stock return of Cheung kong (0001.HK),pair0066,/Users/aj9225/Local/meta-learning-ecological-priors-from-llms/functionlearning/data/cause-effects/pairs/pair0066.txt,3,-0.05023445600000001,-0.023159118000000006,density,3751883478
66,15,[-0.10653938],-0.10610296,-0.10653938,-0.10610296,stock returns of Hutchison (0013.HK),stock return of Cheung kong (0001.HK),stock returns of Hutchison (0013.HK),stock return of Cheung kong (0001.HK),pair0066,/Users/aj9225/Local/meta-learning-ecological-priors-from-llms/functionlearning/data/cause-effects/pairs/pair0066.txt,0,-0.13146047,-0.10438513199999999,coverage,3751883478
66,16,[0.0076458037],0.03260753,0.0076458037,0.03260753,stock returns of Hutchison (0013.HK),stock return of Cheung kong (0001.HK),stock returns of Hutchison (0013.HK),stock return of Cheung kong (0001.HK),pair0066,/Users/aj9225/Local/meta-learning-ecological-priors-from-llms/functionlearning/data/cause-effects/pairs/pair0066.txt,5,0.003916219999999998,0.030991557999999975,density,3751883478
66,17,[0.020651565],0.017522659,0.020651565,0.017522659,stock returns of Hutchison (0013.HK),stock return of Cheung kong (0001.HK),stock returns of Hutchison (0013.HK),stock return of Cheung kong (0001.HK),pair0066,/Users/aj9225/Local/meta-learning-ecological-priors-from-llms/functionlearning/data/cause-effects/pairs/pair0066.txt,5,0.003916219999999998,0.030991557999999975,density,3751883478
66,18,[-0.0070727483],0.0033176666,-0.0070727483,0.0033176666,stock returns of Hutchison (0013.HK),stock return of Cheung kong (0001.HK),stock returns of Hutchison (0013.HK),stock return of Cheung kong (0001.HK),pair0066,/Users/aj9225/Local/meta-learning-ecological-priors-from-llms/functionlearning/data/cause-effects/pairs/pair0066.txt,4,-0.023159118000000006,0.003916219999999998,density,3751883478
66,19,[-0.022037966],-0.019372499,-0.022037966,-0.019372499,stock returns of Hutchison (0013.HK),stock return of Cheung kong (0001.HK),stock returns of Hutchison (0013.HK),stock return of Cheung kong (0001.HK),pair0066,/Users/aj9225/Local/meta-learning-ecological-priors-from-llms/functionlearning/data/cause-effects/pairs/pair0066.txt,4,-0.023159118000000006,0.003916219999999998,density,3751883478
66,20,[-0.017629354],-0.0069870241,-0.017629354,-0.0069870241,stock returns of Hutchison (0013.HK),stock return of Cheung kong (0001.HK),stock returns of Hutchison (0013.HK),stock return of Cheung kong (0001.HK),pair0066,/Users/aj9225/Local/meta-learning-ecological-priors-from-llms/functionlearning/data/cause-effects/pairs/pair0066.txt,4,-0.023159118000000006,0.003916219999999998,density,3751883478
66,21,[0.0],0.011597517,0.0,0.011597517,stock returns of Hutchison (0013.HK),stock return of Cheung kong (0001.HK),stock returns of Hutchison (0013.HK),stock return of Cheung kong (0001.HK),pair0066,/Users/aj9225/Local/meta-learning-ecological-priors-from-llms/functionlearning/data/cause-effects/pairs/pair0066.txt,4,-0.023159118000000006,0.003916219999999998,density,3751883478
66,22,[-0.033039887],-0.036806883,-0.033039887,-0.036806883,stock returns of Hutchison (0013.HK),stock return of Cheung kong (0001.HK),stock returns of Hutchison (0013.HK),stock return of Cheung kong (0001.HK),pair0066,/Users/aj9225/Local/meta-learning-ecological-priors-from-llms/functionlearning/data/cause-effects/pairs/pair0066.txt,3,-0.05023445600000001,-0.023159118000000006,coverage,3751883478
66,23,[0.042219542],0.054877056,0.042219542,0.054877056,stock returns of Hutchison (0013.HK),stock return of Cheung kong (0001.HK),stock returns of Hutchison (0013.HK),stock return of Cheung kong (0001.HK),pair0066,/Users/aj9225/Local/meta-learning-ecological-priors-from-llms/functionlearning/data/cause-effects/pairs/pair0066.txt,6,0.030991557999999975,0.05806689599999998,coverage,3751883478
67,0,[0.014072372],0.006916996,0.014072372,0.006916996,stock returns of Cheung kong (0001.HK),stock return of Sun Hung Kai Prop. (0016.HK),stock returns of Cheung kong (0001.HK),stock return of Sun Hung Kai Prop. (0016.HK),pair0067,/Users/aj9225/Local/meta-learning-ecological-priors-from-llms/functionlearning/data/cause-effects/pairs/pair0067.txt,5,0.010016555625000007,0.033480270749999985,density,3919686767
67,1,[-0.0030085023],0.0034799114,-0.0030085023,0.0034799114,stock returns of Cheung kong (0001.HK),stock return of Sun Hung Kai Prop. (0016.HK),stock returns of Cheung kong (0001.HK),stock return of Sun Hung Kai Prop. (0016.HK),pair0067,/Users/aj9225/Local/meta-learning-ecological-priors-from-llms/functionlearning/data/cause-effects/pairs/pair0067.txt,4,-0.0134471595,0.010016555625000007,coverage,3919686767
67,2,[0.021614227],0.0039792388,0.021614227,0.0039792388,stock returns of Cheung kong (0001.HK),stock return of Sun Hung Kai Prop. (0016.HK),stock returns of Cheung kong (0001.HK),stock return of Sun Hung Kai Prop. (0016.HK),pair0067,/Users/aj9225/Local/meta-learning-ecological-priors-from-llms/functionlearning/data/cause-effects/pairs/pair0067.txt,5,0.010016555625000007,0.033480270749999985,density,3919686767
67,3,[0.014725569],0.023510972,0.014725569,0.023510972,stock returns of Cheung kong (0001.HK),stock return of Sun Hung Kai Prop. (0016.HK),stock returns of Cheung kong (0001.HK),stock return of Sun Hung Kai Prop. (0016.HK),pair0067,/Users/aj9225/Local/meta-learning-ecological-priors-from-llms/functionlearning/data/cause-effects/pairs/pair0067.txt,5,0.010016555625000007,0.033480270749999985,density,3919686767
67,4,[0.053922677],0.031361716,0.053922677,0.031361716,stock returns of Cheung kong (0001.HK),stock return of Sun Hung Kai Prop. (0016.HK),stock returns of Cheung kong (0001.HK),stock return of Sun Hung Kai Prop. (0016.HK),pair0067,/Users/aj9225/Local/meta-learning-ecological-priors-from-llms/functionlearning/data/cause-effects/pairs/pair0067.txt,6,0.033480270749999985,0.05694398587499999,density,3919686767
67,5,[-0.0032281731],-0.0078165711,-0.0032281731,-0.0078165711,stock returns of Cheung kong (0001.HK),stock return of Sun Hung Kai Prop. (0016.HK),stock returns of Cheung kong (0001.HK),stock return of Sun Hung Kai Prop. (0016.HK),pair0067,/Users/aj9225/Local/meta-learning-ecological-priors-from-llms/functionlearning/data/cause-effects/pairs/pair0067.txt,4,-0.0134471595,0.010016555625000007,density,3919686767
67,6,[0.02500619],0.022511527,0.02500619,0.022511527,stock returns of Cheung kong (0001.HK),stock return of Sun Hung Kai Prop. (0016.HK),stock returns of Cheung kong (0001.HK),stock return of Sun Hung Kai Prop. (0016.HK),pair0067,/Users/aj9225/Local/meta-learning-ecological-priors-from-llms/functionlearning/data/cause-effects/pairs/pair0067.txt,5,0.010016555625000007,0.033480270749999985,density,3919686767
67,7,[-0.10610296],-0.038737446,-0.10610296,-0.038737446,stock returns of Cheung kong (0001.HK),stock return of Sun Hung Kai Prop. (0016.HK),stock returns of Cheung kong (0001.HK),stock return of Sun Hung Kai Prop. (0016.HK),pair0067,/Users/aj9225/Local/meta-learning-ecological-priors-from-llms/functionlearning/data/cause-effects/pairs/pair0067.txt,0,-0.10730202,-0.08383830487499999,coverage,3919686767
67,8,[-0.0022553],-0.0076149035,-0.0022553,-0.0076149035,stock returns of Cheung kong (0001.HK),stock return of Sun Hung Kai Prop. (0016.HK),stock returns of Cheung kong (0001.HK),stock return of Sun Hung Kai Prop. (0016.HK),pair0067,/Users/aj9225/Local/meta-learning-ecological-priors-from-llms/functionlearning/data/cause-effects/pairs/pair0067.txt,4,-0.0134471595,0.010016555625000007,density,3919686767
67,9,[0.034363767],0.045024042,0.034363767,0.045024042,stock returns of Cheung kong (0001.HK),stock return of Sun Hung Kai Prop. (0016.HK),stock returns of Cheung kong (0001.HK),stock return of Sun Hung Kai Prop. (0016.HK),pair0067,/Users/aj9225/Local/meta-learning-ecological-priors-from-llms/functionlearning/data/cause-effects/pairs/pair0067.txt,6,0.033480270749999985,0.05694398587499999,coverage,3919686767
67,10,[0.0084275893],0.0077734592,0.0084275893,0.0077734592,stock returns of Cheung kong (0001.HK),stock return of Sun Hung Kai Prop. (0016.HK),stock returns of Cheung kong (0001.HK),stock return of Sun Hung Kai Prop. (0016.HK),pair0067,/Users/aj9225/Local/meta-learning-ecological-priors-from-llms/functionlearning/data/cause-effects/pairs/pair0067.txt,4,-0.0134471595,0.010016555625000007,density,3919686767
67,11,[-0.0034965035],0.0,-0.0034965035,0.0,stock returns of Cheung kong (0001.HK),stock return of Sun Hung Kai Prop. (0016.HK),stock returns of Cheung kong (0001.HK),stock return of Sun Hung Kai Prop. (0016.HK),pair0067,/Users/aj9225/Local/meta-learning-ecological-priors-from-llms/functionlearning/data/cause-effects/pairs/pair0067.txt,4,-0.0134471595,0.010016555625000007,density,3919686767
67,12,[0.010701374],0.0034207526,0.010701374,0.0034207526,stock returns of Cheung kong (0001.HK),stock return of Sun Hung Kai Prop. (0016.HK),stock returns of Cheung kong (0001.HK),stock return of Sun Hung Kai Prop. (0016.HK),pair0067,/Users/aj9225/Local/meta-learning-ecological-priors-from-llms/functionlearning/data/cause-effects/pairs/pair0067.txt,5,0.010016555625000007,0.033480270749999985,coverage,3919686767
67,13,[-0.01850378],-0.015855778,-0.01850378,-0.015855778,stock returns of Cheung kong (0001.HK),stock return of Sun Hung Kai Prop. (0016.HK),stock returns of Cheung kong (0001.HK),stock return of Sun Hung Kai Prop. (0016.HK),pair0067,/Users/aj9225/Local/meta-learning-ecological-priors-from-llms/functionlearning/data/cause-effects/pairs/pair0067.txt,3,-0.036910874625000006,-0.0134471595,density,3919686767
67,14,[-0.017648187],-0.014140154,-0.017648187,-0.014140154,stock returns of Cheung kong (0001.HK),stock return of Sun Hung Kai Prop. (0016.HK),stock returns of Cheung kong (0001.HK),stock return of Sun Hung Kai Prop. (0016.HK),pair0067,/Users/aj9225/Local/meta-learning-ecological-priors-from-llms/functionlearning/data/cause-effects/pairs/pair0067.txt,3,-0.036910874625000006,-0.0134471595,density,3919686767
67,15,[0.0],-0.003960396,0.0,-0.003960396,stock returns of Cheung kong (0001.HK),stock return of Sun Hung Kai Prop. (0016.HK),stock returns of Cheung kong (0001.HK),stock return of Sun Hung Kai Prop. (0016.HK),pair0067,/Users/aj9225/Local/meta-learning-ecological-priors-from-llms/functionlearning/data/cause-effects/pairs/pair0067.txt,4,-0.0134471595,0.010016555625000007,density,3919686767
67,16,[0.0048846984],0.014172709,0.0048846984,0.014172709,stock returns of Cheung kong (0001.HK),stock return of Sun Hung Kai Prop. (0016.HK),stock returns of Cheung kong (0001.HK),stock return of Sun Hung Kai Prop. (0016.HK),pair0067,/Users/aj9225/Local/meta-learning-ecological-priors-from-llms/functionlearning/data/cause-effects/pairs/pair0067.txt,4,-0.0134471595,0.010016555625000007,density,3919686767
67,17,[0.0],-0.0080424367,0.0,-0.0080424367,stock returns of Cheung kong (0001.HK),stock return of Sun Hung Kai Prop. (0016.HK),stock returns of Cheung kong (0001.HK),stock return of Sun Hung Kai Prop. (0016.HK),pair0067,/Users/aj9225/Local/meta-learning-ecological-priors-from-llms/functionlearning/data/cause-effects/pairs/pair0067.txt,4,-0.0134471595,0.010016555625000007,density,3919686767
67,18,[-0.055819477],-0.036727024,-0.055819477,-0.036727024,stock returns of Cheung kong (0001.HK),stock return of Sun Hung Kai Prop. (0016.HK),stock returns of Cheung kong (0001.HK),stock return of Sun Hung Kai Prop. (0016.HK),pair0067,/Users/aj9225/Local/meta-learning-ecological-priors-from-llms/functionlearning/data/cause-effects/pairs/pair0067.txt,2,-0.06037458975,-0.036910874625000006,coverage,3919686767
67,19,[0.0082730093],-0.015593561,0.0082730093,-0.015593561,stock returns of Cheung kong (0001.HK),stock return of Sun Hung Kai Prop. (0016.HK),stock returns of Cheung kong (0001.HK),stock return of Sun Hung Kai Prop. (0016.HK),pair0067,/Users/aj9225/Local/meta-learning-ecological-priors-from-llms/functionlearning/data/cause-effects/pairs/pair0067.txt,4,-0.0134471595,0.010016555625000007,density,3919686767
67,20,[-0.068831627],-0.065380344,-0.068831627,-0.065380344,stock returns of Cheung kong (0001.HK),stock return of Sun Hung Kai Prop. (0016.HK),stock returns of Cheung kong (0001.HK),stock return of Sun Hung Kai Prop. (0016.HK),pair0067,/Users/aj9225/Local/meta-learning-ecological-priors-from-llms/functionlearning/data/cause-effects/pairs/pair0067.txt,1,-0.08383830487499999,-0.06037458975,coverage,3919686767
67,21,[-0.023699124],-0.027984519,-0.023699124,-0.027984519,stock returns of Cheung kong (0001.HK),stock return of Sun Hung Kai Prop. (0016.HK),stock returns of Cheung kong (0001.HK),stock return of Sun Hung Kai Prop. (0016.HK),pair0067,/Users/aj9225/Local/meta-learning-ecological-priors-from-llms/functionlearning/data/cause-effects/pairs/pair0067.txt,3,-0.036910874625000006,-0.0134471595,coverage,3919686767
67,22,[0.061358152],0.083631409,0.061358152,0.083631409,stock returns of Cheung kong (0001.HK),stock return of Sun Hung Kai Prop. (0016.HK),stock returns of Cheung kong (0001.HK),stock return of Sun Hung Kai Prop. (0016.HK),pair0067,/Users/aj9225/Local/meta-learning-ecological-priors-from-llms/functionlearning/data/cause-effects/pairs/pair0067.txt,7,0.05694398587499999,0.080407701,coverage,3919686767
67,23,[-0.019983797],-0.0062378168,-0.019983797,-0.0062378168,stock returns of Cheung kong (0001.HK),stock return of Sun Hung Kai Prop. (0016.HK),stock returns of Cheung kong (0001.HK),stock return of Sun Hung Kai Prop. (0016.HK),pair0067,/Users/aj9225/Local/meta-learning-ecological-priors-from-llms/functionlearning/data/cause-effects/pairs/pair0067.txt,3,-0.036910874625000006,-0.0134471595,density,3919686767
68,0,[228953.0],16.0,228953.0,16.0,bytes sent at minute t,open http connections during that minute,bytes sent at minute t,open http connections during that minute,pair0068,/Users/aj9225/Local/meta-learning-ecological-priors-from-llms/functionlearning/data/cause-effects/pairs/pair0068.txt,0,6458.0,2488276.375,density,22614309
68,1,[217051.0],11.0,217051.0,11.0,bytes sent at minute t,open http connections during that minute,bytes sent at minute t,open http connections during that minute,pair0068,/Users/aj9225/Local/meta-learning-ecological-priors-from-llms/functionlearning/data/cause-effects/pairs/pair0068.txt,0,6458.0,2488276.375,density,22614309
68,2,[229829.0],18.0,229829.0,18.0,bytes sent at minute t,open http connections during that minute,bytes sent at minute t,open http connections during that minute,pair0068,/Users/aj9225/Local/meta-learning-ecological-priors-from-llms/functionlearning/data/cause-effects/pairs/pair0068.txt,0,6458.0,2488276.375,density,22614309
68,3,[219215.0],16.0,219215.0,16.0,bytes sent at minute t,open http connections during that minute,bytes sent at minute t,open http connections during that minute,pair0068,/Users/aj9225/Local/meta-learning-ecological-priors-from-llms/functionlearning/data/cause-effects/pairs/pair0068.txt,0,6458.0,2488276.375,density,22614309
68,4,[8325981.0],159.0,8325981.0,159.0,bytes sent at minute t,open http connections during that minute,bytes sent at minute t,open http connections during that minute,pair0068,/Users/aj9225/Local/meta-learning-ecological-priors-from-llms/functionlearning/data/cause-effects/pairs/pair0068.txt,3,7451913.125,9933731.5,coverage,22614309
68,5,[273520.0],36.0,273520.0,36.0,bytes sent at minute t,open http connections during that minute,bytes sent at minute t,open http connections during that minute,pair0068,/Users/aj9225/Local/meta-learning-ecological-priors-from-llms/functionlearning/data/cause-effects/pairs/pair0068.txt,0,6458.0,2488276.375,density,22614309
68,6,[219055.0],17.0,219055.0,17.0,bytes sent at minute t,open http connections during that minute,bytes sent at minute t,open http connections during that minute,pair0068,/Users/aj9225/Local/meta-learning-ecological-priors-from-llms/functionlearning/data/cause-effects/pairs/pair0068.txt,0,6458.0,2488276.375,density,22614309
68,7,[11325990.0],93.0,11325990.0,93.0,bytes sent at minute t,open http connections during that minute,bytes sent at minute t,open http connections during that minute,pair0068,/Users/aj9225/Local/meta-learning-ecological-priors-from-llms/functionlearning/data/cause-effects/pairs/pair0068.txt,4,9933731.5,12415549.875,coverage,22614309
68,8,[6440576.0],85.0,6440576.0,85.0,bytes sent at minute t,open http connections during that minute,bytes sent at minute t,open http connections during that minute,pair0068,/Users/aj9225/Local/meta-learning-ecological-priors-from-llms/functionlearning/data/cause-effects/pairs/pair0068.txt,2,4970094.75,7451913.125,coverage,22614309
68,9,[317862.0],18.0,317862.0,18.0,bytes sent at minute t,open http connections during that minute,bytes sent at minute t,open http connections during that minute,pair0068,/Users/aj9225/Local/meta-learning-ecological-priors-from-llms/functionlearning/data/cause-effects/pairs/pair0068.txt,0,6458.0,2488276.375,density,22614309
68,10,[228762.0],15.0,228762.0,15.0,bytes sent at minute t,open http connections during that minute,bytes sent at minute t,open http connections during that minute,pair0068,/Users/aj9225/Local/meta-learning-ecological-priors-from-llms/functionlearning/data/cause-effects/pairs/pair0068.txt,0,6458.0,2488276.375,density,22614309
68,11,[230972.0],23.0,230972.0,23.0,bytes sent at minute t,open http connections during that minute,bytes sent at minute t,open http connections during that minute,pair0068,/Users/aj9225/Local/meta-learning-ecological-priors-from-llms/functionlearning/data/cause-effects/pairs/pair0068.txt,0,6458.0,2488276.375,density,22614309
68,12,[229656.0],17.0,229656.0,17.0,bytes sent at minute t,open http connections during that minute,bytes sent at minute t,open http connections during that minute,pair0068,/Users/aj9225/Local/meta-learning-ecological-priors-from-llms/functionlearning/data/cause-effects/pairs/pair0068.txt,0,6458.0,2488276.375,density,22614309
68,13,[3240945.0],120.0,3240945.0,120.0,bytes sent at minute t,open http connections during that minute,bytes sent at minute t,open http connections during that minute,pair0068,/Users/aj9225/Local/meta-learning-ecological-priors-from-llms/functionlearning/data/cause-effects/pairs/pair0068.txt,1,2488276.375,4970094.75,coverage,22614309
68,14,[229670.0],17.0,229670.0,17.0,bytes sent at minute t,open http connections during that minute,bytes sent at minute t,open http connections during that minute,pair0068,/Users/aj9225/Local/meta-learning-ecological-priors-from-llms/functionlearning/data/cause-effects/pairs/pair0068.txt,0,6458.0,2488276.375,density,22614309
68,15,[217051.0],11.0,217051.0,11.0,bytes sent at minute t,open http connections during that minute,bytes sent at minute t,open http connections during that minute,pair0068,/Users/aj9225/Local/meta-learning-ecological-priors-from-llms/functionlearning/data/cause-effects/pairs/pair0068.txt,0,6458.0,2488276.375,density,22614309
68,16,[228759.0],15.0,228759.0,15.0,bytes sent at minute t,open http connections during that minute,bytes sent at minute t,open http connections during that minute,pair0068,/Users/aj9225/Local/meta-learning-ecological-priors-from-llms/functionlearning/data/cause-effects/pairs/pair0068.txt,0,6458.0,2488276.375,density,22614309
68,17,[16037552.0],135.0,16037552.0,135.0,bytes sent at minute t,open http connections during that minute,bytes sent at minute t,open http connections during that minute,pair0068,/Users/aj9225/Local/meta-learning-ecological-priors-from-llms/functionlearning/data/cause-effects/pairs/pair0068.txt,6,14897368.25,17379186.625,coverage,22614309
68,18,[228774.0],15.0,228774.0,15.0,bytes sent at minute t,open http connections during that minute,bytes sent at minute t,open http connections during that minute,pair0068,/Users/aj9225/Local/meta-learning-ecological-priors-from-llms/functionlearning/data/cause-effects/pairs/pair0068.txt,0,6458.0,2488276.375,density,22614309
68,19,[228658.0],15.0,228658.0,15.0,bytes sent at minute t,open http connections during that minute,bytes sent at minute t,open http connections during that minute,pair0068,/Users/aj9225/Local/meta-learning-ecological-priors-from-llms/functionlearning/data/cause-effects/pairs/pair0068.txt,0,6458.0,2488276.375,density,22614309
68,20,[19861005.0],356.0,19861005.0,356.0,bytes sent at minute t,open http connections during that minute,bytes sent at minute t,open http connections during that minute,pair0068,/Users/aj9225/Local/meta-learning-ecological-priors-from-llms/functionlearning/data/cause-effects/pairs/pair0068.txt,7,17379186.625,19861005.0,coverage,22614309
68,21,[228925.0],16.0,228925.0,16.0,bytes sent at minute t,open http connections during that minute,bytes sent at minute t,open http connections during that minute,pair0068,/Users/aj9225/Local/meta-learning-ecological-priors-from-llms/functionlearning/data/cause-effects/pairs/pair0068.txt,0,6458.0,2488276.375,coverage,22614309
68,22,[14191950.0],210.0,14191950.0,210.0,bytes sent at minute t,open http connections during that minute,bytes sent at minute t,open http connections during that minute,pair0068,/Users/aj9225/Local/meta-learning-ecological-priors-from-llms/functionlearning/data/cause-effects/pairs/pair0068.txt,5,12415549.875,14897368.25,coverage,22614309
68,23,[218619.0],15.0,218619.0,15.0,bytes sent at minute t,open http connections during that minute,bytes sent at minute t,open http connections during that minute,pair0068,/Users/aj9225/Local/meta-learning-ecological-priors-from-llms/functionlearning/data/cause-effects/pairs/pair0068.txt,0,6458.0,2488276.375,density,22614309
73,0,[11.944587],3742.787351,11.944587,3742.787351,CO2 emissions for different countries in different years,Energy use (kg of oil equivalent per capita) for different countries in different years,CO2 emissions for different countries in different years,Energy use (kg of oil equivalent per capita) for different countries in different years,pair0073,/Users/aj9225/Local/meta-learning-ecological-priors-from-llms/functionlearning/data/cause-effects/pairs/pair0073.txt,1,10.561414875,21.12282975,density,2146567900
73,1,[52.60899],8524.019738,52.60899,8524.019738,CO2 emissions for different countries in different years,Energy use (kg of oil equivalent per capita) for different countries in different years,CO2 emissions for different countries in different years,Energy use (kg of oil equivalent per capita) for different countries in different years,pair0073,/Users/aj9225/Local/meta-learning-ecological-priors-from-llms/functionlearning/data/cause-effects/pairs/pair0073.txt,4,42.2456595,52.807074375,coverage,2146567900
73,2,[5.0037],2271.659325,5.0037,2271.659325,CO2 emissions for different countries in different years,Energy use (kg of oil equivalent per capita) for different countries in different years,CO2 emissions for different countries in different years,Energy use (kg of oil equivalent per capita) for different countries in different years,pair0073,/Users/aj9225/Local/meta-learning-ecological-priors-from-llms/functionlearning/data/cause-effects/pairs/pair0073.txt,0,0.0,10.561414875,coverage,2146567900
73,3,[0.07997],413.414961,0.07997,413.414961,CO2 emissions for different countries in different years,Energy use (kg of oil equivalent per capita) for different countries in different years,CO2 emissions for different countries in different years,Energy use (kg of oil equivalent per capita) for different countries in different years,pair0073,/Users/aj9225/Local/meta-learning-ecological-priors-from-llms/functionlearning/data/cause-effects/pairs/pair0073.txt,0,0.0,10.561414875,density,2146567900
73,4,[0.147596],290.346277,0.147596,290.346277,CO2 emissions for different countries in different years,Energy use (kg of oil equivalent per capita) for different countries in different years,CO2 emissions for different countries in different years,Energy use (kg of oil equivalent per capita) for different countries in different years,pair0073,/Users/aj9225/Local/meta-learning-ecological-priors-from-llms/functionlearning/data/cause-effects/pairs/pair0073.txt,0,0.0,10.561414875,density,2146567900
73,5,[11.90656],3940.251572,11.90656,3940.251572,CO2 emissions for different countries in different years,Energy use (kg of oil equivalent per capita) for different countries in different years,CO2 emissions for different countries in different years,Energy use (kg of oil equivalent per capita) for different countries in different years,pair0073,/Users/aj9225/Local/meta-learning-ecological-priors-from-llms/functionlearning/data/cause-effects/pairs/pair0073.txt,1,10.561414875,21.12282975,coverage,2146567900
73,6,[10.947594],3692.770574,10.947594,3692.770574,CO2 emissions for different countries in different years,Energy use (kg of oil equivalent per capita) for different countries in different years,CO2 emissions for different countries in different years,Energy use (kg of oil equivalent per capita) for different countries in different years,pair0073,/Users/aj9225/Local/meta-learning-ecological-priors-from-llms/functionlearning/data/cause-effects/pairs/pair0073.txt,1,10.561414875,21.12282975,density,2146567900
73,7,[1.03754],1280.08987,1.03754,1280.08987,CO2 emissions for different countries in different years,Energy use (kg of oil equivalent per capita) for different countries in different years,CO2 emissions for different countries in different years,Energy use (kg of oil equivalent per capita) for different countries in different years,pair0073,/Users/aj9225/Local/meta-learning-ecological-priors-from-llms/functionlearning/data/cause-effects/pairs/pair0073.txt,0,0.0,10.561414875,density,2146567900
73,8,[0.966735],525.800859,0.966735,525.800859,CO2 emissions for different countries in different years,Energy use (kg of oil equivalent per capita) for different countries in different years,CO2 emissions for different countries in different years,Energy use (kg of oil equivalent per capita) for different countries in different years,pair0073,/Users/aj9225/Local/meta-learning-ecological-priors-from-llms/functionlearning/data/cause-effects/pairs/pair0073.txt,0,0.0,10.561414875,density,2146567900
73,9,[31.549711],10627.235213,31.549711,10627.235213,CO2 emissions for different countries in different years,Energy use (kg of oil equivalent per capita) for different countries in different years,CO2 emissions for different countries in different years,Energy use (kg of oil equivalent per capita) for different countries in different years,pair0073,/Users/aj9225/Local/meta-learning-ecological-priors-from-llms/functionlearning/data/cause-effects/pairs/pair0073.txt,2,21.12282975,31.684244625,coverage,2146567900
73,10,[10.318291],3560.559132,10.318291,3560.559132,CO2 emissions for different countries in different years,Energy use (kg of oil equivalent per capita) for different countries in different years,CO2 emissions for different countries in different years,Energy use (kg of oil equivalent per capita) for different countries in different years,pair0073,/Users/aj9225/Local/meta-learning-ecological-priors-from-llms/functionlearning/data/cause-effects/pairs/pair0073.txt,0,0.0,10.561414875,density,2146567900
73,11,[2.176736],798.311544,2.176736,798.311544,CO2 emissions for different countries in different years,Energy use (kg of oil equivalent per capita) for different countries in different years,CO2 emissions for different countries in different years,Energy use (kg of oil equivalent per capita) for different countries in different years,pair0073,/Users/aj9225/Local/meta-learning-ecological-priors-from-llms/functionlearning/data/cause-effects/pairs/pair0073.txt,0,0.0,10.561414875,density,2146567900
73,12,[58.956222],19577.929921,58.956222,19577.929921,CO2 emissions for different countries in different years,Energy use (kg of oil equivalent per capita) for different countries in different years,CO2 emissions for different countries in different years,Energy use (kg of oil equivalent per capita) for different countries in different years,pair0073,/Users/aj9225/Local/meta-learning-ecological-priors-from-llms/functionlearning/data/cause-effects/pairs/pair0073.txt,5,52.807074375,63.36848925,coverage,2146567900
73,13,[74.653383],7586.460332,74.653383,7586.460332,CO2 emissions for different countries in different years,Energy use (kg of oil equivalent per capita) for different countries in different years,CO2 emissions for different countries in different years,Energy use (kg of oil equivalent per capita) for different countries in different years,pair0073,/Users/aj9225/Local/meta-learning-ecological-priors-from-llms/functionlearning/data/cause-effects/pairs/pair0073.txt,7,73.92990412500001,84.491319,coverage,2146567900
73,14,[3.373646],1470.88657,3.373646,1470.88657,CO2 emissions for different countries in different years,Energy use (kg of oil equivalent per capita) for different countries in different years,CO2 emissions for different countries in different years,Energy use (kg of oil equivalent per capita) for different countries in different years,pair0073,/Users/aj9225/Local/meta-learning-ecological-priors-from-llms/functionlearning/data/cause-effects/pairs/pair0073.txt,0,0.0,10.561414875,density,2146567900
73,15,[3.754571],778.622075,3.754571,778.622075,CO2 emissions for different countries in different years,Energy use (kg of oil equivalent per capita) for different countries in different years,CO2 emissions for different countries in different years,Energy use (kg of oil equivalent per capita) for different countries in different years,pair0073,/Users/aj9225/Local/meta-learning-ecological-priors-from-llms/functionlearning/data/cause-effects/pairs/pair0073.txt,0,0.0,10.561414875,density,2146567900
73,16,[39.45024],7383.536376,39.45024,7383.536376,CO2 emissions for different countries in different years,Energy use (kg of oil equivalent per capita) for different countries in different years,CO2 emissions for different countries in different years,Energy use (kg of oil equivalent per capita) for different countries in different years,pair0073,/Users/aj9225/Local/meta-learning-ecological-priors-from-llms/functionlearning/data/cause-effects/pairs/pair0073.txt,3,31.684244625,42.2456595,coverage,2146567900
73,17,[4.076173],1441.821055,4.076173,1441.821055,CO2 emissions for different countries in different years,Energy use (kg of oil equivalent per capita) for different countries in different years,CO2 emissions for different countries in different years,Energy use (kg of oil equivalent per capita) for different countries in different years,pair0073,/Users/aj9225/Local/meta-learning-ecological-priors-from-llms/functionlearning/data/cause-effects/pairs/pair0073.txt,0,0.0,10.561414875,density,2146567900
73,18,[6.518129],3779.145756,6.518129,3779.145756,CO2 emissions for different countries in different years,Energy use (kg of oil equivalent per capita) for different countries in different years,CO2 emissions for different countries in different years,Energy use (kg of oil equivalent per capita) for different countries in different years,pair0073,/Users/aj9225/Local/meta-learning-ecological-priors-from-llms/functionlearning/data/cause-effects/pairs/pair0073.txt,0,0.0,10.561414875,density,2146567900
73,19,[0.847709],670.930226,0.847709,670.930226,CO2 emissions for different countries in different years,Energy use (kg of oil equivalent per capita) for different countries in different years,CO2 emissions for different countries in different years,Energy use (kg of oil equivalent per capita) for different countries in different years,pair0073,/Users/aj9225/Local/meta-learning-ecological-priors-from-llms/functionlearning/data/cause-effects/pairs/pair0073.txt,0,0.0,10.561414875,density,2146567900
73,20,[0.737517],358.948736,0.737517,358.948736,CO2 emissions for different countries in different years,Energy use (kg of oil equivalent per capita) for different countries in different years,CO2 emissions for different countries in different years,Energy use (kg of oil equivalent per capita) for different countries in different years,pair0073,/Users/aj9225/Local/meta-learning-ecological-priors-from-llms/functionlearning/data/cause-effects/pairs/pair0073.txt,0,0.0,10.561414875,density,2146567900
73,21,[2.596472],111.891172,2.596472,111.891172,CO2 emissions for different countries in different years,Energy use (kg of oil equivalent per capita) for different countries in different years,CO2 emissions for different countries in different years,Energy use (kg of oil equivalent per capita) for different countries in different years,pair0073,/Users/aj9225/Local/meta-learning-ecological-priors-from-llms/functionlearning/data/cause-effects/pairs/pair0073.txt,0,0.0,10.561414875,density,2146567900
73,22,[6.057445],4384.187713,6.057445,4384.187713,CO2 emissions for different countries in different years,Energy use (kg of oil equivalent per capita) for different countries in different years,CO2 emissions for different countries in different years,Energy use (kg of oil equivalent per capita) for different countries in different years,pair0073,/Users/aj9225/Local/meta-learning-ecological-priors-from-llms/functionlearning/data/cause-effects/pairs/pair0073.txt,0,0.0,10.561414875,density,2146567900
73,23,[65.624977],19243.525074,65.624977,19243.525074,CO2 emissions for different countries in different years,Energy use (kg of oil equivalent per capita) for different countries in different years,CO2 emissions for different countries in different years,Energy use (kg of oil equivalent per capita) for different countries in different years,pair0073,/Users/aj9225/Local/meta-learning-ecological-priors-from-llms/functionlearning/data/cause-effects/pairs/pair0073.txt,6,63.36848925,73.92990412500001,coverage,2146567900
74,0,[670.0],57.0,670.0,57.0,GNI (Gross national income) per capita for different countries (in US$),life expectancy at birth for different countries,GNI (Gross national income) per capita for different countries (in US$),life expectancy at birth for different countries,pair0074,/Users/aj9225/Local/meta-learning-ecological-priors-from-llms/functionlearning/data/cause-effects/pairs/pair0074.txt,0,140.0,11006.25,density,3527149198
74,1,[14540.0],75.0,14540.0,75.0,GNI (Gross national income) per capita for different countries (in US$),life expectancy at birth for different countries,GNI (Gross national income) per capita for different countries (in US$),life expectancy at birth for different countries,pair0074,/Users/aj9225/Local/meta-learning-ecological-priors-from-llms/functionlearning/data/cause-effects/pairs/pair0074.txt,1,11006.25,21872.5,density,3527149198
74,2,[580.0],48.0,580.0,48.0,GNI (Gross national income) per capita for different countries (in US$),life expectancy at birth for different countries,GNI (Gross national income) per capita for different countries (in US$),life expectancy at birth for different countries,pair0074,/Users/aj9225/Local/meta-learning-ecological-priors-from-llms/functionlearning/data/cause-effects/pairs/pair0074.txt,0,140.0,11006.25,density,3527149198
74,3,[1230.0],74.0,1230.0,74.0,GNI (Gross national income) per capita for different countries (in US$),life expectancy at birth for different countries,GNI (Gross national income) per capita for different countries (in US$),life expectancy at birth for different countries,pair0074,/Users/aj9225/Local/meta-learning-ecological-priors-from-llms/functionlearning/data/cause-effects/pairs/pair0074.txt,0,140.0,11006.25,density,3527149198
74,4,[410.0],60.0,410.0,60.0,GNI (Gross national income) per capita for different countries (in US$),life expectancy at birth for different countries,GNI (Gross national income) per capita for different countries (in US$),life expectancy at birth for different countries,pair0074,/Users/aj9225/Local/meta-learning-ecological-priors-from-llms/functionlearning/data/cause-effects/pairs/pair0074.txt,0,140.0,11006.25,density,3527149198
74,5,[600.0],67.0,600.0,67.0,GNI (Gross national income) per capita for different countries (in US$),life expectancy at birth for different countries,GNI (Gross national income) per capita for different countries (in US$),life expectancy at birth for different countries,pair0074,/Users/aj9225/Local/meta-learning-ecological-priors-from-llms/functionlearning/data/cause-effects/pairs/pair0074.txt,0,140.0,11006.25,coverage,3527149198
74,6,[750.0],65.0,750.0,65.0,GNI (Gross national income) per capita for different countries (in US$),life expectancy at birth for different countries,GNI (Gross national income) per capita for different countries (in US$),life expectancy at birth for different countries,pair0074,/Users/aj9225/Local/meta-learning-ecological-priors-from-llms/functionlearning/data/cause-effects/pairs/pair0074.txt,0,140.0,11006.25,density,3527149198
74,7,[7240.0],60.0,7240.0,60.0,GNI (Gross national income) per capita for different countries (in US$),life expectancy at birth for different countries,GNI (Gross national income) per capita for different countries (in US$),life expectancy at birth for different countries,pair0074,/Users/aj9225/Local/meta-learning-ecological-priors-from-llms/functionlearning/data/cause-effects/pairs/pair0074.txt,0,140.0,11006.25,density,3527149198
74,8,[65330.0],82.0,65330.0,82.0,GNI (Gross national income) per capita for different countries (in US$),life expectancy at birth for different countries,GNI (Gross national income) per capita for different countries (in US$),life expectancy at birth for different countries,pair0074,/Users/aj9225/Local/meta-learning-ecological-priors-from-llms/functionlearning/data/cause-effects/pairs/pair0074.txt,5,54471.25,65337.5,coverage,3527149198
74,9,[28650.0],79.0,28650.0,79.0,GNI (Gross national income) per capita for different countries (in US$),life expectancy at birth for different countries,GNI (Gross national income) per capita for different countries (in US$),life expectancy at birth for different countries,pair0074,/Users/aj9225/Local/meta-learning-ecological-priors-from-llms/functionlearning/data/cause-effects/pairs/pair0074.txt,2,21872.5,32738.75,coverage,3527149198
74,10,[42440.0],80.0,42440.0,80.0,GNI (Gross national income) per capita for different countries (in US$),life expectancy at birth for different countries,GNI (Gross national income) per capita for different countries (in US$),life expectancy at birth for different countries,pair0074,/Users/aj9225/Local/meta-learning-ecological-priors-from-llms/functionlearning/data/cause-effects/pairs/pair0074.txt,3,32738.75,43605.0,density,3527149198
74,11,[3942.0],70.0,3942.0,70.0,GNI (Gross national income) per capita for different countries (in US$),life expectancy at birth for different countries,GNI (Gross national income) per capita for different countries (in US$),life expectancy at birth for different countries,pair0074,/Users/aj9225/Local/meta-learning-ecological-priors-from-llms/functionlearning/data/cause-effects/pairs/pair0074.txt,0,140.0,11006.25,density,3527149198
74,12,[45390.0],79.0,45390.0,79.0,GNI (Gross national income) per capita for different countries (in US$),life expectancy at birth for different countries,GNI (Gross national income) per capita for different countries (in US$),life expectancy at birth for different countries,pair0074,/Users/aj9225/Local/meta-learning-ecological-priors-from-llms/functionlearning/data/cause-effects/pairs/pair0074.txt,4,43605.0,54471.25,density,3527149198
74,13,[41730.0],81.0,41730.0,81.0,GNI (Gross national income) per capita for different countries (in US$),life expectancy at birth for different countries,GNI (Gross national income) per capita for different countries (in US$),life expectancy at birth for different countries,pair0074,/Users/aj9225/Local/meta-learning-ecological-priors-from-llms/functionlearning/data/cause-effects/pairs/pair0074.txt,3,32738.75,43605.0,coverage,3527149198
74,14,[3930.0],69.0,3930.0,69.0,GNI (Gross national income) per capita for different countries (in US$),life expectancy at birth for different countries,GNI (Gross national income) per capita for different countries (in US$),life expectancy at birth for different countries,pair0074,/Users/aj9225/Local/meta-learning-ecological-priors-from-llms/functionlearning/data/cause-effects/pairs/pair0074.txt,0,140.0,11006.25,density,3527149198
74,15,[170.0],58.0,170.0,58.0,GNI (Gross national income) per capita for different countries (in US$),life expectancy at birth for different countries,GNI (Gross national income) per capita for different countries (in US$),life expectancy at birth for different countries,pair0074,/Users/aj9225/Local/meta-learning-ecological-priors-from-llms/functionlearning/data/cause-effects/pairs/pair0074.txt,0,140.0,11006.25,density,3527149198
74,16,[2460.0],61.0,2460.0,61.0,GNI (Gross national income) per capita for different countries (in US$),life expectancy at birth for different countries,GNI (Gross national income) per capita for different countries (in US$),life expectancy at birth for different countries,pair0074,/Users/aj9225/Local/meta-learning-ecological-priors-from-llms/functionlearning/data/cause-effects/pairs/pair0074.txt,0,140.0,11006.25,density,3527149198
74,17,[87070.0],81.0,87070.0,81.0,GNI (Gross national income) per capita for different countries (in US$),life expectancy at birth for different countries,GNI (Gross national income) per capita for different countries (in US$),life expectancy at birth for different countries,pair0074,/Users/aj9225/Local/meta-learning-ecological-priors-from-llms/functionlearning/data/cause-effects/pairs/pair0074.txt,7,76203.75,87070.0,coverage,3527149198
74,18,[24010.0],78.0,24010.0,78.0,GNI (Gross national income) per capita for different countries (in US$),life expectancy at birth for different countries,GNI (Gross national income) per capita for different countries (in US$),life expectancy at birth for different countries,pair0074,/Users/aj9225/Local/meta-learning-ecological-priors-from-llms/functionlearning/data/cause-effects/pairs/pair0074.txt,2,21872.5,32738.75,density,3527149198
74,19,[16600.0],77.0,16600.0,77.0,GNI (Gross national income) per capita for different countries (in US$),life expectancy at birth for different countries,GNI (Gross national income) per capita for different countries (in US$),life expectancy at birth for different countries,pair0074,/Users/aj9225/Local/meta-learning-ecological-priors-from-llms/functionlearning/data/cause-effects/pairs/pair0074.txt,1,11006.25,21872.5,density,3527149198
74,20,[1160.0],48.0,1160.0,48.0,GNI (Gross national income) per capita for different countries (in US$),life expectancy at birth for different countries,GNI (Gross national income) per capita for different countries (in US$),life expectancy at birth for different countries,pair0074,/Users/aj9225/Local/meta-learning-ecological-priors-from-llms/functionlearning/data/cause-effects/pairs/pair0074.txt,0,140.0,11006.25,density,3527149198
74,21,[11860.0],73.0,11860.0,73.0,GNI (Gross national income) per capita for different countries (in US$),life expectancy at birth for different countries,GNI (Gross national income) per capita for different countries (in US$),life expectancy at birth for different countries,pair0074,/Users/aj9225/Local/meta-learning-ecological-priors-from-llms/functionlearning/data/cause-effects/pairs/pair0074.txt,1,11006.25,21872.5,coverage,3527149198
74,22,[48120.0],80.0,48120.0,80.0,GNI (Gross national income) per capita for different countries (in US$),life expectancy at birth for different countries,GNI (Gross national income) per capita for different countries (in US$),life expectancy at birth for different countries,pair0074,/Users/aj9225/Local/meta-learning-ecological-priors-from-llms/functionlearning/data/cause-effects/pairs/pair0074.txt,4,43605.0,54471.25,coverage,3527149198
74,23,[1130.0],58.0,1130.0,58.0,GNI (Gross national income) per capita for different countries (in US$),life expectancy at birth for different countries,GNI (Gross national income) per capita for different countries (in US$),life expectancy at birth for different countries,pair0074,/Users/aj9225/Local/meta-learning-ecological-priors-from-llms/functionlearning/data/cause-effects/pairs/pair0074.txt,0,140.0,11006.25,density,3527149198
75,0,[186.0],1160.0,186.0,1160.0,under 5 mortality rate for different countries (deaths per 1000 live births),GNI (Gross national income) per capita for different countries (in US$),under 5 mortality rate for different countries (deaths per 1000 live births),GNI (Gross national income) per capita for different countries (in US$),pair0075,/Users/aj9225/Local/meta-learning-ecological-priors-from-llms/functionlearning/data/cause-effects/pairs/pair0075.txt,5,161.375,193.25,coverage,564533597
75,1,[14.0],7930.0,14.0,7930.0,under 5 mortality rate for different countries (deaths per 1000 live births),GNI (Gross national income) per capita for different countries (in US$),under 5 mortality rate for different countries (deaths per 1000 live births),GNI (Gross national income) per capita for different countries (in US$),pair0075,/Users/aj9225/Local/meta-learning-ecological-priors-from-llms/functionlearning/data/cause-effects/pairs/pair0075.txt,0,2.0,33.875,density,564533597
75,2,[18.0],3930.0,18.0,3930.0,under 5 mortality rate for different countries (deaths per 1000 live births),GNI (Gross national income) per capita for different countries (in US$),under 5 mortality rate for different countries (deaths per 1000 live births),GNI (Gross national income) per capita for different countries (in US$),pair0075,/Users/aj9225/Local/meta-learning-ecological-priors-from-llms/functionlearning/data/cause-effects/pairs/pair0075.txt,0,2.0,33.875,density,564533597
75,3,[135.0],420.0,135.0,420.0,under 5 mortality rate for different countries (deaths per 1000 live births),GNI (Gross national income) per capita for different countries (in US$),under 5 mortality rate for different countries (deaths per 1000 live births),GNI (Gross national income) per capita for different countries (in US$),pair0075,/Users/aj9225/Local/meta-learning-ecological-priors-from-llms/functionlearning/data/cause-effects/pairs/pair0075.txt,4,129.5,161.375,coverage,564533597
75,4,[199.0],150.0,199.0,150.0,under 5 mortality rate for different countries (deaths per 1000 live births),GNI (Gross national income) per capita for different countries (in US$),under 5 mortality rate for different countries (deaths per 1000 live births),GNI (Gross national income) per capita for different countries (in US$),pair0075,/Users/aj9225/Local/meta-learning-ecological-priors-from-llms/functionlearning/data/cause-effects/pairs/pair0075.txt,6,193.25,225.125,density,564533597
75,5,[96.0],340.0,96.0,340.0,under 5 mortality rate for different countries (deaths per 1000 live births),GNI (Gross national income) per capita for different countries (in US$),under 5 mortality rate for different countries (deaths per 1000 live births),GNI (Gross national income) per capita for different countries (in US$),pair0075,/Users/aj9225/Local/meta-learning-ecological-priors-from-llms/functionlearning/data/cause-effects/pairs/pair0075.txt,2,65.75,97.625,density,564533597
75,6,[15.0],8650.0,15.0,8650.0,under 5 mortality rate for different countries (deaths per 1000 live births),GNI (Gross national income) per capita for different countries (in US$),under 5 mortality rate for different countries (deaths per 1000 live births),GNI (Gross national income) per capita for different countries (in US$),pair0075,/Users/aj9225/Local/meta-learning-ecological-priors-from-llms/functionlearning/data/cause-effects/pairs/pair0075.txt,0,2.0,33.875,density,564533597
75,7,[109.0],280.0,109.0,280.0,under 5 mortality rate for different countries (deaths per 1000 live births),GNI (Gross national income) per capita for different countries (in US$),under 5 mortality rate for different countries (deaths per 1000 live births),GNI (Gross national income) per capita for different countries (in US$),pair0075,/Users/aj9225/Local/meta-learning-ecological-priors-from-llms/functionlearning/data/cause-effects/pairs/pair0075.txt,3,97.625,129.5,density,564533597
75,8,[3.0],50940.0,3.0,50940.0,under 5 mortality rate for different countries (deaths per 1000 live births),GNI (Gross national income) per capita for different countries (in US$),under 5 mortality rate for different countries (deaths per 1000 live births),GNI (Gross national income) per capita for different countries (in US$),pair0075,/Users/aj9225/Local/meta-learning-ecological-priors-from-llms/functionlearning/data/cause-effects/pairs/pair0075.txt,0,2.0,33.875,density,564533597
75,9,[72.0],660.0,72.0,660.0,under 5 mortality rate for different countries (deaths per 1000 live births),GNI (Gross national income) per capita for different countries (in US$),under 5 mortality rate for different countries (deaths per 1000 live births),GNI (Gross national income) per capita for different countries (in US$),pair0075,/Users/aj9225/Local/meta-learning-ecological-priors-from-llms/functionlearning/data/cause-effects/pairs/pair0075.txt,2,65.75,97.625,coverage,564533597
75,10,[36.0],2580.0,36.0,2580.0,under 5 mortality rate for different countries (deaths per 1000 live births),GNI (Gross national income) per capita for different countries (in US$),under 5 mortality rate for different countries (deaths per 1000 live births),GNI (Gross national income) per capita for different countries (in US$),pair0075,/Users/aj9225/Local/meta-learning-ecological-priors-from-llms/functionlearning/data/cause-effects/pairs/pair0075.txt,1,33.875,65.75,density,564533597
75,11,[130.0],370.0,130.0,370.0,under 5 mortality rate for different countries (deaths per 1000 live births),GNI (Gross national income) per capita for different countries (in US$),under 5 mortality rate for different countries (deaths per 1000 live births),GNI (Gross national income) per capita for different countries (in US$),pair0075,/Users/aj9225/Local/meta-learning-ecological-priors-from-llms/functionlearning/data/cause-effects/pairs/pair0075.txt,4,129.5,161.375,density,564533597
75,12,[257.0],250.0,257.0,250.0,under 5 mortality rate for different countries (deaths per 1000 live births),GNI (Gross national income) per capita for different countries (in US$),under 5 mortality rate for different countries (deaths per 1000 live births),GNI (Gross national income) per capita for different countries (in US$),pair0075,/Users/aj9225/Local/meta-learning-ecological-priors-from-llms/functionlearning/data/cause-effects/pairs/pair0075.txt,7,225.125,257.0,coverage,564533597
75,13,[58.0],300.0,58.0,300.0,under 5 mortality rate for different countries (deaths per 1000 live births),GNI (Gross national income) per capita for different countries (in US$),under 5 mortality rate for different countries (deaths per 1000 live births),GNI (Gross national income) per capita for different countries (in US$),pair0075,/Users/aj9225/Local/meta-learning-ecological-priors-from-llms/functionlearning/data/cause-effects/pairs/pair0075.txt,1,33.875,65.75,density,564533597
75,14,[35.0],16540.0,35.0,16540.0,under 5 mortality rate for different countries (deaths per 1000 live births),GNI (Gross national income) per capita for different countries (in US$),under 5 mortality rate for different countries (deaths per 1000 live births),GNI (Gross national income) per capita for different countries (in US$),pair0075,/Users/aj9225/Local/meta-learning-ecological-priors-from-llms/functionlearning/data/cause-effects/pairs/pair0075.txt,1,33.875,65.75,coverage,564533597
75,15,[109.0],1130.0,109.0,1130.0,under 5 mortality rate for different countries (deaths per 1000 live births),GNI (Gross national income) per capita for different countries (in US$),under 5 mortality rate for different countries (deaths per 1000 live births),GNI (Gross national income) per capita for different countries (in US$),pair0075,/Users/aj9225/Local/meta-learning-ecological-priors-from-llms/functionlearning/data/cause-effects/pairs/pair0075.txt,3,97.625,129.5,density,564533597
75,16,[8.0],5710.0,8.0,5710.0,under 5 mortality rate for different countries (deaths per 1000 live births),GNI (Gross national income) per capita for different countries (in US$),under 5 mortality rate for different countries (deaths per 1000 live births),GNI (Gross national income) per capita for different countries (in US$),pair0075,/Users/aj9225/Local/meta-learning-ecological-priors-from-llms/functionlearning/data/cause-effects/pairs/pair0075.txt,0,2.0,33.875,coverage,564533597
75,17,[121.0],690.0,121.0,690.0,under 5 mortality rate for different countries (deaths per 1000 live births),GNI (Gross national income) per capita for different countries (in US$),under 5 mortality rate for different countries (deaths per 1000 live births),GNI (Gross national income) per capita for different countries (in US$),pair0075,/Users/aj9225/Local/meta-learning-ecological-priors-from-llms/functionlearning/data/cause-effects/pairs/pair0075.txt,3,97.625,129.5,coverage,564533597
75,18,[17.0],9980.0,17.0,9980.0,under 5 mortality rate for different countries (deaths per 1000 live births),GNI (Gross national income) per capita for different countries (in US$),under 5 mortality rate for different countries (deaths per 1000 live births),GNI (Gross national income) per capita for different countries (in US$),pair0075,/Users/aj9225/Local/meta-learning-ecological-priors-from-llms/functionlearning/data/cause-effects/pairs/pair0075.txt,0,2.0,33.875,density,564533597
75,19,[6.0],40772.0,6.0,40772.0,under 5 mortality rate for different countries (deaths per 1000 live births),GNI (Gross national income) per capita for different countries (in US$),under 5 mortality rate for different countries (deaths per 1000 live births),GNI (Gross national income) per capita for different countries (in US$),pair0075,/Users/aj9225/Local/meta-learning-ecological-priors-from-llms/functionlearning/data/cause-effects/pairs/pair0075.txt,0,2.0,33.875,density,564533597
75,20,[17.0],11590.0,17.0,11590.0,under 5 mortality rate for different countries (deaths per 1000 live births),GNI (Gross national income) per capita for different countries (in US$),under 5 mortality rate for different countries (deaths per 1000 live births),GNI (Gross national income) per capita for different countries (in US$),pair0075,/Users/aj9225/Local/meta-learning-ecological-priors-from-llms/functionlearning/data/cause-effects/pairs/pair0075.txt,0,2.0,33.875,density,564533597
75,21,[33.0],2330.0,33.0,2330.0,under 5 mortality rate for different countries (deaths per 1000 live births),GNI (Gross national income) per capita for different countries (in US$),under 5 mortality rate for different countries (deaths per 1000 live births),GNI (Gross national income) per capita for different countries (in US$),pair0075,/Users/aj9225/Local/meta-learning-ecological-priors-from-llms/functionlearning/data/cause-effects/pairs/pair0075.txt,0,2.0,33.875,density,564533597
75,22,[220.0],3450.0,220.0,3450.0,under 5 mortality rate for different countries (deaths per 1000 live births),GNI (Gross national income) per capita for different countries (in US$),under 5 mortality rate for different countries (deaths per 1000 live births),GNI (Gross national income) per capita for different countries (in US$),pair0075,/Users/aj9225/Local/meta-learning-ecological-priors-from-llms/functionlearning/data/cause-effects/pairs/pair0075.txt,6,193.25,225.125,coverage,564533597
75,23,[11.0],38420.0,11.0,38420.0,under 5 mortality rate for different countries (deaths per 1000 live births),GNI (Gross national income) per capita for different countries (in US$),under 5 mortality rate for different countries (deaths per 1000 live births),GNI (Gross national income) per capita for different countries (in US$),pair0075,/Users/aj9225/Local/meta-learning-ecological-priors-from-llms/functionlearning/data/cause-effects/pairs/pair0075.txt,0,2.0,33.875,density,564533597
76,0,[0.0],0.1,0.0,0.1,the average annual rate of change of population;,the average annual rate of change of total dietary consumption for total population (kcal/day),the average annual rate of change of population;,the average annual rate of change of total dietary consumption for total population (kcal/day),pair0076,/Users/aj9225/Local/meta-learning-ecological-priors-from-llms/functionlearning/data/cause-effects/pairs/pair0076.txt,4,-0.25,1.4874999999999998,coverage,3423387128
76,1,[-3.4],-5.0,-3.4,-5.0,the average annual rate of change of population;,the average annual rate of change of total dietary consumption for total population (kcal/day),the average annual rate of change of population;,the average annual rate of change of total dietary consumption for total population (kcal/day),pair0076,/Users/aj9225/Local/meta-learning-ecological-priors-from-llms/functionlearning/data/cause-effects/pairs/pair0076.txt,2,-3.725,-1.9874999999999998,density,3423387128
76,2,[-0.2],0.2,-0.2,0.2,the average annual rate of change of population;,the average annual rate of change of total dietary consumption for total population (kcal/day),the average annual rate of change of population;,the average annual rate of change of total dietary consumption for total population (kcal/day),pair0076,/Users/aj9225/Local/meta-learning-ecological-priors-from-llms/functionlearning/data/cause-effects/pairs/pair0076.txt,4,-0.25,1.4874999999999998,density,3423387128
76,3,[3.3],5.2,3.3,5.2,the average annual rate of change of population;,the average annual rate of change of total dietary consumption for total population (kcal/day),the average annual rate of change of population;,the average annual rate of change of total dietary consumption for total population (kcal/day),pair0076,/Users/aj9225/Local/meta-learning-ecological-priors-from-llms/functionlearning/data/cause-effects/pairs/pair0076.txt,6,3.2250000000000005,4.9624999999999995,coverage,3423387128
76,4,[-0.6],-1.3,-0.6,-1.3,the average annual rate of change of population;,the average annual rate of change of total dietary consumption for total population (kcal/day),the average annual rate of change of population;,the average annual rate of change of total dietary consumption for total population (kcal/day),pair0076,/Users/aj9225/Local/meta-learning-ecological-priors-from-llms/functionlearning/data/cause-effects/pairs/pair0076.txt,3,-1.9874999999999998,-0.25,density,3423387128
76,5,[-1.8],-2.2,-1.8,-2.2,the average annual rate of change of population;,the average annual rate of change of total dietary consumption for total population (kcal/day),the average annual rate of change of population;,the average annual rate of change of total dietary consumption for total population (kcal/day),pair0076,/Users/aj9225/Local/meta-learning-ecological-priors-from-llms/functionlearning/data/cause-effects/pairs/pair0076.txt,3,-1.9874999999999998,-0.25,coverage,3423387128
76,6,[1.5],2.1,1.5,2.1,the average annual rate of change of population;,the average annual rate of change of total dietary consumption for total population (kcal/day),the average annual rate of change of population;,the average annual rate of change of total dietary consumption for total population (kcal/day),pair0076,/Users/aj9225/Local/meta-learning-ecological-priors-from-llms/functionlearning/data/cause-effects/pairs/pair0076.txt,5,1.4874999999999998,3.2250000000000005,density,3423387128
76,7,[1.7],2.2,1.7,2.2,the average annual rate of change of population;,the average annual rate of change of total dietary consumption for total population (kcal/day),the average annual rate of change of population;,the average annual rate of change of total dietary consumption for total population (kcal/day),pair0076,/Users/aj9225/Local/meta-learning-ecological-priors-from-llms/functionlearning/data/cause-effects/pairs/pair0076.txt,5,1.4874999999999998,3.2250000000000005,density,3423387128
76,8,[5.4],5.2,5.4,5.2,the average annual rate of change of population;,the average annual rate of change of total dietary consumption for total population (kcal/day),the average annual rate of change of population;,the average annual rate of change of total dietary consumption for total population (kcal/day),pair0076,/Users/aj9225/Local/meta-learning-ecological-priors-from-llms/functionlearning/data/cause-effects/pairs/pair0076.txt,7,4.9624999999999995,6.7,coverage,3423387128
76,9,[-2.0],-2.5,-2.0,-2.5,the average annual rate of change of population;,the average annual rate of change of total dietary consumption for total population (kcal/day),the average annual rate of change of population;,the average annual rate of change of total dietary consumption for total population (kcal/day),pair0076,/Users/aj9225/Local/meta-learning-ecological-priors-from-llms/functionlearning/data/cause-effects/pairs/pair0076.txt,2,-3.725,-1.9874999999999998,coverage,3423387128
76,10,[-2.4],-2.9,-2.4,-2.9,the average annual rate of change of population;,the average annual rate of change of total dietary consumption for total population (kcal/day),the average annual rate of change of population;,the average annual rate of change of total dietary consumption for total population (kcal/day),pair0076,/Users/aj9225/Local/meta-learning-ecological-priors-from-llms/functionlearning/data/cause-effects/pairs/pair0076.txt,2,-3.725,-1.9874999999999998,density,3423387128
76,11,[0.5],-0.7,0.5,-0.7,the average annual rate of change of population;,the average annual rate of change of total dietary consumption for total population (kcal/day),the average annual rate of change of population;,the average annual rate of change of total dietary consumption for total population (kcal/day),pair0076,/Users/aj9225/Local/meta-learning-ecological-priors-from-llms/functionlearning/data/cause-effects/pairs/pair0076.txt,4,-0.25,1.4874999999999998,density,3423387128
76,12,[0.7],1.3,0.7,1.3,the average annual rate of change of population;,the average annual rate of change of total dietary consumption for total population (kcal/day),the average annual rate of change of population;,the average annual rate of change of total dietary consumption for total population (kcal/day),pair0076,/Users/aj9225/Local/meta-learning-ecological-priors-from-llms/functionlearning/data/cause-effects/pairs/pair0076.txt,4,-0.25,1.4874999999999998,density,3423387128
76,13,[-7.0],-6.4,-7.0,-6.4,the average annual rate of change of population;,the average annual rate of change of total dietary consumption for total population (kcal/day),the average annual rate of change of population;,the average annual rate of change of total dietary consumption for total population (kcal/day),pair0076,/Users/aj9225/Local/meta-learning-ecological-priors-from-llms/functionlearning/data/cause-effects/pairs/pair0076.txt,0,-7.2,-5.4625,coverage,3423387128
76,14,[1.5],2.9,1.5,2.9,the average annual rate of change of population;,the average annual rate of change of total dietary consumption for total population (kcal/day),the average annual rate of change of population;,the average annual rate of change of total dietary consumption for total population (kcal/day),pair0076,/Users/aj9225/Local/meta-learning-ecological-priors-from-llms/functionlearning/data/cause-effects/pairs/pair0076.txt,5,1.4874999999999998,3.2250000000000005,density,3423387128
76,15,[-1.5],-0.9,-1.5,-0.9,the average annual rate of change of population;,the average annual rate of change of total dietary consumption for total population (kcal/day),the average annual rate of change of population;,the average annual rate of change of total dietary consumption for total population (kcal/day),pair0076,/Users/aj9225/Local/meta-learning-ecological-priors-from-llms/functionlearning/data/cause-effects/pairs/pair0076.txt,3,-1.9874999999999998,-0.25,density,3423387128
76,16,[-1.0],-0.7,-1.0,-0.7,the average annual rate of change of population;,the average annual rate of change of total dietary consumption for total population (kcal/day),the average annual rate of change of population;,the average annual rate of change of total dietary consumption for total population (kcal/day),pair0076,/Users/aj9225/Local/meta-learning-ecological-priors-from-llms/functionlearning/data/cause-effects/pairs/pair0076.txt,3,-1.9874999999999998,-0.25,density,3423387128
76,17,[-0.1],2.7,-0.1,2.7,the average annual rate of change of population;,the average annual rate of change of total dietary consumption for total population (kcal/day),the average annual rate of change of population;,the average annual rate of change of total dietary consumption for total population (kcal/day),pair0076,/Users/aj9225/Local/meta-learning-ecological-priors-from-llms/functionlearning/data/cause-effects/pairs/pair0076.txt,4,-0.25,1.4874999999999998,density,3423387128
76,18,[-3.8],-6.0,-3.8,-6.0,the average annual rate of change of population;,the average annual rate of change of total dietary consumption for total population (kcal/day),the average annual rate of change of population;,the average annual rate of change of total dietary consumption for total population (kcal/day),pair0076,/Users/aj9225/Local/meta-learning-ecological-priors-from-llms/functionlearning/data/cause-effects/pairs/pair0076.txt,1,-5.4625,-3.725,coverage,3423387128
76,19,[2.7],3.7,2.7,3.7,the average annual rate of change of population;,the average annual rate of change of total dietary consumption for total population (kcal/day),the average annual rate of change of population;,the average annual rate of change of total dietary consumption for total population (kcal/day),pair0076,/Users/aj9225/Local/meta-learning-ecological-priors-from-llms/functionlearning/data/cause-effects/pairs/pair0076.txt,5,1.4874999999999998,3.2250000000000005,density,3423387128
76,20,[-2.2],-2.9,-2.2,-2.9,the average annual rate of change of population;,the average annual rate of change of total dietary consumption for total population (kcal/day),the average annual rate of change of population;,the average annual rate of change of total dietary consumption for total population (kcal/day),pair0076,/Users/aj9225/Local/meta-learning-ecological-priors-from-llms/functionlearning/data/cause-effects/pairs/pair0076.txt,2,-3.725,-1.9874999999999998,density,3423387128
76,21,[-1.2],-0.9,-1.2,-0.9,the average annual rate of change of population;,the average annual rate of change of total dietary consumption for total population (kcal/day),the average annual rate of change of population;,the average annual rate of change of total dietary consumption for total population (kcal/day),pair0076,/Users/aj9225/Local/meta-learning-ecological-priors-from-llms/functionlearning/data/cause-effects/pairs/pair0076.txt,3,-1.9874999999999998,-0.25,density,3423387128
76,22,[3.1],1.3,3.1,1.3,the average annual rate of change of population;,the average annual rate of change of total dietary consumption for total population (kcal/day),the average annual rate of change of population;,the average annual rate of change of total dietary consumption for total population (kcal/day),pair0076,/Users/aj9225/Local/meta-learning-ecological-priors-from-llms/functionlearning/data/cause-effects/pairs/pair0076.txt,5,1.4874999999999998,3.2250000000000005,coverage,3423387128
76,23,[0.7],2.8,0.7,2.8,the average annual rate of change of population;,the average annual rate of change of total dietary consumption for total population (kcal/day),the average annual rate of change of population;,the average annual rate of change of total dietary consumption for total population (kcal/day),pair0076,/Users/aj9225/Local/meta-learning-ecological-priors-from-llms/functionlearning/data/cause-effects/pairs/pair0076.txt,4,-0.25,1.4874999999999998,density,3423387128
78,0,[1351.7],27.136,1351.7,27.136,PPFD (Photosynthetic Photon Flux Density),NEP (Net Ecosystem Productivity),PPFD (Photosynthetic Photon Flux Density),NEP (Net Ecosystem Productivity),pair0078,/Users/aj9225/Local/meta-learning-ecological-priors-from-llms/functionlearning/data/cause-effects/pairs/pair0078.txt,6,1316.25,1534.925,coverage,511457568
78,1,[1492.3],21.864,1492.3,21.864,PPFD (Photosynthetic Photon Flux Density),NEP (Net Ecosystem Productivity),PPFD (Photosynthetic Photon Flux Density),NEP (Net Ecosystem Productivity),pair0078,/Users/aj9225/Local/meta-learning-ecological-priors-from-llms/functionlearning/data/cause-effects/pairs/pair0078.txt,6,1316.25,1534.925,density,511457568
78,2,[63.4],0.747,63.4,0.747,PPFD (Photosynthetic Photon Flux Density),NEP (Net Ecosystem Productivity),PPFD (Photosynthetic Photon Flux Density),NEP (Net Ecosystem Productivity),pair0078,/Users/aj9225/Local/meta-learning-ecological-priors-from-llms/functionlearning/data/cause-effects/pairs/pair0078.txt,0,4.2,222.87499999999997,density,511457568
78,3,[989.7],21.226,989.7,21.226,PPFD (Photosynthetic Photon Flux Density),NEP (Net Ecosystem Productivity),PPFD (Photosynthetic Photon Flux Density),NEP (Net Ecosystem Productivity),pair0078,/Users/aj9225/Local/meta-learning-ecological-priors-from-llms/functionlearning/data/cause-effects/pairs/pair0078.txt,4,878.9,1097.575,density,511457568
78,4,[694.5],22.545,694.5,22.545,PPFD (Photosynthetic Photon Flux Density),NEP (Net Ecosystem Productivity),PPFD (Photosynthetic Photon Flux Density),NEP (Net Ecosystem Productivity),pair0078,/Users/aj9225/Local/meta-learning-ecological-priors-from-llms/functionlearning/data/cause-effects/pairs/pair0078.txt,3,660.225,878.9,density,511457568
78,5,[593.4],11.105,593.4,11.105,PPFD (Photosynthetic Photon Flux Density),NEP (Net Ecosystem Productivity),PPFD (Photosynthetic Photon Flux Density),NEP (Net Ecosystem Productivity),pair0078,/Users/aj9225/Local/meta-learning-ecological-priors-from-llms/functionlearning/data/cause-effects/pairs/pair0078.txt,2,441.54999999999995,660.225,density,511457568
78,6,[945.1],28.195,945.1,28.195,PPFD (Photosynthetic Photon Flux Density),NEP (Net Ecosystem Productivity),PPFD (Photosynthetic Photon Flux Density),NEP (Net Ecosystem Productivity),pair0078,/Users/aj9225/Local/meta-learning-ecological-priors-from-llms/functionlearning/data/cause-effects/pairs/pair0078.txt,4,878.9,1097.575,density,511457568
78,7,[977.4],16.718,977.4,16.718,PPFD (Photosynthetic Photon Flux Density),NEP (Net Ecosystem Productivity),PPFD (Photosynthetic Photon Flux Density),NEP (Net Ecosystem Productivity),pair0078,/Users/aj9225/Local/meta-learning-ecological-priors-from-llms/functionlearning/data/cause-effects/pairs/pair0078.txt,4,878.9,1097.575,coverage,511457568
78,8,[206.0],4.967,206.0,4.967,PPFD (Photosynthetic Photon Flux Density),NEP (Net Ecosystem Productivity),PPFD (Photosynthetic Photon Flux Density),NEP (Net Ecosystem Productivity),pair0078,/Users/aj9225/Local/meta-learning-ecological-priors-from-llms/functionlearning/data/cause-effects/pairs/pair0078.txt,0,4.2,222.87499999999997,coverage,511457568
78,9,[457.9],12.011,457.9,12.011,PPFD (Photosynthetic Photon Flux Density),NEP (Net Ecosystem Productivity),PPFD (Photosynthetic Photon Flux Density),NEP (Net Ecosystem Productivity),pair0078,/Users/aj9225/Local/meta-learning-ecological-priors-from-llms/functionlearning/data/cause-effects/pairs/pair0078.txt,2,441.54999999999995,660.225,density,511457568
78,10,[387.2],14.521,387.2,14.521,PPFD (Photosynthetic Photon Flux Density),NEP (Net Ecosystem Productivity),PPFD (Photosynthetic Photon Flux Density),NEP (Net Ecosystem Productivity),pair0078,/Users/aj9225/Local/meta-learning-ecological-priors-from-llms/functionlearning/data/cause-effects/pairs/pair0078.txt,1,222.87499999999997,441.54999999999995,coverage,511457568
78,11,[370.2],11.476,370.2,11.476,PPFD (Photosynthetic Photon Flux Density),NEP (Net Ecosystem Productivity),PPFD (Photosynthetic Photon Flux Density),NEP (Net Ecosystem Productivity),pair0078,/Users/aj9225/Local/meta-learning-ecological-priors-from-llms/functionlearning/data/cause-effects/pairs/pair0078.txt,1,222.87499999999997,441.54999999999995,density,511457568
78,12,[806.6],18.236,806.6,18.236,PPFD (Photosynthetic Photon Flux Density),NEP (Net Ecosystem Productivity),PPFD (Photosynthetic Photon Flux Density),NEP (Net Ecosystem Productivity),pair0078,/Users/aj9225/Local/meta-learning-ecological-priors-from-llms/functionlearning/data/cause-effects/pairs/pair0078.txt,3,660.225,878.9,coverage,511457568
78,13,[1572.8],15.615,1572.8,15.615,PPFD (Photosynthetic Photon Flux Density),NEP (Net Ecosystem Productivity),PPFD (Photosynthetic Photon Flux Density),NEP (Net Ecosystem Productivity),pair0078,/Users/aj9225/Local/meta-learning-ecological-priors-from-llms/functionlearning/data/cause-effects/pairs/pair0078.txt,7,1534.925,1753.6,density,511457568
78,14,[556.2],17.791,556.2,17.791,PPFD (Photosynthetic Photon Flux Density),NEP (Net Ecosystem Productivity),PPFD (Photosynthetic Photon Flux Density),NEP (Net Ecosystem Productivity),pair0078,/Users/aj9225/Local/meta-learning-ecological-priors-from-llms/functionlearning/data/cause-effects/pairs/pair0078.txt,2,441.54999999999995,660.225,coverage,511457568
78,15,[54.9],2.535,54.9,2.535,PPFD (Photosynthetic Photon Flux Density),NEP (Net Ecosystem Productivity),PPFD (Photosynthetic Photon Flux Density),NEP (Net Ecosystem Productivity),pair0078,/Users/aj9225/Local/meta-learning-ecological-priors-from-llms/functionlearning/data/cause-effects/pairs/pair0078.txt,0,4.2,222.87499999999997,density,511457568
78,16,[1215.7],16.235,1215.7,16.235,PPFD (Photosynthetic Photon Flux Density),NEP (Net Ecosystem Productivity),PPFD (Photosynthetic Photon Flux Density),NEP (Net Ecosystem Productivity),pair0078,/Users/aj9225/Local/meta-learning-ecological-priors-from-llms/functionlearning/data/cause-effects/pairs/pair0078.txt,5,1097.575,1316.25,density,511457568
78,17,[1112.4],18.729,1112.4,18.729,PPFD (Photosynthetic Photon Flux Density),NEP (Net Ecosystem Productivity),PPFD (Photosynthetic Photon Flux Density),NEP (Net Ecosystem Productivity),pair0078,/Users/aj9225/Local/meta-learning-ecological-priors-from-llms/functionlearning/data/cause-effects/pairs/pair0078.txt,5,1097.575,1316.25,coverage,511457568
78,18,[721.9],22.019,721.9,22.019,PPFD (Photosynthetic Photon Flux Density),NEP (Net Ecosystem Productivity),PPFD (Photosynthetic Photon Flux Density),NEP (Net Ecosystem Productivity),pair0078,/Users/aj9225/Local/meta-learning-ecological-priors-from-llms/functionlearning/data/cause-effects/pairs/pair0078.txt,3,660.225,878.9,density,511457568
78,19,[205.5],6.673,205.5,6.673,PPFD (Photosynthetic Photon Flux Density),NEP (Net Ecosystem Productivity),PPFD (Photosynthetic Photon Flux Density),NEP (Net Ecosystem Productivity),pair0078,/Users/aj9225/Local/meta-learning-ecological-priors-from-llms/functionlearning/data/cause-effects/pairs/pair0078.txt,0,4.2,222.87499999999997,density,511457568
78,20,[239.8],5.796,239.8,5.796,PPFD (Photosynthetic Photon Flux Density),NEP (Net Ecosystem Productivity),PPFD (Photosynthetic Photon Flux Density),NEP (Net Ecosystem Productivity),pair0078,/Users/aj9225/Local/meta-learning-ecological-priors-from-llms/functionlearning/data/cause-effects/pairs/pair0078.txt,1,222.87499999999997,441.54999999999995,density,511457568
78,21,[28.1],-3.392,28.1,-3.392,PPFD (Photosynthetic Photon Flux Density),NEP (Net Ecosystem Productivity),PPFD (Photosynthetic Photon Flux Density),NEP (Net Ecosystem Productivity),pair0078,/Users/aj9225/Local/meta-learning-ecological-priors-from-llms/functionlearning/data/cause-effects/pairs/pair0078.txt,0,4.2,222.87499999999997,density,511457568
78,22,[285.5],9.15,285.5,9.15,PPFD (Photosynthetic Photon Flux Density),NEP (Net Ecosystem Productivity),PPFD (Photosynthetic Photon Flux Density),NEP (Net Ecosystem Productivity),pair0078,/Users/aj9225/Local/meta-learning-ecological-priors-from-llms/functionlearning/data/cause-effects/pairs/pair0078.txt,1,222.87499999999997,441.54999999999995,density,511457568
78,23,[1697.4],32.709,1697.4,32.709,PPFD (Photosynthetic Photon Flux Density),NEP (Net Ecosystem Productivity),PPFD (Photosynthetic Photon Flux Density),NEP (Net Ecosystem Productivity),pair0078,/Users/aj9225/Local/meta-learning-ecological-priors-from-llms/functionlearning/data/cause-effects/pairs/pair0078.txt,7,1534.925,1753.6,coverage,511457568
84,0,[8.9018],10.0324,8.9018,10.0324,the natural logarithm of employment in 1980 in 3102 counties in US;,the natural logorithm of the corresponding population,the natural logarithm of employment in 1980 in 3102 counties in US;,the natural logorithm of the corresponding population,pair0084,/Users/aj9225/Local/meta-learning-ecological-priors-from-llms/functionlearning/data/cause-effects/pairs/pair0084.txt,3,8.0267625,9.43345,density,2009765318
84,1,[9.4148],10.5002,9.4148,10.5002,the natural logarithm of employment in 1980 in 3102 counties in US;,the natural logorithm of the corresponding population,the natural logarithm of employment in 1980 in 3102 counties in US;,the natural logorithm of the corresponding population,pair0084,/Users/aj9225/Local/meta-learning-ecological-priors-from-llms/functionlearning/data/cause-effects/pairs/pair0084.txt,3,8.0267625,9.43345,density,2009765318
84,2,[8.9215],9.9384,8.9215,9.9384,the natural logarithm of employment in 1980 in 3102 counties in US;,the natural logorithm of the corresponding population,the natural logarithm of employment in 1980 in 3102 counties in US;,the natural logorithm of the corresponding population,pair0084,/Users/aj9225/Local/meta-learning-ecological-priors-from-llms/functionlearning/data/cause-effects/pairs/pair0084.txt,3,8.0267625,9.43345,density,2009765318
84,3,[8.334],9.3838,8.334,9.3838,the natural logarithm of employment in 1980 in 3102 counties in US;,the natural logorithm of the corresponding population,the natural logarithm of employment in 1980 in 3102 counties in US;,the natural logorithm of the corresponding population,pair0084,/Users/aj9225/Local/meta-learning-ecological-priors-from-llms/functionlearning/data/cause-effects/pairs/pair0084.txt,3,8.0267625,9.43345,density,2009765318
84,4,[12.7443],13.3983,12.7443,13.3983,the natural logarithm of employment in 1980 in 3102 counties in US;,the natural logorithm of the corresponding population,the natural logarithm of employment in 1980 in 3102 counties in US;,the natural logorithm of the corresponding population,pair0084,/Users/aj9225/Local/meta-learning-ecological-priors-from-llms/functionlearning/data/cause-effects/pairs/pair0084.txt,6,12.246824999999998,13.653512499999998,density,2009765318
84,5,[9.5093],10.5747,9.5093,10.5747,the natural logarithm of employment in 1980 in 3102 counties in US;,the natural logorithm of the corresponding population,the natural logarithm of employment in 1980 in 3102 counties in US;,the natural logorithm of the corresponding population,pair0084,/Users/aj9225/Local/meta-learning-ecological-priors-from-llms/functionlearning/data/cause-effects/pairs/pair0084.txt,4,9.43345,10.8401375,density,2009765318
84,6,[8.8019],9.6295,8.8019,9.6295,the natural logarithm of employment in 1980 in 3102 counties in US;,the natural logorithm of the corresponding population,the natural logarithm of employment in 1980 in 3102 counties in US;,the natural logorithm of the corresponding population,pair0084,/Users/aj9225/Local/meta-learning-ecological-priors-from-llms/functionlearning/data/cause-effects/pairs/pair0084.txt,3,8.0267625,9.43345,density,2009765318
84,7,[7.3859],8.3272,7.3859,8.3272,the natural logarithm of employment in 1980 in 3102 counties in US;,the natural logorithm of the corresponding population,the natural logarithm of employment in 1980 in 3102 counties in US;,the natural logorithm of the corresponding population,pair0084,/Users/aj9225/Local/meta-learning-ecological-priors-from-llms/functionlearning/data/cause-effects/pairs/pair0084.txt,2,6.620075,8.0267625,density,2009765318
84,8,[9.684],10.5322,9.684,10.5322,the natural logarithm of employment in 1980 in 3102 counties in US;,the natural logorithm of the corresponding population,the natural logarithm of employment in 1980 in 3102 counties in US;,the natural logorithm of the corresponding population,pair0084,/Users/aj9225/Local/meta-learning-ecological-priors-from-llms/functionlearning/data/cause-effects/pairs/pair0084.txt,4,9.43345,10.8401375,coverage,2009765318
84,9,[7.1261],8.3903,7.1261,8.3903,the natural logarithm of employment in 1980 in 3102 counties in US;,the natural logorithm of the corresponding population,the natural logarithm of employment in 1980 in 3102 counties in US;,the natural logorithm of the corresponding population,pair0084,/Users/aj9225/Local/meta-learning-ecological-priors-from-llms/functionlearning/data/cause-effects/pairs/pair0084.txt,2,6.620075,8.0267625,density,2009765318
84,10,[10.6822],11.6161,10.6822,11.6161,the natural logarithm of employment in 1980 in 3102 counties in US;,the natural logorithm of the corresponding population,the natural logarithm of employment in 1980 in 3102 counties in US;,the natural logorithm of the corresponding population,pair0084,/Users/aj9225/Local/meta-learning-ecological-priors-from-llms/functionlearning/data/cause-effects/pairs/pair0084.txt,4,9.43345,10.8401375,density,2009765318
84,11,[9.4777],10.3241,9.4777,10.3241,the natural logarithm of employment in 1980 in 3102 counties in US;,the natural logorithm of the corresponding population,the natural logarithm of employment in 1980 in 3102 counties in US;,the natural logorithm of the corresponding population,pair0084,/Users/aj9225/Local/meta-learning-ecological-priors-from-llms/functionlearning/data/cause-effects/pairs/pair0084.txt,4,9.43345,10.8401375,density,2009765318
84,12,[10.9948],11.8194,10.9948,11.8194,the natural logarithm of employment in 1980 in 3102 counties in US;,the natural logorithm of the corresponding population,the natural logarithm of employment in 1980 in 3102 counties in US;,the natural logorithm of the corresponding population,pair0084,/Users/aj9225/Local/meta-learning-ecological-priors-from-llms/functionlearning/data/cause-effects/pairs/pair0084.txt,5,10.8401375,12.246824999999998,density,2009765318
84,13,[9.0092],9.8087,9.0092,9.8087,the natural logarithm of employment in 1980 in 3102 counties in US;,the natural logorithm of the corresponding population,the natural logarithm of employment in 1980 in 3102 counties in US;,the natural logorithm of the corresponding population,pair0084,/Users/aj9225/Local/meta-learning-ecological-priors-from-llms/functionlearning/data/cause-effects/pairs/pair0084.txt,3,8.0267625,9.43345,coverage,2009765318
84,14,[13.345],14.3392,13.345,14.3392,the natural logarithm of employment in 1980 in 3102 counties in US;,the natural logorithm of the corresponding population,the natural logarithm of employment in 1980 in 3102 counties in US;,the natural logorithm of the corresponding population,pair0084,/Users/aj9225/Local/meta-learning-ecological-priors-from-llms/functionlearning/data/cause-effects/pairs/pair0084.txt,6,12.246824999999998,13.653512499999998,coverage,2009765318
84,15,[8.427],9.5005,8.427,9.5005,the natural logarithm of employment in 1980 in 3102 counties in US;,the natural logorithm of the corresponding population,the natural logarithm of employment in 1980 in 3102 counties in US;,the natural logorithm of the corresponding population,pair0084,/Users/aj9225/Local/meta-learning-ecological-priors-from-llms/functionlearning/data/cause-effects/pairs/pair0084.txt,3,8.0267625,9.43345,density,2009765318
84,16,[9.6708],10.4773,9.6708,10.4773,the natural logarithm of employment in 1980 in 3102 counties in US;,the natural logorithm of the corresponding population,the natural logarithm of employment in 1980 in 3102 counties in US;,the natural logorithm of the corresponding population,pair0084,/Users/aj9225/Local/meta-learning-ecological-priors-from-llms/functionlearning/data/cause-effects/pairs/pair0084.txt,4,9.43345,10.8401375,density,2009765318
84,17,[14.0183],14.695,14.0183,14.695,the natural logarithm of employment in 1980 in 3102 counties in US;,the natural logorithm of the corresponding population,the natural logarithm of employment in 1980 in 3102 counties in US;,the natural logorithm of the corresponding population,pair0084,/Users/aj9225/Local/meta-learning-ecological-priors-from-llms/functionlearning/data/cause-effects/pairs/pair0084.txt,7,13.653512499999998,15.0602,coverage,2009765318
84,18,[7.2738],8.2511,7.2738,8.2511,the natural logarithm of employment in 1980 in 3102 counties in US;,the natural logorithm of the corresponding population,the natural logarithm of employment in 1980 in 3102 counties in US;,the natural logorithm of the corresponding population,pair0084,/Users/aj9225/Local/meta-learning-ecological-priors-from-llms/functionlearning/data/cause-effects/pairs/pair0084.txt,2,6.620075,8.0267625,coverage,2009765318
84,19,[5.9506],6.6896,5.9506,6.6896,the natural logarithm of employment in 1980 in 3102 counties in US;,the natural logorithm of the corresponding population,the natural logarithm of employment in 1980 in 3102 counties in US;,the natural logorithm of the corresponding population,pair0084,/Users/aj9225/Local/meta-learning-ecological-priors-from-llms/functionlearning/data/cause-effects/pairs/pair0084.txt,1,5.2133875,6.620075,coverage,2009765318
84,20,[8.6596],9.692,8.6596,9.692,the natural logarithm of employment in 1980 in 3102 counties in US;,the natural logorithm of the corresponding population,the natural logarithm of employment in 1980 in 3102 counties in US;,the natural logorithm of the corresponding population,pair0084,/Users/aj9225/Local/meta-learning-ecological-priors-from-llms/functionlearning/data/cause-effects/pairs/pair0084.txt,3,8.0267625,9.43345,density,2009765318
84,21,[3.8067],4.5109,3.8067,4.5109,the natural logarithm of employment in 1980 in 3102 counties in US;,the natural logorithm of the corresponding population,the natural logarithm of employment in 1980 in 3102 counties in US;,the natural logorithm of the corresponding population,pair0084,/Users/aj9225/Local/meta-learning-ecological-priors-from-llms/functionlearning/data/cause-effects/pairs/pair0084.txt,0,3.8067,5.2133875,coverage,2009765318
84,22,[11.4296],12.3367,11.4296,12.3367,the natural logarithm of employment in 1980 in 3102 counties in US;,the natural logorithm of the corresponding population,the natural logarithm of employment in 1980 in 3102 counties in US;,the natural logorithm of the corresponding population,pair0084,/Users/aj9225/Local/meta-learning-ecological-priors-from-llms/functionlearning/data/cause-effects/pairs/pair0084.txt,5,10.8401375,12.246824999999998,coverage,2009765318
84,23,[7.5027],8.6188,7.5027,8.6188,the natural logarithm of employment in 1980 in 3102 counties in US;,the natural logorithm of the corresponding population,the natural logarithm of employment in 1980 in 3102 counties in US;,the natural logorithm of the corresponding population,pair0084,/Users/aj9225/Local/meta-learning-ecological-priors-from-llms/functionlearning/data/cause-effects/pairs/pair0084.txt,2,6.620075,8.0267625,density,2009765318
93,0,[2.82676649093628],1.04000580310822,2.82676649093628,1.04000580310822,average precipitation over 1948 to 2004 in mm/day,average runoff in over 1948 to 2004 mm/day,average precipitation over 1948 to 2004 in mm/day,average runoff in over 1948 to 2004 mm/day,pair0093,/Users/aj9225/Local/meta-learning-ecological-priors-from-llms/functionlearning/data/cause-effects/pairs/pair0093.txt,2,2.4141885936260223,3.271969810128212,density,3506691143
93,1,[2.82875919342041],1.01268410682678,2.82875919342041,1.01268410682678,average precipitation over 1948 to 2004 in mm/day,average runoff in over 1948 to 2004 mm/day,average precipitation over 1948 to 2004 in mm/day,average runoff in over 1948 to 2004 mm/day,pair0093,/Users/aj9225/Local/meta-learning-ecological-priors-from-llms/functionlearning/data/cause-effects/pairs/pair0093.txt,2,2.4141885936260223,3.271969810128212,coverage,3506691143
93,2,[3.37251043319702],1.51272320747375,3.37251043319702,1.51272320747375,average precipitation over 1948 to 2004 in mm/day,average runoff in over 1948 to 2004 mm/day,average precipitation over 1948 to 2004 in mm/day,average runoff in over 1948 to 2004 mm/day,pair0093,/Users/aj9225/Local/meta-learning-ecological-priors-from-llms/functionlearning/data/cause-effects/pairs/pair0093.txt,3,3.271969810128212,4.129751026630402,density,3506691143
93,3,[2.24890685081482],1.44722533226013,2.24890685081482,1.44722533226013,average precipitation over 1948 to 2004 in mm/day,average runoff in over 1948 to 2004 mm/day,average precipitation over 1948 to 2004 in mm/day,average runoff in over 1948 to 2004 mm/day,pair0093,/Users/aj9225/Local/meta-learning-ecological-priors-from-llms/functionlearning/data/cause-effects/pairs/pair0093.txt,1,1.5564073771238327,2.4141885936260223,coverage,3506691143
93,4,[1.25714671611786],0.173787921667099,1.25714671611786,0.173787921667099,average precipitation over 1948 to 2004 in mm/day,average runoff in over 1948 to 2004 mm/day,average precipitation over 1948 to 2004 in mm/day,average runoff in over 1948 to 2004 mm/day,pair0093,/Users/aj9225/Local/meta-learning-ecological-priors-from-llms/functionlearning/data/cause-effects/pairs/pair0093.txt,0,0.698626160621643,1.5564073771238327,density,3506691143
93,5,[6.49640417098999],5.85448837280273,6.49640417098999,5.85448837280273,average precipitation over 1948 to 2004 in mm/day,average runoff in over 1948 to 2004 mm/day,average precipitation over 1948 to 2004 in mm/day,average runoff in over 1948 to 2004 mm/day,pair0093,/Users/aj9225/Local/meta-learning-ecological-priors-from-llms/functionlearning/data/cause-effects/pairs/pair0093.txt,6,5.845313459634781,6.7030946761369705,coverage,3506691143
93,6,[2.17125296592712],0.678524374961853,2.17125296592712,0.678524374961853,average precipitation over 1948 to 2004 in mm/day,average runoff in over 1948 to 2004 mm/day,average precipitation over 1948 to 2004 in mm/day,average runoff in over 1948 to 2004 mm/day,pair0093,/Users/aj9225/Local/meta-learning-ecological-priors-from-llms/functionlearning/data/cause-effects/pairs/pair0093.txt,1,1.5564073771238327,2.4141885936260223,density,3506691143
93,7,[3.75832152366638],1.5846301317215,3.75832152366638,1.5846301317215,average precipitation over 1948 to 2004 in mm/day,average runoff in over 1948 to 2004 mm/day,average precipitation over 1948 to 2004 in mm/day,average runoff in over 1948 to 2004 mm/day,pair0093,/Users/aj9225/Local/meta-learning-ecological-priors-from-llms/functionlearning/data/cause-effects/pairs/pair0093.txt,3,3.271969810128212,4.129751026630402,density,3506691143
93,8,[1.58285713195801],0.0839221328496933,1.58285713195801,0.0839221328496933,average precipitation over 1948 to 2004 in mm/day,average runoff in over 1948 to 2004 mm/day,average precipitation over 1948 to 2004 in mm/day,average runoff in over 1948 to 2004 mm/day,pair0093,/Users/aj9225/Local/meta-learning-ecological-priors-from-llms/functionlearning/data/cause-effects/pairs/pair0093.txt,1,1.5564073771238327,2.4141885936260223,density,3506691143
93,9,[3.81398367881775],1.78391826152802,3.81398367881775,1.78391826152802,average precipitation over 1948 to 2004 in mm/day,average runoff in over 1948 to 2004 mm/day,average precipitation over 1948 to 2004 in mm/day,average runoff in over 1948 to 2004 mm/day,pair0093,/Users/aj9225/Local/meta-learning-ecological-priors-from-llms/functionlearning/data/cause-effects/pairs/pair0093.txt,3,3.271969810128212,4.129751026630402,density,3506691143
93,10,[2.11432719230652],0.285137414932251,2.11432719230652,0.285137414932251,average precipitation over 1948 to 2004 in mm/day,average runoff in over 1948 to 2004 mm/day,average precipitation over 1948 to 2004 in mm/day,average runoff in over 1948 to 2004 mm/day,pair0093,/Users/aj9225/Local/meta-learning-ecological-priors-from-llms/functionlearning/data/cause-effects/pairs/pair0093.txt,1,1.5564073771238327,2.4141885936260223,density,3506691143
93,11,[4.05469417572021],2.76778268814087,4.05469417572021,2.76778268814087,average precipitation over 1948 to 2004 in mm/day,average runoff in over 1948 to 2004 mm/day,average precipitation over 1948 to 2004 in mm/day,average runoff in over 1948 to 2004 mm/day,pair0093,/Users/aj9225/Local/meta-learning-ecological-priors-from-llms/functionlearning/data/cause-effects/pairs/pair0093.txt,3,3.271969810128212,4.129751026630402,coverage,3506691143
93,12,[5.51361227035522],4.43275308609009,5.51361227035522,4.43275308609009,average precipitation over 1948 to 2004 in mm/day,average runoff in over 1948 to 2004 mm/day,average precipitation over 1948 to 2004 in mm/day,average runoff in over 1948 to 2004 mm/day,pair0093,/Users/aj9225/Local/meta-learning-ecological-priors-from-llms/functionlearning/data/cause-effects/pairs/pair0093.txt,5,4.987532243132591,5.845313459634781,coverage,3506691143
93,13,[2.39065408706665],0.745846390724182,2.39065408706665,0.745846390724182,average precipitation over 1948 to 2004 in mm/day,average runoff in over 1948 to 2004 mm/day,average precipitation over 1948 to 2004 in mm/day,average runoff in over 1948 to 2004 mm/day,pair0093,/Users/aj9225/Local/meta-learning-ecological-priors-from-llms/functionlearning/data/cause-effects/pairs/pair0093.txt,1,1.5564073771238327,2.4141885936260223,density,3506691143
93,14,[2.80625748634338],0.847388029098511,2.80625748634338,0.847388029098511,average precipitation over 1948 to 2004 in mm/day,average runoff in over 1948 to 2004 mm/day,average precipitation over 1948 to 2004 in mm/day,average runoff in over 1948 to 2004 mm/day,pair0093,/Users/aj9225/Local/meta-learning-ecological-priors-from-llms/functionlearning/data/cause-effects/pairs/pair0093.txt,2,2.4141885936260223,3.271969810128212,density,3506691143
93,15,[4.23405313491821],1.52970039844513,4.23405313491821,1.52970039844513,average precipitation over 1948 to 2004 in mm/day,average runoff in over 1948 to 2004 mm/day,average precipitation over 1948 to 2004 in mm/day,average runoff in over 1948 to 2004 mm/day,pair0093,/Users/aj9225/Local/meta-learning-ecological-priors-from-llms/functionlearning/data/cause-effects/pairs/pair0093.txt,4,4.129751026630402,4.987532243132591,coverage,3506691143
93,16,[7.56087589263916],6.06071996688843,7.56087589263916,6.06071996688843,average precipitation over 1948 to 2004 in mm/day,average runoff in over 1948 to 2004 mm/day,average precipitation over 1948 to 2004 in mm/day,average runoff in over 1948 to 2004 mm/day,pair0093,/Users/aj9225/Local/meta-learning-ecological-priors-from-llms/functionlearning/data/cause-effects/pairs/pair0093.txt,7,6.7030946761369705,7.56087589263916,coverage,3506691143
93,17,[1.47755944728851],0.282759428024292,1.47755944728851,0.282759428024292,average precipitation over 1948 to 2004 in mm/day,average runoff in over 1948 to 2004 mm/day,average precipitation over 1948 to 2004 in mm/day,average runoff in over 1948 to 2004 mm/day,pair0093,/Users/aj9225/Local/meta-learning-ecological-priors-from-llms/functionlearning/data/cause-effects/pairs/pair0093.txt,0,0.698626160621643,1.5564073771238327,coverage,3506691143
93,18,[2.63007378578186],1.0829164981842,2.63007378578186,1.0829164981842,average precipitation over 1948 to 2004 in mm/day,average runoff in over 1948 to 2004 mm/day,average precipitation over 1948 to 2004 in mm/day,average runoff in over 1948 to 2004 mm/day,pair0093,/Users/aj9225/Local/meta-learning-ecological-priors-from-llms/functionlearning/data/cause-effects/pairs/pair0093.txt,2,2.4141885936260223,3.271969810128212,density,3506691143
93,19,[2.81431651115417],1.6173083782196,2.81431651115417,1.6173083782196,average precipitation over 1948 to 2004 in mm/day,average runoff in over 1948 to 2004 mm/day,average precipitation over 1948 to 2004 in mm/day,average runoff in over 1948 to 2004 mm/day,pair0093,/Users/aj9225/Local/meta-learning-ecological-priors-from-llms/functionlearning/data/cause-effects/pairs/pair0093.txt,2,2.4141885936260223,3.271969810128212,density,3506691143
93,20,[2.70162129402161],1.14316165447235,2.70162129402161,1.14316165447235,average precipitation over 1948 to 2004 in mm/day,average runoff in over 1948 to 2004 mm/day,average precipitation over 1948 to 2004 in mm/day,average runoff in over 1948 to 2004 mm/day,pair0093,/Users/aj9225/Local/meta-learning-ecological-priors-from-llms/functionlearning/data/cause-effects/pairs/pair0093.txt,2,2.4141885936260223,3.271969810128212,density,3506691143
93,21,[2.76226449012756],1.32344555854797,2.76226449012756,1.32344555854797,average precipitation over 1948 to 2004 in mm/day,average runoff in over 1948 to 2004 mm/day,average precipitation over 1948 to 2004 in mm/day,average runoff in over 1948 to 2004 mm/day,pair0093,/Users/aj9225/Local/meta-learning-ecological-priors-from-llms/functionlearning/data/cause-effects/pairs/pair0093.txt,2,2.4141885936260223,3.271969810128212,density,3506691143
93,22,[2.95751595497131],0.883902311325073,2.95751595497131,0.883902311325073,average precipitation over 1948 to 2004 in mm/day,average runoff in over 1948 to 2004 mm/day,average precipitation over 1948 to 2004 in mm/day,average runoff in over 1948 to 2004 mm/day,pair0093,/Users/aj9225/Local/meta-learning-ecological-priors-from-llms/functionlearning/data/cause-effects/pairs/pair0093.txt,2,2.4141885936260223,3.271969810128212,density,3506691143
93,23,[3.38940978050232],2.40853095054626,3.38940978050232,2.40853095054626,average precipitation over 1948 to 2004 in mm/day,average runoff in over 1948 to 2004 mm/day,average precipitation over 1948 to 2004 in mm/day,average runoff in over 1948 to 2004 mm/day,pair0093,/Users/aj9225/Local/meta-learning-ecological-priors-from-llms/functionlearning/data/cause-effects/pairs/pair0093.txt,3,3.271969810128212,4.129751026630402,density,3506691143
98,0,[0.0059880239520958],0.001592356687898,0.0059880239520958,0.001592356687898,speed at the beginning,speed at the end,speed at the beginning,speed at the end,pair0098,/Users/aj9225/Local/meta-learning-ecological-priors-from-llms/functionlearning/data/cause-effects/pairs/pair0098.txt,5,0.005929309708379425,0.0065983757844222495,density,1301514361
98,1,[0.0047846889952153],0.0011235955056179,0.0047846889952153,0.0011235955056179,speed at the beginning,speed at the end,speed at the beginning,speed at the end,pair0098,/Users/aj9225/Local/meta-learning-ecological-priors-from-llms/functionlearning/data/cause-effects/pairs/pair0098.txt,3,0.004591177556293775,0.005260243632336599,density,1301514361
98,2,[0.0063291139240506],0.0016750418760469,0.0063291139240506,0.0016750418760469,speed at the beginning,speed at the end,speed at the beginning,speed at the end,pair0098,/Users/aj9225/Local/meta-learning-ecological-priors-from-llms/functionlearning/data/cause-effects/pairs/pair0098.txt,5,0.005929309708379425,0.0065983757844222495,density,1301514361
98,3,[0.0073529411764705],0.0018726591760299,0.0073529411764705,0.0018726591760299,speed at the beginning,speed at the end,speed at the beginning,speed at the end,pair0098,/Users/aj9225/Local/meta-learning-ecological-priors-from-llms/functionlearning/data/cause-effects/pairs/pair0098.txt,7,0.007267441860465074,0.0079365079365079,density,1301514361
98,4,[0.0059880239520958],0.0015408320493066,0.0059880239520958,0.0015408320493066,speed at the beginning,speed at the end,speed at the beginning,speed at the end,pair0098,/Users/aj9225/Local/meta-learning-ecological-priors-from-llms/functionlearning/data/cause-effects/pairs/pair0098.txt,5,0.005929309708379425,0.0065983757844222495,coverage,1301514361
98,5,[0.0073529411764705],0.0020325203252032,0.0073529411764705,0.0020325203252032,speed at the beginning,speed at the end,speed at the beginning,speed at the end,pair0098,/Users/aj9225/Local/meta-learning-ecological-priors-from-llms/functionlearning/data/cause-effects/pairs/pair0098.txt,7,0.007267441860465074,0.0079365079365079,coverage,1301514361
98,6,[0.0034129692832764],0.0008312551953449,0.0034129692832764,0.0008312551953449,speed at the beginning,speed at the end,speed at the beginning,speed at the end,pair0098,/Users/aj9225/Local/meta-learning-ecological-priors-from-llms/functionlearning/data/cause-effects/pairs/pair0098.txt,1,0.003253045404208125,0.00392211148025095,density,1301514361
98,7,[0.0056497175141242],0.0014064697609001,0.0056497175141242,0.0014064697609001,speed at the beginning,speed at the end,speed at the beginning,speed at the end,pair0098,/Users/aj9225/Local/meta-learning-ecological-priors-from-llms/functionlearning/data/cause-effects/pairs/pair0098.txt,4,0.005260243632336599,0.005929309708379425,density,1301514361
98,8,[0.0050251256281407],0.0012422360248447,0.0050251256281407,0.0012422360248447,speed at the beginning,speed at the end,speed at the beginning,speed at the end,pair0098,/Users/aj9225/Local/meta-learning-ecological-priors-from-llms/functionlearning/data/cause-effects/pairs/pair0098.txt,3,0.004591177556293775,0.005260243632336599,coverage,1301514361
98,9,[0.0052910052910052],0.0013089005235602,0.0052910052910052,0.0013089005235602,speed at the beginning,speed at the end,speed at the beginning,speed at the end,pair0098,/Users/aj9225/Local/meta-learning-ecological-priors-from-llms/functionlearning/data/cause-effects/pairs/pair0098.txt,4,0.005260243632336599,0.005929309708379425,density,1301514361
98,10,[0.0055865921787709],0.0014925373134328,0.0055865921787709,0.0014925373134328,speed at the beginning,speed at the end,speed at the beginning,speed at the end,pair0098,/Users/aj9225/Local/meta-learning-ecological-priors-from-llms/functionlearning/data/cause-effects/pairs/pair0098.txt,4,0.005260243632336599,0.005929309708379425,coverage,1301514361
98,11,[0.0025839793281653],0.0007293946024799,0.0025839793281653,0.0007293946024799,speed at the beginning,speed at the end,speed at the beginning,speed at the end,pair0098,/Users/aj9225/Local/meta-learning-ecological-priors-from-llms/functionlearning/data/cause-effects/pairs/pair0098.txt,0,0.0025839793281653,0.003253045404208125,coverage,1301514361
98,12,[0.0068027210884353],0.0018382352941176,0.0068027210884353,0.0018382352941176,speed at the beginning,speed at the end,speed at the beginning,speed at the end,pair0098,/Users/aj9225/Local/meta-learning-ecological-priors-from-llms/functionlearning/data/cause-effects/pairs/pair0098.txt,6,0.0065983757844222495,0.007267441860465074,coverage,1301514361
98,13,[0.0063291139240506],0.0014925373134328,0.0063291139240506,0.0014925373134328,speed at the beginning,speed at the end,speed at the beginning,speed at the end,pair0098,/Users/aj9225/Local/meta-learning-ecological-priors-from-llms/functionlearning/data/cause-effects/pairs/pair0098.txt,5,0.005929309708379425,0.0065983757844222495,density,1301514361
98,14,[0.004524886877828],0.0010869565217391,0.004524886877828,0.0010869565217391,speed at the beginning,speed at the end,speed at the beginning,speed at the end,pair0098,/Users/aj9225/Local/meta-learning-ecological-priors-from-llms/functionlearning/data/cause-effects/pairs/pair0098.txt,2,0.00392211148025095,0.004591177556293775,density,1301514361
98,15,[0.0035211267605633],0.0007587253414264,0.0035211267605633,0.0007587253414264,speed at the beginning,speed at the end,speed at the beginning,speed at the end,pair0098,/Users/aj9225/Local/meta-learning-ecological-priors-from-llms/functionlearning/data/cause-effects/pairs/pair0098.txt,1,0.003253045404208125,0.00392211148025095,coverage,1301514361
98,16,[0.0056179775280898],0.0012406947890818,0.0056179775280898,0.0012406947890818,speed at the beginning,speed at the end,speed at the beginning,speed at the end,pair0098,/Users/aj9225/Local/meta-learning-ecological-priors-from-llms/functionlearning/data/cause-effects/pairs/pair0098.txt,4,0.005260243632336599,0.005929309708379425,density,1301514361
98,17,[0.0028089887640449],0.0006285355122564,0.0028089887640449,0.0006285355122564,speed at the beginning,speed at the end,speed at the beginning,speed at the end,pair0098,/Users/aj9225/Local/meta-learning-ecological-priors-from-llms/functionlearning/data/cause-effects/pairs/pair0098.txt,0,0.0025839793281653,0.003253045404208125,density,1301514361
98,18,[0.0068027210884353],0.0018050541516245,0.0068027210884353,0.0018050541516245,speed at the beginning,speed at the end,speed at the beginning,speed at the end,pair0098,/Users/aj9225/Local/meta-learning-ecological-priors-from-llms/functionlearning/data/cause-effects/pairs/pair0098.txt,6,0.0065983757844222495,0.007267441860465074,density,1301514361
98,19,[0.0068027210884353],0.0016207455429497,0.0068027210884353,0.0016207455429497,speed at the beginning,speed at the end,speed at the beginning,speed at the end,pair0098,/Users/aj9225/Local/meta-learning-ecological-priors-from-llms/functionlearning/data/cause-effects/pairs/pair0098.txt,6,0.0065983757844222495,0.007267441860465074,density,1301514361
98,20,[0.0045454545454545],0.0010845986984815,0.0045454545454545,0.0010845986984815,speed at the beginning,speed at the end,speed at the beginning,speed at the end,pair0098,/Users/aj9225/Local/meta-learning-ecological-priors-from-llms/functionlearning/data/cause-effects/pairs/pair0098.txt,2,0.00392211148025095,0.004591177556293775,coverage,1301514361
98,21,[0.0068493150684931],0.0016474464579901,0.0068493150684931,0.0016474464579901,speed at the beginning,speed at the end,speed at the beginning,speed at the end,pair0098,/Users/aj9225/Local/meta-learning-ecological-priors-from-llms/functionlearning/data/cause-effects/pairs/pair0098.txt,6,0.0065983757844222495,0.007267441860465074,density,1301514361
98,22,[0.0073529411764705],0.0018018018018018,0.0073529411764705,0.0018018018018018,speed at the beginning,speed at the end,speed at the beginning,speed at the end,pair0098,/Users/aj9225/Local/meta-learning-ecological-priors-from-llms/functionlearning/data/cause-effects/pairs/pair0098.txt,7,0.007267441860465074,0.0079365079365079,density,1301514361
98,23,[0.0064102564102564],0.0016750418760469,0.0064102564102564,0.0016750418760469,speed at the beginning,speed at the end,speed at the beginning,speed at the end,pair0098,/Users/aj9225/Local/meta-learning-ecological-priors-from-llms/functionlearning/data/cause-effects/pairs/pair0098.txt,5,0.005929309708379425,0.0065983757844222495,density,1301514361
100,0,[4.02535],3.73767,4.02535,3.73767,"logarithm of the second column ('syct', cycle time in nanoseconds)","logarithm of the seventh column ('perf', published performance on a benchmark mix relative to an IBM 370/158-3)","logarithm of the second column ('syct', cycle time in nanoseconds)","logarithm of the seventh column ('perf', published performance on a benchmark mix relative to an IBM 370/158-3)",pair0100,/Users/aj9225/Local/meta-learning-ecological-priors-from-llms/functionlearning/data/cause-effects/pairs/pair0100.txt,2,3.9532125,4.51321375,coverage,1467175556
100,1,[3.63759],4.75359,3.63759,4.75359,"logarithm of the second column ('syct', cycle time in nanoseconds)","logarithm of the seventh column ('perf', published performance on a benchmark mix relative to an IBM 370/158-3)","logarithm of the second column ('syct', cycle time in nanoseconds)","logarithm of the seventh column ('perf', published performance on a benchmark mix relative to an IBM 370/158-3)",pair0100,/Users/aj9225/Local/meta-learning-ecological-priors-from-llms/functionlearning/data/cause-effects/pairs/pair0100.txt,1,3.39321125,3.9532125,density,1467175556
100,2,[4.94164],4.92725,4.94164,4.92725,"logarithm of the second column ('syct', cycle time in nanoseconds)","logarithm of the seventh column ('perf', published performance on a benchmark mix relative to an IBM 370/158-3)","logarithm of the second column ('syct', cycle time in nanoseconds)","logarithm of the seventh column ('perf', published performance on a benchmark mix relative to an IBM 370/158-3)",pair0100,/Users/aj9225/Local/meta-learning-ecological-priors-from-llms/functionlearning/data/cause-effects/pairs/pair0100.txt,3,4.51321375,5.073214999999999,density,1467175556
100,3,[5.99146],3.46574,5.99146,3.46574,"logarithm of the second column ('syct', cycle time in nanoseconds)","logarithm of the seventh column ('perf', published performance on a benchmark mix relative to an IBM 370/158-3)","logarithm of the second column ('syct', cycle time in nanoseconds)","logarithm of the seventh column ('perf', published performance on a benchmark mix relative to an IBM 370/158-3)",pair0100,/Users/aj9225/Local/meta-learning-ecological-priors-from-llms/functionlearning/data/cause-effects/pairs/pair0100.txt,5,5.63321625,6.193217499999999,density,1467175556
100,4,[5.70378],3.97029,5.70378,3.97029,"logarithm of the second column ('syct', cycle time in nanoseconds)","logarithm of the seventh column ('perf', published performance on a benchmark mix relative to an IBM 370/158-3)","logarithm of the second column ('syct', cycle time in nanoseconds)","logarithm of the seventh column ('perf', published performance on a benchmark mix relative to an IBM 370/158-3)",pair0100,/Users/aj9225/Local/meta-learning-ecological-priors-from-llms/functionlearning/data/cause-effects/pairs/pair0100.txt,5,5.63321625,6.193217499999999,density,1467175556
100,5,[6.68461],2.99573,6.68461,2.99573,"logarithm of the second column ('syct', cycle time in nanoseconds)","logarithm of the seventh column ('perf', published performance on a benchmark mix relative to an IBM 370/158-3)","logarithm of the second column ('syct', cycle time in nanoseconds)","logarithm of the seventh column ('perf', published performance on a benchmark mix relative to an IBM 370/158-3)",pair0100,/Users/aj9225/Local/meta-learning-ecological-priors-from-llms/functionlearning/data/cause-effects/pairs/pair0100.txt,6,6.193217499999999,6.75321875,coverage,1467175556
100,6,[6.68461],2.63906,6.68461,2.63906,"logarithm of the second column ('syct', cycle time in nanoseconds)","logarithm of the seventh column ('perf', published performance on a benchmark mix relative to an IBM 370/158-3)","logarithm of the second column ('syct', cycle time in nanoseconds)","logarithm of the seventh column ('perf', published performance on a benchmark mix relative to an IBM 370/158-3)",pair0100,/Users/aj9225/Local/meta-learning-ecological-priors-from-llms/functionlearning/data/cause-effects/pairs/pair0100.txt,6,6.193217499999999,6.75321875,density,1467175556
100,7,[5.48064],1.79176,5.48064,1.79176,"logarithm of the second column ('syct', cycle time in nanoseconds)","logarithm of the seventh column ('perf', published performance on a benchmark mix relative to an IBM 370/158-3)","logarithm of the second column ('syct', cycle time in nanoseconds)","logarithm of the seventh column ('perf', published performance on a benchmark mix relative to an IBM 370/158-3)",pair0100,/Users/aj9225/Local/meta-learning-ecological-priors-from-llms/functionlearning/data/cause-effects/pairs/pair0100.txt,4,5.073214999999999,5.63321625,density,1467175556
100,8,[3.21888],4.18965,3.21888,4.18965,"logarithm of the second column ('syct', cycle time in nanoseconds)","logarithm of the seventh column ('perf', published performance on a benchmark mix relative to an IBM 370/158-3)","logarithm of the second column ('syct', cycle time in nanoseconds)","logarithm of the seventh column ('perf', published performance on a benchmark mix relative to an IBM 370/158-3)",pair0100,/Users/aj9225/Local/meta-learning-ecological-priors-from-llms/functionlearning/data/cause-effects/pairs/pair0100.txt,0,2.83321,3.39321125,density,1467175556
100,9,[6.80239],3.09104,6.80239,3.09104,"logarithm of the second column ('syct', cycle time in nanoseconds)","logarithm of the seventh column ('perf', published performance on a benchmark mix relative to an IBM 370/158-3)","logarithm of the second column ('syct', cycle time in nanoseconds)","logarithm of the seventh column ('perf', published performance on a benchmark mix relative to an IBM 370/158-3)",pair0100,/Users/aj9225/Local/meta-learning-ecological-priors-from-llms/functionlearning/data/cause-effects/pairs/pair0100.txt,7,6.75321875,7.31322,coverage,1467175556
100,10,[5.31321],3.17805,5.31321,3.17805,"logarithm of the second column ('syct', cycle time in nanoseconds)","logarithm of the seventh column ('perf', published performance on a benchmark mix relative to an IBM 370/158-3)","logarithm of the second column ('syct', cycle time in nanoseconds)","logarithm of the seventh column ('perf', published performance on a benchmark mix relative to an IBM 370/158-3)",pair0100,/Users/aj9225/Local/meta-learning-ecological-priors-from-llms/functionlearning/data/cause-effects/pairs/pair0100.txt,4,5.073214999999999,5.63321625,coverage,1467175556
100,11,[5.01064],3.4012,5.01064,3.4012,"logarithm of the second column ('syct', cycle time in nanoseconds)","logarithm of the seventh column ('perf', published performance on a benchmark mix relative to an IBM 370/158-3)","logarithm of the second column ('syct', cycle time in nanoseconds)","logarithm of the seventh column ('perf', published performance on a benchmark mix relative to an IBM 370/158-3)",pair0100,/Users/aj9225/Local/meta-learning-ecological-priors-from-llms/functionlearning/data/cause-effects/pairs/pair0100.txt,3,4.51321375,5.073214999999999,coverage,1467175556
100,12,[5.76832],3.13549,5.76832,3.13549,"logarithm of the second column ('syct', cycle time in nanoseconds)","logarithm of the seventh column ('perf', published performance on a benchmark mix relative to an IBM 370/158-3)","logarithm of the second column ('syct', cycle time in nanoseconds)","logarithm of the seventh column ('perf', published performance on a benchmark mix relative to an IBM 370/158-3)",pair0100,/Users/aj9225/Local/meta-learning-ecological-priors-from-llms/functionlearning/data/cause-effects/pairs/pair0100.txt,5,5.63321625,6.193217499999999,coverage,1467175556
100,13,[5.19296],3.91202,5.19296,3.91202,"logarithm of the second column ('syct', cycle time in nanoseconds)","logarithm of the seventh column ('perf', published performance on a benchmark mix relative to an IBM 370/158-3)","logarithm of the second column ('syct', cycle time in nanoseconds)","logarithm of the seventh column ('perf', published performance on a benchmark mix relative to an IBM 370/158-3)",pair0100,/Users/aj9225/Local/meta-learning-ecological-priors-from-llms/functionlearning/data/cause-effects/pairs/pair0100.txt,4,5.073214999999999,5.63321625,density,1467175556
100,14,[3.91202],4.70048,3.91202,4.70048,"logarithm of the second column ('syct', cycle time in nanoseconds)","logarithm of the seventh column ('perf', published performance on a benchmark mix relative to an IBM 370/158-3)","logarithm of the second column ('syct', cycle time in nanoseconds)","logarithm of the seventh column ('perf', published performance on a benchmark mix relative to an IBM 370/158-3)",pair0100,/Users/aj9225/Local/meta-learning-ecological-priors-from-llms/functionlearning/data/cause-effects/pairs/pair0100.txt,1,3.39321125,3.9532125,density,1467175556
100,15,[6.80239],3.61092,6.80239,3.61092,"logarithm of the second column ('syct', cycle time in nanoseconds)","logarithm of the seventh column ('perf', published performance on a benchmark mix relative to an IBM 370/158-3)","logarithm of the second column ('syct', cycle time in nanoseconds)","logarithm of the seventh column ('perf', published performance on a benchmark mix relative to an IBM 370/158-3)",pair0100,/Users/aj9225/Local/meta-learning-ecological-priors-from-llms/functionlearning/data/cause-effects/pairs/pair0100.txt,7,6.75321875,7.31322,density,1467175556
100,16,[3.3673],5.14749,3.3673,5.14749,"logarithm of the second column ('syct', cycle time in nanoseconds)","logarithm of the seventh column ('perf', published performance on a benchmark mix relative to an IBM 370/158-3)","logarithm of the second column ('syct', cycle time in nanoseconds)","logarithm of the seventh column ('perf', published performance on a benchmark mix relative to an IBM 370/158-3)",pair0100,/Users/aj9225/Local/meta-learning-ecological-priors-from-llms/functionlearning/data/cause-effects/pairs/pair0100.txt,0,2.83321,3.39321125,coverage,1467175556
100,17,[4.94164],3.68888,4.94164,3.68888,"logarithm of the second column ('syct', cycle time in nanoseconds)","logarithm of the seventh column ('perf', published performance on a benchmark mix relative to an IBM 370/158-3)","logarithm of the second column ('syct', cycle time in nanoseconds)","logarithm of the seventh column ('perf', published performance on a benchmark mix relative to an IBM 370/158-3)",pair0100,/Users/aj9225/Local/meta-learning-ecological-priors-from-llms/functionlearning/data/cause-effects/pairs/pair0100.txt,3,4.51321375,5.073214999999999,density,1467175556
100,18,[3.95124],4.86753,3.95124,4.86753,"logarithm of the second column ('syct', cycle time in nanoseconds)","logarithm of the seventh column ('perf', published performance on a benchmark mix relative to an IBM 370/158-3)","logarithm of the second column ('syct', cycle time in nanoseconds)","logarithm of the seventh column ('perf', published performance on a benchmark mix relative to an IBM 370/158-3)",pair0100,/Users/aj9225/Local/meta-learning-ecological-priors-from-llms/functionlearning/data/cause-effects/pairs/pair0100.txt,1,3.39321125,3.9532125,density,1467175556
100,19,[4.31749],5.55683,4.31749,5.55683,"logarithm of the second column ('syct', cycle time in nanoseconds)","logarithm of the seventh column ('perf', published performance on a benchmark mix relative to an IBM 370/158-3)","logarithm of the second column ('syct', cycle time in nanoseconds)","logarithm of the seventh column ('perf', published performance on a benchmark mix relative to an IBM 370/158-3)",pair0100,/Users/aj9225/Local/meta-learning-ecological-priors-from-llms/functionlearning/data/cause-effects/pairs/pair0100.txt,2,3.9532125,4.51321375,density,1467175556
100,20,[3.13549],6.4552,3.13549,6.4552,"logarithm of the second column ('syct', cycle time in nanoseconds)","logarithm of the seventh column ('perf', published performance on a benchmark mix relative to an IBM 370/158-3)","logarithm of the second column ('syct', cycle time in nanoseconds)","logarithm of the seventh column ('perf', published performance on a benchmark mix relative to an IBM 370/158-3)",pair0100,/Users/aj9225/Local/meta-learning-ecological-priors-from-llms/functionlearning/data/cause-effects/pairs/pair0100.txt,0,2.83321,3.39321125,density,1467175556
100,21,[3.4012],7.04752,3.4012,7.04752,"logarithm of the second column ('syct', cycle time in nanoseconds)","logarithm of the seventh column ('perf', published performance on a benchmark mix relative to an IBM 370/158-3)","logarithm of the second column ('syct', cycle time in nanoseconds)","logarithm of the seventh column ('perf', published performance on a benchmark mix relative to an IBM 370/158-3)",pair0100,/Users/aj9225/Local/meta-learning-ecological-priors-from-llms/functionlearning/data/cause-effects/pairs/pair0100.txt,1,3.39321125,3.9532125,coverage,1467175556
100,22,[4.04305],4.8828,4.04305,4.8828,"logarithm of the second column ('syct', cycle time in nanoseconds)","logarithm of the seventh column ('perf', published performance on a benchmark mix relative to an IBM 370/158-3)","logarithm of the second column ('syct', cycle time in nanoseconds)","logarithm of the seventh column ('perf', published performance on a benchmark mix relative to an IBM 370/158-3)",pair0100,/Users/aj9225/Local/meta-learning-ecological-priors-from-llms/functionlearning/data/cause-effects/pairs/pair0100.txt,2,3.9532125,4.51321375,density,1467175556
100,23,[4.94164],3.09104,4.94164,3.09104,"logarithm of the second column ('syct', cycle time in nanoseconds)","logarithm of the seventh column ('perf', published performance on a benchmark mix relative to an IBM 370/158-3)","logarithm of the second column ('syct', cycle time in nanoseconds)","logarithm of the seventh column ('perf', published performance on a benchmark mix relative to an IBM 370/158-3)",pair0100,/Users/aj9225/Local/meta-learning-ecological-priors-from-llms/functionlearning/data/cause-effects/pairs/pair0100.txt,3,4.51321375,5.073214999999999,density,1467175556
