task_id,trial_id,input,target,x,y,x_name,y_name,x_description,y_description,pair_id,source_file,bin_id,bin_left,bin_right,sample_stage,seed
1,0,[325.0],8.1,325.0,8.1,altitude,temperature (average over 1961-1990),altitude,temperature (average over 1961-1990),pair0001,/Users/aj9225/Local/meta-learning-ecological-priors-from-llms/functionlearning/data/cause-effects/pairs/pair0001.txt,0,0.0,370.0,redistributed,3184791803
1,1,[1486.0],3.3,1486.0,3.3,altitude,temperature (average over 1961-1990),altitude,temperature (average over 1961-1990),pair0001,/Users/aj9225/Local/meta-learning-ecological-priors-from-llms/functionlearning/data/cause-effects/pairs/pair0001.txt,4,1480.0,1850.0,quota,3184791803
1,2,[270.0],8.6,270.0,8.6,altitude,temperature (average over 1961-1990),altitude,temperature (average over 1961-1990),pair0001,/Users/aj9225/Local/meta-learning-ecological-priors-from-llms/functionlearning/data/cause-effects/pairs/pair0001.txt,0,0.0,370.0,quota,3184791803
1,3,[1640.0],3.4,1640.0,3.4,altitude,temperature (average over 1961-1990),altitude,temperature (average over 1961-1990),pair0001,/Users/aj9225/Local/meta-learning-ecological-priors-from-llms/functionlearning/data/cause-effects/pairs/pair0001.txt,4,1480.0,1850.0,quota,3184791803
1,4,[795.0],6.2,795.0,6.2,altitude,temperature (average over 1961-1990),altitude,temperature (average over 1961-1990),pair0001,/Users/aj9225/Local/meta-learning-ecological-priors-from-llms/functionlearning/data/cause-effects/pairs/pair0001.txt,2,740.0,1110.0,quota,3184791803
1,5,[380.0],8.1,380.0,8.1,altitude,temperature (average over 1961-1990),altitude,temperature (average over 1961-1990),pair0001,/Users/aj9225/Local/meta-learning-ecological-priors-from-llms/functionlearning/data/cause-effects/pairs/pair0001.txt,1,370.0,740.0,quota,3184791803
1,6,[2960.0],-4.8,2960.0,-4.8,altitude,temperature (average over 1961-1990),altitude,temperature (average over 1961-1990),pair0001,/Users/aj9225/Local/meta-learning-ecological-priors-from-llms/functionlearning/data/cause-effects/pairs/pair0001.txt,7,2590.0,2960.0,quota,3184791803
1,7,[588.0],7.3,588.0,7.3,altitude,temperature (average over 1961-1990),altitude,temperature (average over 1961-1990),pair0001,/Users/aj9225/Local/meta-learning-ecological-priors-from-llms/functionlearning/data/cause-effects/pairs/pair0001.txt,1,370.0,740.0,quota,3184791803
1,8,[6.0],8.1,6.0,8.1,altitude,temperature (average over 1961-1990),altitude,temperature (average over 1961-1990),pair0001,/Users/aj9225/Local/meta-learning-ecological-priors-from-llms/functionlearning/data/cause-effects/pairs/pair0001.txt,0,0.0,370.0,redistributed,3184791803
1,9,[111.0],9.8,111.0,9.8,altitude,temperature (average over 1961-1990),altitude,temperature (average over 1961-1990),pair0001,/Users/aj9225/Local/meta-learning-ecological-priors-from-llms/functionlearning/data/cause-effects/pairs/pair0001.txt,0,0.0,370.0,quota,3184791803
1,10,[1213.0],2.9,1213.0,2.9,altitude,temperature (average over 1961-1990),altitude,temperature (average over 1961-1990),pair0001,/Users/aj9225/Local/meta-learning-ecological-priors-from-llms/functionlearning/data/cause-effects/pairs/pair0001.txt,3,1110.0,1480.0,quota,3184791803
1,11,[3.0],8.3,3.0,8.3,altitude,temperature (average over 1961-1990),altitude,temperature (average over 1961-1990),pair0001,/Users/aj9225/Local/meta-learning-ecological-priors-from-llms/functionlearning/data/cause-effects/pairs/pair0001.txt,0,0.0,370.0,quota,3184791803
1,12,[837.0],7.4,837.0,7.4,altitude,temperature (average over 1961-1990),altitude,temperature (average over 1961-1990),pair0001,/Users/aj9225/Local/meta-learning-ecological-priors-from-llms/functionlearning/data/cause-effects/pairs/pair0001.txt,2,740.0,1110.0,redistributed,3184791803
1,13,[758.0],7.2,758.0,7.2,altitude,temperature (average over 1961-1990),altitude,temperature (average over 1961-1990),pair0001,/Users/aj9225/Local/meta-learning-ecological-priors-from-llms/functionlearning/data/cause-effects/pairs/pair0001.txt,2,740.0,1110.0,redistributed,3184791803
1,14,[405.0],8.0,405.0,8.0,altitude,temperature (average over 1961-1990),altitude,temperature (average over 1961-1990),pair0001,/Users/aj9225/Local/meta-learning-ecological-priors-from-llms/functionlearning/data/cause-effects/pairs/pair0001.txt,1,370.0,740.0,redistributed,3184791803
1,15,[1125.0],4.8,1125.0,4.8,altitude,temperature (average over 1961-1990),altitude,temperature (average over 1961-1990),pair0001,/Users/aj9225/Local/meta-learning-ecological-priors-from-llms/functionlearning/data/cause-effects/pairs/pair0001.txt,3,1110.0,1480.0,quota,3184791803
1,16,[789.0],6.6,789.0,6.6,altitude,temperature (average over 1961-1990),altitude,temperature (average over 1961-1990),pair0001,/Users/aj9225/Local/meta-learning-ecological-priors-from-llms/functionlearning/data/cause-effects/pairs/pair0001.txt,2,740.0,1110.0,quota,3184791803
1,17,[1436.0],2.7,1436.0,2.7,altitude,temperature (average over 1961-1990),altitude,temperature (average over 1961-1990),pair0001,/Users/aj9225/Local/meta-learning-ecological-priors-from-llms/functionlearning/data/cause-effects/pairs/pair0001.txt,3,1110.0,1480.0,redistributed,3184791803
1,18,[1832.0],2.1,1832.0,2.1,altitude,temperature (average over 1961-1990),altitude,temperature (average over 1961-1990),pair0001,/Users/aj9225/Local/meta-learning-ecological-priors-from-llms/functionlearning/data/cause-effects/pairs/pair0001.txt,4,1480.0,1850.0,quota,3184791803
1,19,[435.0],7.6,435.0,7.6,altitude,temperature (average over 1961-1990),altitude,temperature (average over 1961-1990),pair0001,/Users/aj9225/Local/meta-learning-ecological-priors-from-llms/functionlearning/data/cause-effects/pairs/pair0001.txt,1,370.0,740.0,redistributed,3184791803
1,20,[18.0],9.0,18.0,9.0,altitude,temperature (average over 1961-1990),altitude,temperature (average over 1961-1990),pair0001,/Users/aj9225/Local/meta-learning-ecological-priors-from-llms/functionlearning/data/cause-effects/pairs/pair0001.txt,0,0.0,370.0,redistributed,3184791803
1,21,[470.0],8.0,470.0,8.0,altitude,temperature (average over 1961-1990),altitude,temperature (average over 1961-1990),pair0001,/Users/aj9225/Local/meta-learning-ecological-priors-from-llms/functionlearning/data/cause-effects/pairs/pair0001.txt,1,370.0,740.0,quota,3184791803
1,22,[850.0],6.9,850.0,6.9,altitude,temperature (average over 1961-1990),altitude,temperature (average over 1961-1990),pair0001,/Users/aj9225/Local/meta-learning-ecological-priors-from-llms/functionlearning/data/cause-effects/pairs/pair0001.txt,2,740.0,1110.0,quota,3184791803
1,23,[1142.0],2.9,1142.0,2.9,altitude,temperature (average over 1961-1990),altitude,temperature (average over 1961-1990),pair0001,/Users/aj9225/Local/meta-learning-ecological-priors-from-llms/functionlearning/data/cause-effects/pairs/pair0001.txt,3,1110.0,1480.0,quota,3184791803
14,0,[215.0],10.0,215.0,10.0,horsepower,mpg,horsepower,mpg,pair0014,/Users/aj9225/Local/meta-learning-ecological-priors-from-llms/functionlearning/data/cause-effects/pairs/pair0014.txt,7,207.0,230.0,quota,2303971178
14,1,[198.0],15.0,198.0,15.0,horsepower,mpg,horsepower,mpg,pair0014,/Users/aj9225/Local/meta-learning-ecological-priors-from-llms/functionlearning/data/cause-effects/pairs/pair0014.txt,6,184.0,207.0,quota,2303971178
14,2,[165.0],15.0,165.0,15.0,horsepower,mpg,horsepower,mpg,pair0014,/Users/aj9225/Local/meta-learning-ecological-priors-from-llms/functionlearning/data/cause-effects/pairs/pair0014.txt,5,161.0,184.0,quota,2303971178
14,3,[110.0],21.0,110.0,21.0,horsepower,mpg,horsepower,mpg,pair0014,/Users/aj9225/Local/meta-learning-ecological-priors-from-llms/functionlearning/data/cause-effects/pairs/pair0014.txt,2,92.0,115.0,quota,2303971178
14,4,[150.0],18.0,150.0,18.0,horsepower,mpg,horsepower,mpg,pair0014,/Users/aj9225/Local/meta-learning-ecological-priors-from-llms/functionlearning/data/cause-effects/pairs/pair0014.txt,4,138.0,161.0,quota,2303971178
14,5,[138.0],16.5,138.0,16.5,horsepower,mpg,horsepower,mpg,pair0014,/Users/aj9225/Local/meta-learning-ecological-priors-from-llms/functionlearning/data/cause-effects/pairs/pair0014.txt,4,138.0,161.0,quota,2303971178
14,6,[175.0],14.0,175.0,14.0,horsepower,mpg,horsepower,mpg,pair0014,/Users/aj9225/Local/meta-learning-ecological-priors-from-llms/functionlearning/data/cause-effects/pairs/pair0014.txt,5,161.0,184.0,quota,2303971178
14,7,[70.0],29.0,70.0,29.0,horsepower,mpg,horsepower,mpg,pair0014,/Users/aj9225/Local/meta-learning-ecological-priors-from-llms/functionlearning/data/cause-effects/pairs/pair0014.txt,1,69.0,92.0,quota,2303971178
14,8,[180.0],12.0,180.0,12.0,horsepower,mpg,horsepower,mpg,pair0014,/Users/aj9225/Local/meta-learning-ecological-priors-from-llms/functionlearning/data/cause-effects/pairs/pair0014.txt,5,161.0,184.0,quota,2303971178
14,9,[140.0],13.0,140.0,13.0,horsepower,mpg,horsepower,mpg,pair0014,/Users/aj9225/Local/meta-learning-ecological-priors-from-llms/functionlearning/data/cause-effects/pairs/pair0014.txt,4,138.0,161.0,quota,2303971178
14,10,[200.0],10.0,200.0,10.0,horsepower,mpg,horsepower,mpg,pair0014,/Users/aj9225/Local/meta-learning-ecological-priors-from-llms/functionlearning/data/cause-effects/pairs/pair0014.txt,6,184.0,207.0,quota,2303971178
14,11,[115.0],28.8,115.0,28.8,horsepower,mpg,horsepower,mpg,pair0014,/Users/aj9225/Local/meta-learning-ecological-priors-from-llms/functionlearning/data/cause-effects/pairs/pair0014.txt,3,115.0,138.0,quota,2303971178
14,12,[215.0],13.0,215.0,13.0,horsepower,mpg,horsepower,mpg,pair0014,/Users/aj9225/Local/meta-learning-ecological-priors-from-llms/functionlearning/data/cause-effects/pairs/pair0014.txt,7,207.0,230.0,quota,2303971178
14,13,[68.0],31.5,68.0,31.5,horsepower,mpg,horsepower,mpg,pair0014,/Users/aj9225/Local/meta-learning-ecological-priors-from-llms/functionlearning/data/cause-effects/pairs/pair0014.txt,0,46.0,69.0,quota,2303971178
14,14,[62.0],29.8,62.0,29.8,horsepower,mpg,horsepower,mpg,pair0014,/Users/aj9225/Local/meta-learning-ecological-priors-from-llms/functionlearning/data/cause-effects/pairs/pair0014.txt,0,46.0,69.0,quota,2303971178
14,15,[220.0],14.0,220.0,14.0,horsepower,mpg,horsepower,mpg,pair0014,/Users/aj9225/Local/meta-learning-ecological-priors-from-llms/functionlearning/data/cause-effects/pairs/pair0014.txt,7,207.0,230.0,quota,2303971178
14,16,[100.0],17.0,100.0,17.0,horsepower,mpg,horsepower,mpg,pair0014,/Users/aj9225/Local/meta-learning-ecological-priors-from-llms/functionlearning/data/cause-effects/pairs/pair0014.txt,2,92.0,115.0,quota,2303971178
14,17,[105.0],18.0,105.0,18.0,horsepower,mpg,horsepower,mpg,pair0014,/Users/aj9225/Local/meta-learning-ecological-priors-from-llms/functionlearning/data/cause-effects/pairs/pair0014.txt,2,92.0,115.0,quota,2303971178
14,18,[78.0],26.0,78.0,26.0,horsepower,mpg,horsepower,mpg,pair0014,/Users/aj9225/Local/meta-learning-ecological-priors-from-llms/functionlearning/data/cause-effects/pairs/pair0014.txt,1,69.0,92.0,quota,2303971178
14,19,[130.0],13.0,130.0,13.0,horsepower,mpg,horsepower,mpg,pair0014,/Users/aj9225/Local/meta-learning-ecological-priors-from-llms/functionlearning/data/cause-effects/pairs/pair0014.txt,3,115.0,138.0,quota,2303971178
14,20,[60.0],24.5,60.0,24.5,horsepower,mpg,horsepower,mpg,pair0014,/Users/aj9225/Local/meta-learning-ecological-priors-from-llms/functionlearning/data/cause-effects/pairs/pair0014.txt,0,46.0,69.0,quota,2303971178
14,21,[190.0],15.5,190.0,15.5,horsepower,mpg,horsepower,mpg,pair0014,/Users/aj9225/Local/meta-learning-ecological-priors-from-llms/functionlearning/data/cause-effects/pairs/pair0014.txt,6,184.0,207.0,quota,2303971178
14,22,[133.0],16.2,133.0,16.2,horsepower,mpg,horsepower,mpg,pair0014,/Users/aj9225/Local/meta-learning-ecological-priors-from-llms/functionlearning/data/cause-effects/pairs/pair0014.txt,3,115.0,138.0,quota,2303971178
14,23,[75.0],32.2,75.0,32.2,horsepower,mpg,horsepower,mpg,pair0014,/Users/aj9225/Local/meta-learning-ecological-priors-from-llms/functionlearning/data/cause-effects/pairs/pair0014.txt,1,69.0,92.0,quota,2303971178
18,0,[11.85],7.7,11.85,7.7,age of child in years,concentration of GAG (the units have been lost),age of child in years,concentration of GAG (the units have been lost),pair0018,/Users/aj9225/Local/meta-learning-ecological-priors-from-llms/functionlearning/data/cause-effects/pairs/pair0018.txt,5,11.043750000000001,13.252500000000001,quota,3849207298
18,1,[14.22],3.3,14.22,3.3,age of child in years,concentration of GAG (the units have been lost),age of child in years,concentration of GAG (the units have been lost),pair0018,/Users/aj9225/Local/meta-learning-ecological-priors-from-llms/functionlearning/data/cause-effects/pairs/pair0018.txt,6,13.252500000000001,15.461250000000001,quota,3849207298
18,2,[11.45],9.8,11.45,9.8,age of child in years,concentration of GAG (the units have been lost),age of child in years,concentration of GAG (the units have been lost),pair0018,/Users/aj9225/Local/meta-learning-ecological-priors-from-llms/functionlearning/data/cause-effects/pairs/pair0018.txt,5,11.043750000000001,13.252500000000001,quota,3849207298
18,3,[10.0],5.9,10.0,5.9,age of child in years,concentration of GAG (the units have been lost),age of child in years,concentration of GAG (the units have been lost),pair0018,/Users/aj9225/Local/meta-learning-ecological-priors-from-llms/functionlearning/data/cause-effects/pairs/pair0018.txt,4,8.835,11.043750000000001,quota,3849207298
18,4,[6.05],8.7,6.05,8.7,age of child in years,concentration of GAG (the units have been lost),age of child in years,concentration of GAG (the units have been lost),pair0018,/Users/aj9225/Local/meta-learning-ecological-priors-from-llms/functionlearning/data/cause-effects/pairs/pair0018.txt,2,4.4175,6.626250000000001,quota,3849207298
18,5,[12.75],5.7,12.75,5.7,age of child in years,concentration of GAG (the units have been lost),age of child in years,concentration of GAG (the units have been lost),pair0018,/Users/aj9225/Local/meta-learning-ecological-priors-from-llms/functionlearning/data/cause-effects/pairs/pair0018.txt,5,11.043750000000001,13.252500000000001,quota,3849207298
18,6,[8.17],8.3,8.17,8.3,age of child in years,concentration of GAG (the units have been lost),age of child in years,concentration of GAG (the units have been lost),pair0018,/Users/aj9225/Local/meta-learning-ecological-priors-from-llms/functionlearning/data/cause-effects/pairs/pair0018.txt,3,6.626250000000001,8.835,quota,3849207298
18,7,[7.95],4.1,7.95,4.1,age of child in years,concentration of GAG (the units have been lost),age of child in years,concentration of GAG (the units have been lost),pair0018,/Users/aj9225/Local/meta-learning-ecological-priors-from-llms/functionlearning/data/cause-effects/pairs/pair0018.txt,3,6.626250000000001,8.835,quota,3849207298
18,8,[6.2],8.4,6.2,8.4,age of child in years,concentration of GAG (the units have been lost),age of child in years,concentration of GAG (the units have been lost),pair0018,/Users/aj9225/Local/meta-learning-ecological-priors-from-llms/functionlearning/data/cause-effects/pairs/pair0018.txt,2,4.4175,6.626250000000001,quota,3849207298
18,9,[16.23],4.3,16.23,4.3,age of child in years,concentration of GAG (the units have been lost),age of child in years,concentration of GAG (the units have been lost),pair0018,/Users/aj9225/Local/meta-learning-ecological-priors-from-llms/functionlearning/data/cause-effects/pairs/pair0018.txt,7,15.461250000000001,17.67,quota,3849207298
18,10,[17.67],9.3,17.67,9.3,age of child in years,concentration of GAG (the units have been lost),age of child in years,concentration of GAG (the units have been lost),pair0018,/Users/aj9225/Local/meta-learning-ecological-priors-from-llms/functionlearning/data/cause-effects/pairs/pair0018.txt,7,15.461250000000001,17.67,quota,3849207298
18,11,[3.21],8.3,3.21,8.3,age of child in years,concentration of GAG (the units have been lost),age of child in years,concentration of GAG (the units have been lost),pair0018,/Users/aj9225/Local/meta-learning-ecological-priors-from-llms/functionlearning/data/cause-effects/pairs/pair0018.txt,1,2.20875,4.4175,quota,3849207298
18,12,[9.86],5.0,9.86,5.0,age of child in years,concentration of GAG (the units have been lost),age of child in years,concentration of GAG (the units have been lost),pair0018,/Users/aj9225/Local/meta-learning-ecological-priors-from-llms/functionlearning/data/cause-effects/pairs/pair0018.txt,4,8.835,11.043750000000001,quota,3849207298
18,13,[2.09],14.8,2.09,14.8,age of child in years,concentration of GAG (the units have been lost),age of child in years,concentration of GAG (the units have been lost),pair0018,/Users/aj9225/Local/meta-learning-ecological-priors-from-llms/functionlearning/data/cause-effects/pairs/pair0018.txt,0,0.0,2.20875,quota,3849207298
18,14,[9.28],6.3,9.28,6.3,age of child in years,concentration of GAG (the units have been lost),age of child in years,concentration of GAG (the units have been lost),pair0018,/Users/aj9225/Local/meta-learning-ecological-priors-from-llms/functionlearning/data/cause-effects/pairs/pair0018.txt,4,8.835,11.043750000000001,quota,3849207298
18,15,[16.6],2.8,16.6,2.8,age of child in years,concentration of GAG (the units have been lost),age of child in years,concentration of GAG (the units have been lost),pair0018,/Users/aj9225/Local/meta-learning-ecological-priors-from-llms/functionlearning/data/cause-effects/pairs/pair0018.txt,7,15.461250000000001,17.67,quota,3849207298
18,16,[1.35],13.3,1.35,13.3,age of child in years,concentration of GAG (the units have been lost),age of child in years,concentration of GAG (the units have been lost),pair0018,/Users/aj9225/Local/meta-learning-ecological-priors-from-llms/functionlearning/data/cause-effects/pairs/pair0018.txt,0,0.0,2.20875,quota,3849207298
18,17,[8.35],5.1,8.35,5.1,age of child in years,concentration of GAG (the units have been lost),age of child in years,concentration of GAG (the units have been lost),pair0018,/Users/aj9225/Local/meta-learning-ecological-priors-from-llms/functionlearning/data/cause-effects/pairs/pair0018.txt,3,6.626250000000001,8.835,quota,3849207298
18,18,[2.74],9.9,2.74,9.9,age of child in years,concentration of GAG (the units have been lost),age of child in years,concentration of GAG (the units have been lost),pair0018,/Users/aj9225/Local/meta-learning-ecological-priors-from-llms/functionlearning/data/cause-effects/pairs/pair0018.txt,1,2.20875,4.4175,quota,3849207298
18,19,[0.46],18.6,0.46,18.6,age of child in years,concentration of GAG (the units have been lost),age of child in years,concentration of GAG (the units have been lost),pair0018,/Users/aj9225/Local/meta-learning-ecological-priors-from-llms/functionlearning/data/cause-effects/pairs/pair0018.txt,0,0.0,2.20875,quota,3849207298
18,20,[4.35],7.7,4.35,7.7,age of child in years,concentration of GAG (the units have been lost),age of child in years,concentration of GAG (the units have been lost),pair0018,/Users/aj9225/Local/meta-learning-ecological-priors-from-llms/functionlearning/data/cause-effects/pairs/pair0018.txt,1,2.20875,4.4175,quota,3849207298
18,21,[4.48],11.8,4.48,11.8,age of child in years,concentration of GAG (the units have been lost),age of child in years,concentration of GAG (the units have been lost),pair0018,/Users/aj9225/Local/meta-learning-ecological-priors-from-llms/functionlearning/data/cause-effects/pairs/pair0018.txt,2,4.4175,6.626250000000001,quota,3849207298
18,22,[13.92],3.7,13.92,3.7,age of child in years,concentration of GAG (the units have been lost),age of child in years,concentration of GAG (the units have been lost),pair0018,/Users/aj9225/Local/meta-learning-ecological-priors-from-llms/functionlearning/data/cause-effects/pairs/pair0018.txt,6,13.252500000000001,15.461250000000001,quota,3849207298
18,23,[14.96],5.3,14.96,5.3,age of child in years,concentration of GAG (the units have been lost),age of child in years,concentration of GAG (the units have been lost),pair0018,/Users/aj9225/Local/meta-learning-ecological-priors-from-llms/functionlearning/data/cause-effects/pairs/pair0018.txt,6,13.252500000000001,15.461250000000001,quota,3849207298
19,0,[4.8833333],71.1166667,4.8833333,71.1166667,duration of erruption in minutes,time to the next erruption in minutes,duration of erruption in minutes,time to the next erruption in minutes,pair0019,/Users/aj9225/Local/meta-learning-ecological-priors-from-llms/functionlearning/data/cause-effects/pairs/pair0019.txt,7,4.8729166625,5.45,quota,3487406532
19,1,[1.8333333],63.1666667,1.8333333,63.1666667,duration of erruption in minutes,time to the next erruption in minutes,duration of erruption in minutes,time to the next erruption in minutes,pair0019,/Users/aj9225/Local/meta-learning-ecological-priors-from-llms/functionlearning/data/cause-effects/pairs/pair0019.txt,1,1.4104166375,1.987499975,redistributed,3487406532
19,2,[5.0333333],87.9666667,5.0333333,87.9666667,duration of erruption in minutes,time to the next erruption in minutes,duration of erruption in minutes,time to the next erruption in minutes,pair0019,/Users/aj9225/Local/meta-learning-ecological-priors-from-llms/functionlearning/data/cause-effects/pairs/pair0019.txt,7,4.8729166625,5.45,quota,3487406532
19,3,[4.6666667],77.3333333,4.6666667,77.3333333,duration of erruption in minutes,time to the next erruption in minutes,duration of erruption in minutes,time to the next erruption in minutes,pair0019,/Users/aj9225/Local/meta-learning-ecological-priors-from-llms/functionlearning/data/cause-effects/pairs/pair0019.txt,6,4.295833325,4.8729166625,quota,3487406532
19,4,[2.0166667],57.9833333,2.0166667,57.9833333,duration of erruption in minutes,time to the next erruption in minutes,duration of erruption in minutes,time to the next erruption in minutes,pair0019,/Users/aj9225/Local/meta-learning-ecological-priors-from-llms/functionlearning/data/cause-effects/pairs/pair0019.txt,2,1.987499975,2.5645833125,quota,3487406532
19,5,[4.0333333],74.9666667,4.0333333,74.9666667,duration of erruption in minutes,time to the next erruption in minutes,duration of erruption in minutes,time to the next erruption in minutes,pair0019,/Users/aj9225/Local/meta-learning-ecological-priors-from-llms/functionlearning/data/cause-effects/pairs/pair0019.txt,5,3.7187499875,4.295833325,quota,3487406532
19,6,[3.8666667],73.1333333,3.8666667,73.1333333,duration of erruption in minutes,time to the next erruption in minutes,duration of erruption in minutes,time to the next erruption in minutes,pair0019,/Users/aj9225/Local/meta-learning-ecological-priors-from-llms/functionlearning/data/cause-effects/pairs/pair0019.txt,5,3.7187499875,4.295833325,quota,3487406532
19,7,[2.8666667],54.1333333,2.8666667,54.1333333,duration of erruption in minutes,time to the next erruption in minutes,duration of erruption in minutes,time to the next erruption in minutes,pair0019,/Users/aj9225/Local/meta-learning-ecological-priors-from-llms/functionlearning/data/cause-effects/pairs/pair0019.txt,3,2.5645833125,3.14166665,quota,3487406532
19,8,[1.9333333],52.0666667,1.9333333,52.0666667,duration of erruption in minutes,time to the next erruption in minutes,duration of erruption in minutes,time to the next erruption in minutes,pair0019,/Users/aj9225/Local/meta-learning-ecological-priors-from-llms/functionlearning/data/cause-effects/pairs/pair0019.txt,1,1.4104166375,1.987499975,quota,3487406532
19,9,[2.6],55.4,2.6,55.4,duration of erruption in minutes,time to the next erruption in minutes,duration of erruption in minutes,time to the next erruption in minutes,pair0019,/Users/aj9225/Local/meta-learning-ecological-priors-from-llms/functionlearning/data/cause-effects/pairs/pair0019.txt,3,2.5645833125,3.14166665,quota,3487406532
19,10,[1.95],51.05,1.95,51.05,duration of erruption in minutes,time to the next erruption in minutes,duration of erruption in minutes,time to the next erruption in minutes,pair0019,/Users/aj9225/Local/meta-learning-ecological-priors-from-llms/functionlearning/data/cause-effects/pairs/pair0019.txt,1,1.4104166375,1.987499975,quota,3487406532
19,11,[3.5166667],81.4833333,3.5166667,81.4833333,duration of erruption in minutes,time to the next erruption in minutes,duration of erruption in minutes,time to the next erruption in minutes,pair0019,/Users/aj9225/Local/meta-learning-ecological-priors-from-llms/functionlearning/data/cause-effects/pairs/pair0019.txt,4,3.14166665,3.7187499875,quota,3487406532
19,12,[3.7],80.3,3.7,80.3,duration of erruption in minutes,time to the next erruption in minutes,duration of erruption in minutes,time to the next erruption in minutes,pair0019,/Users/aj9225/Local/meta-learning-ecological-priors-from-llms/functionlearning/data/cause-effects/pairs/pair0019.txt,4,3.14166665,3.7187499875,quota,3487406532
19,13,[4.45],74.55,4.45,74.55,duration of erruption in minutes,time to the next erruption in minutes,duration of erruption in minutes,time to the next erruption in minutes,pair0019,/Users/aj9225/Local/meta-learning-ecological-priors-from-llms/functionlearning/data/cause-effects/pairs/pair0019.txt,6,4.295833325,4.8729166625,quota,3487406532
19,14,[2.3833333],66.6166667,2.3833333,66.6166667,duration of erruption in minutes,time to the next erruption in minutes,duration of erruption in minutes,time to the next erruption in minutes,pair0019,/Users/aj9225/Local/meta-learning-ecological-priors-from-llms/functionlearning/data/cause-effects/pairs/pair0019.txt,2,1.987499975,2.5645833125,quota,3487406532
19,15,[1.8],53.2,1.8,53.2,duration of erruption in minutes,time to the next erruption in minutes,duration of erruption in minutes,time to the next erruption in minutes,pair0019,/Users/aj9225/Local/meta-learning-ecological-priors-from-llms/functionlearning/data/cause-effects/pairs/pair0019.txt,1,1.4104166375,1.987499975,quota,3487406532
19,16,[2.0833333],46.9166667,2.0833333,46.9166667,duration of erruption in minutes,time to the next erruption in minutes,duration of erruption in minutes,time to the next erruption in minutes,pair0019,/Users/aj9225/Local/meta-learning-ecological-priors-from-llms/functionlearning/data/cause-effects/pairs/pair0019.txt,2,1.987499975,2.5645833125,quota,3487406532
19,17,[2.75],60.25,2.75,60.25,duration of erruption in minutes,time to the next erruption in minutes,duration of erruption in minutes,time to the next erruption in minutes,pair0019,/Users/aj9225/Local/meta-learning-ecological-priors-from-llms/functionlearning/data/cause-effects/pairs/pair0019.txt,3,2.5645833125,3.14166665,quota,3487406532
19,18,[3.45],69.55,3.45,69.55,duration of erruption in minutes,time to the next erruption in minutes,duration of erruption in minutes,time to the next erruption in minutes,pair0019,/Users/aj9225/Local/meta-learning-ecological-priors-from-llms/functionlearning/data/cause-effects/pairs/pair0019.txt,4,3.14166665,3.7187499875,quota,3487406532
19,19,[4.3],82.7,4.3,82.7,duration of erruption in minutes,time to the next erruption in minutes,duration of erruption in minutes,time to the next erruption in minutes,pair0019,/Users/aj9225/Local/meta-learning-ecological-priors-from-llms/functionlearning/data/cause-effects/pairs/pair0019.txt,6,4.295833325,4.8729166625,quota,3487406532
19,20,[5.45],83.55,5.45,83.55,duration of erruption in minutes,time to the next erruption in minutes,duration of erruption in minutes,time to the next erruption in minutes,pair0019,/Users/aj9225/Local/meta-learning-ecological-priors-from-llms/functionlearning/data/cause-effects/pairs/pair0019.txt,7,4.8729166625,5.45,quota,3487406532
19,21,[4.25],79.75,4.25,79.75,duration of erruption in minutes,time to the next erruption in minutes,duration of erruption in minutes,time to the next erruption in minutes,pair0019,/Users/aj9225/Local/meta-learning-ecological-priors-from-llms/functionlearning/data/cause-effects/pairs/pair0019.txt,5,3.7187499875,4.295833325,quota,3487406532
19,22,[0.8333333],48.1666667,0.8333333,48.1666667,duration of erruption in minutes,time to the next erruption in minutes,duration of erruption in minutes,time to the next erruption in minutes,pair0019,/Users/aj9225/Local/meta-learning-ecological-priors-from-llms/functionlearning/data/cause-effects/pairs/pair0019.txt,0,0.8333333,1.4104166375,quota,3487406532
19,23,[2.1833333],57.8166667,2.1833333,57.8166667,duration of erruption in minutes,time to the next erruption in minutes,duration of erruption in minutes,time to the next erruption in minutes,pair0019,/Users/aj9225/Local/meta-learning-ecological-priors-from-llms/functionlearning/data/cause-effects/pairs/pair0019.txt,2,1.987499975,2.5645833125,redistributed,3487406532
23,0,[1.0],6.0,1.0,6.0,age,weight,age,weight,pair0023,/Users/aj9225/Local/meta-learning-ecological-priors-from-llms/functionlearning/data/cause-effects/pairs/pair0023.txt,0,0.0,10.375,quota,913984733
23,1,[30.0],77.0,30.0,77.0,age,weight,age,weight,pair0023,/Users/aj9225/Local/meta-learning-ecological-priors-from-llms/functionlearning/data/cause-effects/pairs/pair0023.txt,2,20.75,31.125,quota,913984733
23,2,[65.0],85.0,65.0,85.0,age,weight,age,weight,pair0023,/Users/aj9225/Local/meta-learning-ecological-priors-from-llms/functionlearning/data/cause-effects/pairs/pair0023.txt,6,62.25,72.625,quota,913984733
23,3,[70.0],90.0,70.0,90.0,age,weight,age,weight,pair0023,/Users/aj9225/Local/meta-learning-ecological-priors-from-llms/functionlearning/data/cause-effects/pairs/pair0023.txt,6,62.25,72.625,quota,913984733
23,4,[79.0],60.0,79.0,60.0,age,weight,age,weight,pair0023,/Users/aj9225/Local/meta-learning-ecological-priors-from-llms/functionlearning/data/cause-effects/pairs/pair0023.txt,7,72.625,83.0,quota,913984733
23,5,[59.0],74.0,59.0,74.0,age,weight,age,weight,pair0023,/Users/aj9225/Local/meta-learning-ecological-priors-from-llms/functionlearning/data/cause-effects/pairs/pair0023.txt,5,51.875,62.25,quota,913984733
23,6,[46.0],66.0,46.0,66.0,age,weight,age,weight,pair0023,/Users/aj9225/Local/meta-learning-ecological-priors-from-llms/functionlearning/data/cause-effects/pairs/pair0023.txt,4,41.5,51.875,quota,913984733
23,7,[40.0],48.0,40.0,48.0,age,weight,age,weight,pair0023,/Users/aj9225/Local/meta-learning-ecological-priors-from-llms/functionlearning/data/cause-effects/pairs/pair0023.txt,3,31.125,41.5,quota,913984733
23,8,[80.0],70.0,80.0,70.0,age,weight,age,weight,pair0023,/Users/aj9225/Local/meta-learning-ecological-priors-from-llms/functionlearning/data/cause-effects/pairs/pair0023.txt,7,72.625,83.0,quota,913984733
23,9,[68.0],62.0,68.0,62.0,age,weight,age,weight,pair0023,/Users/aj9225/Local/meta-learning-ecological-priors-from-llms/functionlearning/data/cause-effects/pairs/pair0023.txt,6,62.25,72.625,quota,913984733
23,10,[40.0],75.0,40.0,75.0,age,weight,age,weight,pair0023,/Users/aj9225/Local/meta-learning-ecological-priors-from-llms/functionlearning/data/cause-effects/pairs/pair0023.txt,3,31.125,41.5,quota,913984733
23,11,[7.0],22.0,7.0,22.0,age,weight,age,weight,pair0023,/Users/aj9225/Local/meta-learning-ecological-priors-from-llms/functionlearning/data/cause-effects/pairs/pair0023.txt,0,0.0,10.375,quota,913984733
23,12,[73.0],63.0,73.0,63.0,age,weight,age,weight,pair0023,/Users/aj9225/Local/meta-learning-ecological-priors-from-llms/functionlearning/data/cause-effects/pairs/pair0023.txt,7,72.625,83.0,quota,913984733
23,13,[17.0],40.0,17.0,40.0,age,weight,age,weight,pair0023,/Users/aj9225/Local/meta-learning-ecological-priors-from-llms/functionlearning/data/cause-effects/pairs/pair0023.txt,1,10.375,20.75,quota,913984733
23,14,[24.0],72.0,24.0,72.0,age,weight,age,weight,pair0023,/Users/aj9225/Local/meta-learning-ecological-priors-from-llms/functionlearning/data/cause-effects/pairs/pair0023.txt,2,20.75,31.125,quota,913984733
23,15,[13.0],30.0,13.0,30.0,age,weight,age,weight,pair0023,/Users/aj9225/Local/meta-learning-ecological-priors-from-llms/functionlearning/data/cause-effects/pairs/pair0023.txt,1,10.375,20.75,quota,913984733
23,16,[39.0],62.0,39.0,62.0,age,weight,age,weight,pair0023,/Users/aj9225/Local/meta-learning-ecological-priors-from-llms/functionlearning/data/cause-effects/pairs/pair0023.txt,3,31.125,41.5,quota,913984733
23,17,[30.0],62.0,30.0,62.0,age,weight,age,weight,pair0023,/Users/aj9225/Local/meta-learning-ecological-priors-from-llms/functionlearning/data/cause-effects/pairs/pair0023.txt,2,20.75,31.125,quota,913984733
23,18,[52.0],70.0,52.0,70.0,age,weight,age,weight,pair0023,/Users/aj9225/Local/meta-learning-ecological-priors-from-llms/functionlearning/data/cause-effects/pairs/pair0023.txt,5,51.875,62.25,quota,913984733
23,19,[42.0],65.0,42.0,65.0,age,weight,age,weight,pair0023,/Users/aj9225/Local/meta-learning-ecological-priors-from-llms/functionlearning/data/cause-effects/pairs/pair0023.txt,4,41.5,51.875,quota,913984733
23,20,[18.0],60.0,18.0,60.0,age,weight,age,weight,pair0023,/Users/aj9225/Local/meta-learning-ecological-priors-from-llms/functionlearning/data/cause-effects/pairs/pair0023.txt,1,10.375,20.75,quota,913984733
23,21,[9.0],33.0,9.0,33.0,age,weight,age,weight,pair0023,/Users/aj9225/Local/meta-learning-ecological-priors-from-llms/functionlearning/data/cause-effects/pairs/pair0023.txt,0,0.0,10.375,quota,913984733
23,22,[45.0],80.0,45.0,80.0,age,weight,age,weight,pair0023,/Users/aj9225/Local/meta-learning-ecological-priors-from-llms/functionlearning/data/cause-effects/pairs/pair0023.txt,4,41.5,51.875,quota,913984733
23,23,[59.0],70.0,59.0,70.0,age,weight,age,weight,pair0023,/Users/aj9225/Local/meta-learning-ecological-priors-from-llms/functionlearning/data/cause-effects/pairs/pair0023.txt,5,51.875,62.25,quota,913984733
42,0,[215.0],22.9,215.0,22.9,days of the year,"mean daily temperature of Furtwangen (Schwarzwald), Germany",days of the year,"mean daily temperature of Furtwangen (Schwarzwald), Germany",pair0042,/Users/aj9225/Local/meta-learning-ecological-priors-from-llms/functionlearning/data/cause-effects/pairs/pair0042.txt,4,183.5,229.125,quota,2656846930
42,1,[277.0],4.6,277.0,4.6,days of the year,"mean daily temperature of Furtwangen (Schwarzwald), Germany",days of the year,"mean daily temperature of Furtwangen (Schwarzwald), Germany",pair0042,/Users/aj9225/Local/meta-learning-ecological-priors-from-llms/functionlearning/data/cause-effects/pairs/pair0042.txt,6,274.75,320.375,quota,2656846930
42,2,[174.0],11.4,174.0,11.4,days of the year,"mean daily temperature of Furtwangen (Schwarzwald), Germany",days of the year,"mean daily temperature of Furtwangen (Schwarzwald), Germany",pair0042,/Users/aj9225/Local/meta-learning-ecological-priors-from-llms/functionlearning/data/cause-effects/pairs/pair0042.txt,3,137.875,183.5,quota,2656846930
42,3,[320.0],7.4,320.0,7.4,days of the year,"mean daily temperature of Furtwangen (Schwarzwald), Germany",days of the year,"mean daily temperature of Furtwangen (Schwarzwald), Germany",pair0042,/Users/aj9225/Local/meta-learning-ecological-priors-from-llms/functionlearning/data/cause-effects/pairs/pair0042.txt,6,274.75,320.375,quota,2656846930
42,4,[271.0],8.6,271.0,8.6,days of the year,"mean daily temperature of Furtwangen (Schwarzwald), Germany",days of the year,"mean daily temperature of Furtwangen (Schwarzwald), Germany",pair0042,/Users/aj9225/Local/meta-learning-ecological-priors-from-llms/functionlearning/data/cause-effects/pairs/pair0042.txt,5,229.125,274.75,quota,2656846930
42,5,[161.0],8.0,161.0,8.0,days of the year,"mean daily temperature of Furtwangen (Schwarzwald), Germany",days of the year,"mean daily temperature of Furtwangen (Schwarzwald), Germany",pair0042,/Users/aj9225/Local/meta-learning-ecological-priors-from-llms/functionlearning/data/cause-effects/pairs/pair0042.txt,3,137.875,183.5,quota,2656846930
42,6,[82.0],2.6,82.0,2.6,days of the year,"mean daily temperature of Furtwangen (Schwarzwald), Germany",days of the year,"mean daily temperature of Furtwangen (Schwarzwald), Germany",pair0042,/Users/aj9225/Local/meta-learning-ecological-priors-from-llms/functionlearning/data/cause-effects/pairs/pair0042.txt,1,46.625,92.25,quota,2656846930
42,7,[334.0],4.1,334.0,4.1,days of the year,"mean daily temperature of Furtwangen (Schwarzwald), Germany",days of the year,"mean daily temperature of Furtwangen (Schwarzwald), Germany",pair0042,/Users/aj9225/Local/meta-learning-ecological-priors-from-llms/functionlearning/data/cause-effects/pairs/pair0042.txt,7,320.375,366.0,quota,2656846930
42,8,[223.0],17.8,223.0,17.8,days of the year,"mean daily temperature of Furtwangen (Schwarzwald), Germany",days of the year,"mean daily temperature of Furtwangen (Schwarzwald), Germany",pair0042,/Users/aj9225/Local/meta-learning-ecological-priors-from-llms/functionlearning/data/cause-effects/pairs/pair0042.txt,4,183.5,229.125,quota,2656846930
42,9,[60.0],2.6,60.0,2.6,days of the year,"mean daily temperature of Furtwangen (Schwarzwald), Germany",days of the year,"mean daily temperature of Furtwangen (Schwarzwald), Germany",pair0042,/Users/aj9225/Local/meta-learning-ecological-priors-from-llms/functionlearning/data/cause-effects/pairs/pair0042.txt,1,46.625,92.25,quota,2656846930
42,10,[172.0],20.9,172.0,20.9,days of the year,"mean daily temperature of Furtwangen (Schwarzwald), Germany",days of the year,"mean daily temperature of Furtwangen (Schwarzwald), Germany",pair0042,/Users/aj9225/Local/meta-learning-ecological-priors-from-llms/functionlearning/data/cause-effects/pairs/pair0042.txt,3,137.875,183.5,quota,2656846930
42,11,[365.0],3.6,365.0,3.6,days of the year,"mean daily temperature of Furtwangen (Schwarzwald), Germany",days of the year,"mean daily temperature of Furtwangen (Schwarzwald), Germany",pair0042,/Users/aj9225/Local/meta-learning-ecological-priors-from-llms/functionlearning/data/cause-effects/pairs/pair0042.txt,7,320.375,366.0,quota,2656846930
42,12,[32.0],1.5,32.0,1.5,days of the year,"mean daily temperature of Furtwangen (Schwarzwald), Germany",days of the year,"mean daily temperature of Furtwangen (Schwarzwald), Germany",pair0042,/Users/aj9225/Local/meta-learning-ecological-priors-from-llms/functionlearning/data/cause-effects/pairs/pair0042.txt,0,1.0,46.625,quota,2656846930
42,13,[74.0],-0.3,74.0,-0.3,days of the year,"mean daily temperature of Furtwangen (Schwarzwald), Germany",days of the year,"mean daily temperature of Furtwangen (Schwarzwald), Germany",pair0042,/Users/aj9225/Local/meta-learning-ecological-priors-from-llms/functionlearning/data/cause-effects/pairs/pair0042.txt,1,46.625,92.25,quota,2656846930
42,14,[35.0],-2.0,35.0,-2.0,days of the year,"mean daily temperature of Furtwangen (Schwarzwald), Germany",days of the year,"mean daily temperature of Furtwangen (Schwarzwald), Germany",pair0042,/Users/aj9225/Local/meta-learning-ecological-priors-from-llms/functionlearning/data/cause-effects/pairs/pair0042.txt,0,1.0,46.625,quota,2656846930
42,15,[262.0],4.4,262.0,4.4,days of the year,"mean daily temperature of Furtwangen (Schwarzwald), Germany",days of the year,"mean daily temperature of Furtwangen (Schwarzwald), Germany",pair0042,/Users/aj9225/Local/meta-learning-ecological-priors-from-llms/functionlearning/data/cause-effects/pairs/pair0042.txt,5,229.125,274.75,quota,2656846930
42,16,[231.0],15.1,231.0,15.1,days of the year,"mean daily temperature of Furtwangen (Schwarzwald), Germany",days of the year,"mean daily temperature of Furtwangen (Schwarzwald), Germany",pair0042,/Users/aj9225/Local/meta-learning-ecological-priors-from-llms/functionlearning/data/cause-effects/pairs/pair0042.txt,5,229.125,274.75,quota,2656846930
42,17,[124.0],9.3,124.0,9.3,days of the year,"mean daily temperature of Furtwangen (Schwarzwald), Germany",days of the year,"mean daily temperature of Furtwangen (Schwarzwald), Germany",pair0042,/Users/aj9225/Local/meta-learning-ecological-priors-from-llms/functionlearning/data/cause-effects/pairs/pair0042.txt,2,92.25,137.875,quota,2656846930
42,18,[93.0],-0.3,93.0,-0.3,days of the year,"mean daily temperature of Furtwangen (Schwarzwald), Germany",days of the year,"mean daily temperature of Furtwangen (Schwarzwald), Germany",pair0042,/Users/aj9225/Local/meta-learning-ecological-priors-from-llms/functionlearning/data/cause-effects/pairs/pair0042.txt,2,92.25,137.875,quota,2656846930
42,19,[123.0],-0.4,123.0,-0.4,days of the year,"mean daily temperature of Furtwangen (Schwarzwald), Germany",days of the year,"mean daily temperature of Furtwangen (Schwarzwald), Germany",pair0042,/Users/aj9225/Local/meta-learning-ecological-priors-from-llms/functionlearning/data/cause-effects/pairs/pair0042.txt,2,92.25,137.875,quota,2656846930
42,20,[228.0],13.8,228.0,13.8,days of the year,"mean daily temperature of Furtwangen (Schwarzwald), Germany",days of the year,"mean daily temperature of Furtwangen (Schwarzwald), Germany",pair0042,/Users/aj9225/Local/meta-learning-ecological-priors-from-llms/functionlearning/data/cause-effects/pairs/pair0042.txt,4,183.5,229.125,quota,2656846930
42,21,[324.0],-1.3,324.0,-1.3,days of the year,"mean daily temperature of Furtwangen (Schwarzwald), Germany",days of the year,"mean daily temperature of Furtwangen (Schwarzwald), Germany",pair0042,/Users/aj9225/Local/meta-learning-ecological-priors-from-llms/functionlearning/data/cause-effects/pairs/pair0042.txt,7,320.375,366.0,quota,2656846930
42,22,[282.0],8.8,282.0,8.8,days of the year,"mean daily temperature of Furtwangen (Schwarzwald), Germany",days of the year,"mean daily temperature of Furtwangen (Schwarzwald), Germany",pair0042,/Users/aj9225/Local/meta-learning-ecological-priors-from-llms/functionlearning/data/cause-effects/pairs/pair0042.txt,6,274.75,320.375,quota,2656846930
42,23,[34.0],3.5,34.0,3.5,days of the year,"mean daily temperature of Furtwangen (Schwarzwald), Germany",days of the year,"mean daily temperature of Furtwangen (Schwarzwald), Germany",pair0042,/Users/aj9225/Local/meta-learning-ecological-priors-from-llms/functionlearning/data/cause-effects/pairs/pair0042.txt,0,1.0,46.625,quota,2656846930
43,0,[268.49],268.07,268.49,268.07,"year 2000, day 50","year 2000, day 51","year 2000, day 50","year 2000, day 51",pair0043,/Users/aj9225/Local/meta-learning-ecological-priors-from-llms/functionlearning/data/cause-effects/pairs/pair0043.txt,4,265.29499999999996,275.72625,quota,2593704039
43,1,[260.55],257.35,260.55,257.35,"year 2000, day 50","year 2000, day 51","year 2000, day 50","year 2000, day 51",pair0043,/Users/aj9225/Local/meta-learning-ecological-priors-from-llms/functionlearning/data/cause-effects/pairs/pair0043.txt,3,254.86374999999998,265.29499999999996,quota,2593704039
43,2,[300.95],302.42,300.95,302.42,"year 2000, day 50","year 2000, day 51","year 2000, day 50","year 2000, day 51",pair0043,/Users/aj9225/Local/meta-learning-ecological-priors-from-llms/functionlearning/data/cause-effects/pairs/pair0043.txt,7,296.58875,307.02,quota,2593704039
43,3,[231.42],235.07,231.42,235.07,"year 2000, day 50","year 2000, day 51","year 2000, day 50","year 2000, day 51",pair0043,/Users/aj9225/Local/meta-learning-ecological-priors-from-llms/functionlearning/data/cause-effects/pairs/pair0043.txt,0,223.57,234.00125,quota,2593704039
43,4,[256.65],254.12,256.65,254.12,"year 2000, day 50","year 2000, day 51","year 2000, day 50","year 2000, day 51",pair0043,/Users/aj9225/Local/meta-learning-ecological-priors-from-llms/functionlearning/data/cause-effects/pairs/pair0043.txt,3,254.86374999999998,265.29499999999996,quota,2593704039
43,5,[241.85],240.47,241.85,240.47,"year 2000, day 50","year 2000, day 51","year 2000, day 50","year 2000, day 51",pair0043,/Users/aj9225/Local/meta-learning-ecological-priors-from-llms/functionlearning/data/cause-effects/pairs/pair0043.txt,1,234.00125,244.4325,quota,2593704039
43,6,[252.35],250.37,252.35,250.37,"year 2000, day 50","year 2000, day 51","year 2000, day 50","year 2000, day 51",pair0043,/Users/aj9225/Local/meta-learning-ecological-priors-from-llms/functionlearning/data/cause-effects/pairs/pair0043.txt,2,244.4325,254.86374999999998,quota,2593704039
43,7,[258.27],256.2,258.27,256.2,"year 2000, day 50","year 2000, day 51","year 2000, day 50","year 2000, day 51",pair0043,/Users/aj9225/Local/meta-learning-ecological-priors-from-llms/functionlearning/data/cause-effects/pairs/pair0043.txt,3,254.86374999999998,265.29499999999996,quota,2593704039
43,8,[295.39],295.95,295.39,295.95,"year 2000, day 50","year 2000, day 51","year 2000, day 50","year 2000, day 51",pair0043,/Users/aj9225/Local/meta-learning-ecological-priors-from-llms/functionlearning/data/cause-effects/pairs/pair0043.txt,6,286.15749999999997,296.58875,quota,2593704039
43,9,[299.62],300.37,299.62,300.37,"year 2000, day 50","year 2000, day 51","year 2000, day 50","year 2000, day 51",pair0043,/Users/aj9225/Local/meta-learning-ecological-priors-from-llms/functionlearning/data/cause-effects/pairs/pair0043.txt,7,296.58875,307.02,quota,2593704039
43,10,[272.17],272.25,272.17,272.25,"year 2000, day 50","year 2000, day 51","year 2000, day 50","year 2000, day 51",pair0043,/Users/aj9225/Local/meta-learning-ecological-priors-from-llms/functionlearning/data/cause-effects/pairs/pair0043.txt,4,265.29499999999996,275.72625,quota,2593704039
43,11,[302.07],301.74,302.07,301.74,"year 2000, day 50","year 2000, day 51","year 2000, day 50","year 2000, day 51",pair0043,/Users/aj9225/Local/meta-learning-ecological-priors-from-llms/functionlearning/data/cause-effects/pairs/pair0043.txt,7,296.58875,307.02,quota,2593704039
43,12,[272.2],274.32,272.2,274.32,"year 2000, day 50","year 2000, day 51","year 2000, day 50","year 2000, day 51",pair0043,/Users/aj9225/Local/meta-learning-ecological-priors-from-llms/functionlearning/data/cause-effects/pairs/pair0043.txt,4,265.29499999999996,275.72625,quota,2593704039
43,13,[244.3],243.5,244.3,243.5,"year 2000, day 50","year 2000, day 51","year 2000, day 50","year 2000, day 51",pair0043,/Users/aj9225/Local/meta-learning-ecological-priors-from-llms/functionlearning/data/cause-effects/pairs/pair0043.txt,1,234.00125,244.4325,quota,2593704039
43,14,[246.85],246.9,246.85,246.9,"year 2000, day 50","year 2000, day 51","year 2000, day 50","year 2000, day 51",pair0043,/Users/aj9225/Local/meta-learning-ecological-priors-from-llms/functionlearning/data/cause-effects/pairs/pair0043.txt,2,244.4325,254.86374999999998,quota,2593704039
43,15,[250.53],249.78,250.53,249.78,"year 2000, day 50","year 2000, day 51","year 2000, day 50","year 2000, day 51",pair0043,/Users/aj9225/Local/meta-learning-ecological-priors-from-llms/functionlearning/data/cause-effects/pairs/pair0043.txt,2,244.4325,254.86374999999998,quota,2593704039
43,16,[225.72],225.4,225.72,225.4,"year 2000, day 50","year 2000, day 51","year 2000, day 50","year 2000, day 51",pair0043,/Users/aj9225/Local/meta-learning-ecological-priors-from-llms/functionlearning/data/cause-effects/pairs/pair0043.txt,0,223.57,234.00125,quota,2593704039
43,17,[282.8],279.72,282.8,279.72,"year 2000, day 50","year 2000, day 51","year 2000, day 50","year 2000, day 51",pair0043,/Users/aj9225/Local/meta-learning-ecological-priors-from-llms/functionlearning/data/cause-effects/pairs/pair0043.txt,5,275.72625,286.15749999999997,quota,2593704039
43,18,[295.22],289.87,295.22,289.87,"year 2000, day 50","year 2000, day 51","year 2000, day 50","year 2000, day 51",pair0043,/Users/aj9225/Local/meta-learning-ecological-priors-from-llms/functionlearning/data/cause-effects/pairs/pair0043.txt,6,286.15749999999997,296.58875,quota,2593704039
43,19,[279.32],280.72,279.32,280.72,"year 2000, day 50","year 2000, day 51","year 2000, day 50","year 2000, day 51",pair0043,/Users/aj9225/Local/meta-learning-ecological-priors-from-llms/functionlearning/data/cause-effects/pairs/pair0043.txt,5,275.72625,286.15749999999997,quota,2593704039
43,20,[224.25],225.57,224.25,225.57,"year 2000, day 50","year 2000, day 51","year 2000, day 50","year 2000, day 51",pair0043,/Users/aj9225/Local/meta-learning-ecological-priors-from-llms/functionlearning/data/cause-effects/pairs/pair0043.txt,0,223.57,234.00125,quota,2593704039
43,21,[279.95],278.97,279.95,278.97,"year 2000, day 50","year 2000, day 51","year 2000, day 50","year 2000, day 51",pair0043,/Users/aj9225/Local/meta-learning-ecological-priors-from-llms/functionlearning/data/cause-effects/pairs/pair0043.txt,5,275.72625,286.15749999999997,quota,2593704039
43,22,[288.7],287.92,288.7,287.92,"year 2000, day 50","year 2000, day 51","year 2000, day 50","year 2000, day 51",pair0043,/Users/aj9225/Local/meta-learning-ecological-priors-from-llms/functionlearning/data/cause-effects/pairs/pair0043.txt,6,286.15749999999997,296.58875,quota,2593704039
43,23,[243.4],238.72,243.4,238.72,"year 2000, day 50","year 2000, day 51","year 2000, day 50","year 2000, day 51",pair0043,/Users/aj9225/Local/meta-learning-ecological-priors-from-llms/functionlearning/data/cause-effects/pairs/pair0043.txt,1,234.00125,244.4325,quota,2593704039
44,0,[78190.0],78280.0,78190.0,78280.0,"year 2000, day 50","year 2000, day 51","year 2000, day 50","year 2000, day 51",pair0044,/Users/aj9225/Local/meta-learning-ecological-priors-from-llms/functionlearning/data/cause-effects/pairs/pair0044.txt,3,71617.5,79000.0,quota,965025595
44,1,[61790.0],61670.0,61790.0,61670.0,"year 2000, day 50","year 2000, day 51","year 2000, day 50","year 2000, day 51",pair0044,/Users/aj9225/Local/meta-learning-ecological-priors-from-llms/functionlearning/data/cause-effects/pairs/pair0044.txt,1,56852.5,64235.0,quota,965025595
44,2,[89540.0],89550.0,89540.0,89550.0,"year 2000, day 50","year 2000, day 51","year 2000, day 50","year 2000, day 51",pair0044,/Users/aj9225/Local/meta-learning-ecological-priors-from-llms/functionlearning/data/cause-effects/pairs/pair0044.txt,5,86382.5,93765.0,quota,965025595
44,3,[77130.0],76660.0,77130.0,76660.0,"year 2000, day 50","year 2000, day 51","year 2000, day 50","year 2000, day 51",pair0044,/Users/aj9225/Local/meta-learning-ecological-priors-from-llms/functionlearning/data/cause-effects/pairs/pair0044.txt,3,71617.5,79000.0,quota,965025595
44,4,[102400.0],102290.0,102400.0,102290.0,"year 2000, day 50","year 2000, day 51","year 2000, day 50","year 2000, day 51",pair0044,/Users/aj9225/Local/meta-learning-ecological-priors-from-llms/functionlearning/data/cause-effects/pairs/pair0044.txt,7,101147.5,108530.0,quota,965025595
44,5,[63380.0],63350.0,63380.0,63350.0,"year 2000, day 50","year 2000, day 51","year 2000, day 50","year 2000, day 51",pair0044,/Users/aj9225/Local/meta-learning-ecological-priors-from-llms/functionlearning/data/cause-effects/pairs/pair0044.txt,1,56852.5,64235.0,quota,965025595
44,6,[100490.0],100500.0,100490.0,100500.0,"year 2000, day 50","year 2000, day 51","year 2000, day 50","year 2000, day 51",pair0044,/Users/aj9225/Local/meta-learning-ecological-priors-from-llms/functionlearning/data/cause-effects/pairs/pair0044.txt,6,93765.0,101147.5,quota,965025595
44,7,[91410.0],91360.0,91410.0,91360.0,"year 2000, day 50","year 2000, day 51","year 2000, day 50","year 2000, day 51",pair0044,/Users/aj9225/Local/meta-learning-ecological-priors-from-llms/functionlearning/data/cause-effects/pairs/pair0044.txt,5,86382.5,93765.0,quota,965025595
44,8,[85640.0],85690.0,85640.0,85690.0,"year 2000, day 50","year 2000, day 51","year 2000, day 50","year 2000, day 51",pair0044,/Users/aj9225/Local/meta-learning-ecological-priors-from-llms/functionlearning/data/cause-effects/pairs/pair0044.txt,4,79000.0,86382.5,quota,965025595
44,9,[50320.0],50260.0,50320.0,50260.0,"year 2000, day 50","year 2000, day 51","year 2000, day 50","year 2000, day 51",pair0044,/Users/aj9225/Local/meta-learning-ecological-priors-from-llms/functionlearning/data/cause-effects/pairs/pair0044.txt,0,49470.0,56852.5,quota,965025595
44,10,[74980.0],75030.0,74980.0,75030.0,"year 2000, day 50","year 2000, day 51","year 2000, day 50","year 2000, day 51",pair0044,/Users/aj9225/Local/meta-learning-ecological-priors-from-llms/functionlearning/data/cause-effects/pairs/pair0044.txt,3,71617.5,79000.0,quota,965025595
44,11,[100950.0],101560.0,100950.0,101560.0,"year 2000, day 50","year 2000, day 51","year 2000, day 50","year 2000, day 51",pair0044,/Users/aj9225/Local/meta-learning-ecological-priors-from-llms/functionlearning/data/cause-effects/pairs/pair0044.txt,6,93765.0,101147.5,quota,965025595
44,12,[69530.0],69770.0,69530.0,69770.0,"year 2000, day 50","year 2000, day 51","year 2000, day 50","year 2000, day 51",pair0044,/Users/aj9225/Local/meta-learning-ecological-priors-from-llms/functionlearning/data/cause-effects/pairs/pair0044.txt,2,64235.0,71617.5,quota,965025595
44,13,[51540.0],51590.0,51540.0,51590.0,"year 2000, day 50","year 2000, day 51","year 2000, day 50","year 2000, day 51",pair0044,/Users/aj9225/Local/meta-learning-ecological-priors-from-llms/functionlearning/data/cause-effects/pairs/pair0044.txt,0,49470.0,56852.5,quota,965025595
44,14,[64620.0],64330.0,64620.0,64330.0,"year 2000, day 50","year 2000, day 51","year 2000, day 50","year 2000, day 51",pair0044,/Users/aj9225/Local/meta-learning-ecological-priors-from-llms/functionlearning/data/cause-effects/pairs/pair0044.txt,2,64235.0,71617.5,quota,965025595
44,15,[82790.0],82900.0,82790.0,82900.0,"year 2000, day 50","year 2000, day 51","year 2000, day 50","year 2000, day 51",pair0044,/Users/aj9225/Local/meta-learning-ecological-priors-from-llms/functionlearning/data/cause-effects/pairs/pair0044.txt,4,79000.0,86382.5,quota,965025595
44,16,[98790.0],98220.0,98790.0,98220.0,"year 2000, day 50","year 2000, day 51","year 2000, day 50","year 2000, day 51",pair0044,/Users/aj9225/Local/meta-learning-ecological-priors-from-llms/functionlearning/data/cause-effects/pairs/pair0044.txt,6,93765.0,101147.5,quota,965025595
44,17,[93730.0],92770.0,93730.0,92770.0,"year 2000, day 50","year 2000, day 51","year 2000, day 50","year 2000, day 51",pair0044,/Users/aj9225/Local/meta-learning-ecological-priors-from-llms/functionlearning/data/cause-effects/pairs/pair0044.txt,5,86382.5,93765.0,quota,965025595
44,18,[102030.0],101900.0,102030.0,101900.0,"year 2000, day 50","year 2000, day 51","year 2000, day 50","year 2000, day 51",pair0044,/Users/aj9225/Local/meta-learning-ecological-priors-from-llms/functionlearning/data/cause-effects/pairs/pair0044.txt,7,101147.5,108530.0,quota,965025595
44,19,[54230.0],54260.0,54230.0,54260.0,"year 2000, day 50","year 2000, day 51","year 2000, day 50","year 2000, day 51",pair0044,/Users/aj9225/Local/meta-learning-ecological-priors-from-llms/functionlearning/data/cause-effects/pairs/pair0044.txt,0,49470.0,56852.5,quota,965025595
44,20,[59230.0],58980.0,59230.0,58980.0,"year 2000, day 50","year 2000, day 51","year 2000, day 50","year 2000, day 51",pair0044,/Users/aj9225/Local/meta-learning-ecological-priors-from-llms/functionlearning/data/cause-effects/pairs/pair0044.txt,1,56852.5,64235.0,quota,965025595
44,21,[101790.0],101910.0,101790.0,101910.0,"year 2000, day 50","year 2000, day 51","year 2000, day 50","year 2000, day 51",pair0044,/Users/aj9225/Local/meta-learning-ecological-priors-from-llms/functionlearning/data/cause-effects/pairs/pair0044.txt,7,101147.5,108530.0,quota,965025595
44,22,[86280.0],86460.0,86280.0,86460.0,"year 2000, day 50","year 2000, day 51","year 2000, day 50","year 2000, day 51",pair0044,/Users/aj9225/Local/meta-learning-ecological-priors-from-llms/functionlearning/data/cause-effects/pairs/pair0044.txt,4,79000.0,86382.5,quota,965025595
44,23,[67030.0],66900.0,67030.0,66900.0,"year 2000, day 50","year 2000, day 51","year 2000, day 50","year 2000, day 51",pair0044,/Users/aj9225/Local/meta-learning-ecological-priors-from-llms/functionlearning/data/cause-effects/pairs/pair0044.txt,2,64235.0,71617.5,quota,965025595
45,0,[100922.0],101462.0,100922.0,101462.0,"year 2000, day 50","year 2000, day 51","year 2000, day 50","year 2000, day 51",pair0045,/Users/aj9225/Local/meta-learning-ecological-priors-from-llms/functionlearning/data/cause-effects/pairs/pair0045.txt,4,100228.5,101169.375,quota,2022952467
45,1,[103490.0],103540.0,103490.0,103540.0,"year 2000, day 50","year 2000, day 51","year 2000, day 50","year 2000, day 51",pair0045,/Users/aj9225/Local/meta-learning-ecological-priors-from-llms/functionlearning/data/cause-effects/pairs/pair0045.txt,7,103051.125,103992.0,quota,2022952467
45,2,[101707.0],101562.0,101707.0,101562.0,"year 2000, day 50","year 2000, day 51","year 2000, day 50","year 2000, day 51",pair0045,/Users/aj9225/Local/meta-learning-ecological-priors-from-llms/functionlearning/data/cause-effects/pairs/pair0045.txt,5,101169.375,102110.25,quota,2022952467
45,3,[102672.0],102447.0,102672.0,102447.0,"year 2000, day 50","year 2000, day 51","year 2000, day 50","year 2000, day 51",pair0045,/Users/aj9225/Local/meta-learning-ecological-priors-from-llms/functionlearning/data/cause-effects/pairs/pair0045.txt,6,102110.25,103051.125,quota,2022952467
45,4,[97225.0],98330.0,97225.0,98330.0,"year 2000, day 50","year 2000, day 51","year 2000, day 50","year 2000, day 51",pair0045,/Users/aj9225/Local/meta-learning-ecological-priors-from-llms/functionlearning/data/cause-effects/pairs/pair0045.txt,0,96465.0,97405.875,quota,2022952467
45,5,[98155.0],98430.0,98155.0,98430.0,"year 2000, day 50","year 2000, day 51","year 2000, day 50","year 2000, day 51",pair0045,/Users/aj9225/Local/meta-learning-ecological-priors-from-llms/functionlearning/data/cause-effects/pairs/pair0045.txt,1,97405.875,98346.75,quota,2022952467
45,6,[98477.0],98452.0,98477.0,98452.0,"year 2000, day 50","year 2000, day 51","year 2000, day 50","year 2000, day 51",pair0045,/Users/aj9225/Local/meta-learning-ecological-priors-from-llms/functionlearning/data/cause-effects/pairs/pair0045.txt,2,98346.75,99287.625,quota,2022952467
45,7,[101445.0],100775.0,101445.0,100775.0,"year 2000, day 50","year 2000, day 51","year 2000, day 50","year 2000, day 51",pair0045,/Users/aj9225/Local/meta-learning-ecological-priors-from-llms/functionlearning/data/cause-effects/pairs/pair0045.txt,5,101169.375,102110.25,quota,2022952467
45,8,[97272.0],98115.0,97272.0,98115.0,"year 2000, day 50","year 2000, day 51","year 2000, day 50","year 2000, day 51",pair0045,/Users/aj9225/Local/meta-learning-ecological-priors-from-llms/functionlearning/data/cause-effects/pairs/pair0045.txt,0,96465.0,97405.875,quota,2022952467
45,9,[103142.0],102237.0,103142.0,102237.0,"year 2000, day 50","year 2000, day 51","year 2000, day 50","year 2000, day 51",pair0045,/Users/aj9225/Local/meta-learning-ecological-priors-from-llms/functionlearning/data/cause-effects/pairs/pair0045.txt,7,103051.125,103992.0,quota,2022952467
45,10,[97107.0],97277.0,97107.0,97277.0,"year 2000, day 50","year 2000, day 51","year 2000, day 50","year 2000, day 51",pair0045,/Users/aj9225/Local/meta-learning-ecological-priors-from-llms/functionlearning/data/cause-effects/pairs/pair0045.txt,0,96465.0,97405.875,quota,2022952467
45,11,[99335.0],99435.0,99335.0,99435.0,"year 2000, day 50","year 2000, day 51","year 2000, day 50","year 2000, day 51",pair0045,/Users/aj9225/Local/meta-learning-ecological-priors-from-llms/functionlearning/data/cause-effects/pairs/pair0045.txt,3,99287.625,100228.5,quota,2022952467
45,12,[99085.0],98682.0,99085.0,98682.0,"year 2000, day 50","year 2000, day 51","year 2000, day 50","year 2000, day 51",pair0045,/Users/aj9225/Local/meta-learning-ecological-priors-from-llms/functionlearning/data/cause-effects/pairs/pair0045.txt,2,98346.75,99287.625,quota,2022952467
45,13,[101415.0],100585.0,101415.0,100585.0,"year 2000, day 50","year 2000, day 51","year 2000, day 50","year 2000, day 51",pair0045,/Users/aj9225/Local/meta-learning-ecological-priors-from-llms/functionlearning/data/cause-effects/pairs/pair0045.txt,5,101169.375,102110.25,quota,2022952467
45,14,[102660.0],102465.0,102660.0,102465.0,"year 2000, day 50","year 2000, day 51","year 2000, day 50","year 2000, day 51",pair0045,/Users/aj9225/Local/meta-learning-ecological-priors-from-llms/functionlearning/data/cause-effects/pairs/pair0045.txt,6,102110.25,103051.125,quota,2022952467
45,15,[103715.0],103280.0,103715.0,103280.0,"year 2000, day 50","year 2000, day 51","year 2000, day 50","year 2000, day 51",pair0045,/Users/aj9225/Local/meta-learning-ecological-priors-from-llms/functionlearning/data/cause-effects/pairs/pair0045.txt,7,103051.125,103992.0,quota,2022952467
45,16,[99587.0],98172.0,99587.0,98172.0,"year 2000, day 50","year 2000, day 51","year 2000, day 50","year 2000, day 51",pair0045,/Users/aj9225/Local/meta-learning-ecological-priors-from-llms/functionlearning/data/cause-effects/pairs/pair0045.txt,3,99287.625,100228.5,quota,2022952467
45,17,[101040.0],101015.0,101040.0,101015.0,"year 2000, day 50","year 2000, day 51","year 2000, day 50","year 2000, day 51",pair0045,/Users/aj9225/Local/meta-learning-ecological-priors-from-llms/functionlearning/data/cause-effects/pairs/pair0045.txt,4,100228.5,101169.375,quota,2022952467
45,18,[102552.0],102040.0,102552.0,102040.0,"year 2000, day 50","year 2000, day 51","year 2000, day 50","year 2000, day 51",pair0045,/Users/aj9225/Local/meta-learning-ecological-priors-from-llms/functionlearning/data/cause-effects/pairs/pair0045.txt,6,102110.25,103051.125,quota,2022952467
45,19,[97645.0],97777.0,97645.0,97777.0,"year 2000, day 50","year 2000, day 51","year 2000, day 50","year 2000, day 51",pair0045,/Users/aj9225/Local/meta-learning-ecological-priors-from-llms/functionlearning/data/cause-effects/pairs/pair0045.txt,1,97405.875,98346.75,quota,2022952467
45,20,[97512.0],98275.0,97512.0,98275.0,"year 2000, day 50","year 2000, day 51","year 2000, day 50","year 2000, day 51",pair0045,/Users/aj9225/Local/meta-learning-ecological-priors-from-llms/functionlearning/data/cause-effects/pairs/pair0045.txt,1,97405.875,98346.75,quota,2022952467
45,21,[99697.0],99422.0,99697.0,99422.0,"year 2000, day 50","year 2000, day 51","year 2000, day 50","year 2000, day 51",pair0045,/Users/aj9225/Local/meta-learning-ecological-priors-from-llms/functionlearning/data/cause-effects/pairs/pair0045.txt,3,99287.625,100228.5,quota,2022952467
45,22,[99057.0],98365.0,99057.0,98365.0,"year 2000, day 50","year 2000, day 51","year 2000, day 50","year 2000, day 51",pair0045,/Users/aj9225/Local/meta-learning-ecological-priors-from-llms/functionlearning/data/cause-effects/pairs/pair0045.txt,2,98346.75,99287.625,quota,2022952467
45,23,[100982.0],100182.0,100982.0,100182.0,"year 2000, day 50","year 2000, day 51","year 2000, day 50","year 2000, day 51",pair0045,/Users/aj9225/Local/meta-learning-ecological-priors-from-llms/functionlearning/data/cause-effects/pairs/pair0045.txt,4,100228.5,101169.375,quota,2022952467
56,0,[59.0],13.44,59.0,13.44,"life expectancy at birth for different countries, female, 2000-2005",latitude of the country's capital,"life expectancy at birth for different countries, female, 2000-2005",latitude of the country's capital,pair0056,/Users/aj9225/Local/meta-learning-ecological-priors-from-llms/functionlearning/data/cause-effects/pairs/pair0056.txt,3,56.25,62.0,quota,44428472
56,1,[74.0],18.48,74.0,18.48,"life expectancy at birth for different countries, female, 2000-2005",latitude of the country's capital,"life expectancy at birth for different countries, female, 2000-2005",latitude of the country's capital,pair0056,/Users/aj9225/Local/meta-learning-ecological-priors-from-llms/functionlearning/data/cause-effects/pairs/pair0056.txt,6,73.5,79.25,quota,44428472
56,2,[82.0],18.45,82.0,18.45,"life expectancy at birth for different countries, female, 2000-2005",latitude of the country's capital,"life expectancy at birth for different countries, female, 2000-2005",latitude of the country's capital,pair0056,/Users/aj9225/Local/meta-learning-ecological-priors-from-llms/functionlearning/data/cause-effects/pairs/pair0056.txt,7,79.25,85.0,quota,44428472
56,3,[66.0],0.34,66.0,0.34,"life expectancy at birth for different countries, female, 2000-2005",latitude of the country's capital,"life expectancy at birth for different countries, female, 2000-2005",latitude of the country's capital,pair0056,/Users/aj9225/Local/meta-learning-ecological-priors-from-llms/functionlearning/data/cause-effects/pairs/pair0056.txt,4,62.0,67.75,quota,44428472
56,4,[62.0],27.71,62.0,27.71,"life expectancy at birth for different countries, female, 2000-2005",latitude of the country's capital,"life expectancy at birth for different countries, female, 2000-2005",latitude of the country's capital,pair0056,/Users/aj9225/Local/meta-learning-ecological-priors-from-llms/functionlearning/data/cause-effects/pairs/pair0056.txt,4,62.0,67.75,quota,44428472
56,5,[54.0],12.65,54.0,12.65,"life expectancy at birth for different countries, female, 2000-2005",latitude of the country's capital,"life expectancy at birth for different countries, female, 2000-2005",latitude of the country's capital,pair0056,/Users/aj9225/Local/meta-learning-ecological-priors-from-llms/functionlearning/data/cause-effects/pairs/pair0056.txt,2,50.5,56.25,quota,44428472
56,6,[52.0],9.0,52.0,9.0,"life expectancy at birth for different countries, female, 2000-2005",latitude of the country's capital,"life expectancy at birth for different countries, female, 2000-2005",latitude of the country's capital,pair0056,/Users/aj9225/Local/meta-learning-ecological-priors-from-llms/functionlearning/data/cause-effects/pairs/pair0056.txt,2,50.5,56.25,quota,44428472
56,7,[73.0],-21.14,73.0,-21.14,"life expectancy at birth for different countries, female, 2000-2005",latitude of the country's capital,"life expectancy at birth for different countries, female, 2000-2005",latitude of the country's capital,pair0056,/Users/aj9225/Local/meta-learning-ecological-priors-from-llms/functionlearning/data/cause-effects/pairs/pair0056.txt,5,67.75,73.5,quota,44428472
56,8,[76.0],44.8,76.0,44.8,"life expectancy at birth for different countries, female, 2000-2005",latitude of the country's capital,"life expectancy at birth for different countries, female, 2000-2005",latitude of the country's capital,pair0056,/Users/aj9225/Local/meta-learning-ecological-priors-from-llms/functionlearning/data/cause-effects/pairs/pair0056.txt,6,73.5,79.25,quota,44428472
56,9,[82.0],59.33,82.0,59.33,"life expectancy at birth for different countries, female, 2000-2005",latitude of the country's capital,"life expectancy at birth for different countries, female, 2000-2005",latitude of the country's capital,pair0056,/Users/aj9225/Local/meta-learning-ecological-priors-from-llms/functionlearning/data/cause-effects/pairs/pair0056.txt,7,79.25,85.0,quota,44428472
56,10,[58.0],0.39,58.0,0.39,"life expectancy at birth for different countries, female, 2000-2005",latitude of the country's capital,"life expectancy at birth for different countries, female, 2000-2005",latitude of the country's capital,pair0056,/Users/aj9225/Local/meta-learning-ecological-priors-from-llms/functionlearning/data/cause-effects/pairs/pair0056.txt,3,56.25,62.0,quota,44428472
56,11,[39.0],-15.41,39.0,-15.41,"life expectancy at birth for different countries, female, 2000-2005",latitude of the country's capital,"life expectancy at birth for different countries, female, 2000-2005",latitude of the country's capital,pair0056,/Users/aj9225/Local/meta-learning-ecological-priors-from-llms/functionlearning/data/cause-effects/pairs/pair0056.txt,0,39.0,44.75,quota,44428472
56,12,[74.0],24.67,74.0,24.67,"life expectancy at birth for different countries, female, 2000-2005",latitude of the country's capital,"life expectancy at birth for different countries, female, 2000-2005",latitude of the country's capital,pair0056,/Users/aj9225/Local/meta-learning-ecological-priors-from-llms/functionlearning/data/cause-effects/pairs/pair0056.txt,6,73.5,79.25,quota,44428472
56,13,[46.0],-13.99,46.0,-13.99,"life expectancy at birth for different countries, female, 2000-2005",latitude of the country's capital,"life expectancy at birth for different countries, female, 2000-2005",latitude of the country's capital,pair0056,/Users/aj9225/Local/meta-learning-ecological-priors-from-llms/functionlearning/data/cause-effects/pairs/pair0056.txt,1,44.75,50.5,quota,44428472
56,14,[71.0],47.01,71.0,47.01,"life expectancy at birth for different countries, female, 2000-2005",latitude of the country's capital,"life expectancy at birth for different countries, female, 2000-2005",latitude of the country's capital,pair0056,/Users/aj9225/Local/meta-learning-ecological-priors-from-llms/functionlearning/data/cause-effects/pairs/pair0056.txt,5,67.75,73.5,quota,44428472
56,15,[48.0],5.33,48.0,5.33,"life expectancy at birth for different countries, female, 2000-2005",latitude of the country's capital,"life expectancy at birth for different countries, female, 2000-2005",latitude of the country's capital,pair0056,/Users/aj9225/Local/meta-learning-ecological-priors-from-llms/functionlearning/data/cause-effects/pairs/pair0056.txt,1,44.75,50.5,quota,44428472
56,16,[40.0],-17.82,40.0,-17.82,"life expectancy at birth for different countries, female, 2000-2005",latitude of the country's capital,"life expectancy at birth for different countries, female, 2000-2005",latitude of the country's capital,pair0056,/Users/aj9225/Local/meta-learning-ecological-priors-from-llms/functionlearning/data/cause-effects/pairs/pair0056.txt,0,39.0,44.75,quota,44428472
56,17,[72.0],36.78,72.0,36.78,"life expectancy at birth for different countries, female, 2000-2005",latitude of the country's capital,"life expectancy at birth for different countries, female, 2000-2005",latitude of the country's capital,pair0056,/Users/aj9225/Local/meta-learning-ecological-priors-from-llms/functionlearning/data/cause-effects/pairs/pair0056.txt,5,67.75,73.5,quota,44428472
56,18,[55.0],9.54,55.0,9.54,"life expectancy at birth for different countries, female, 2000-2005",latitude of the country's capital,"life expectancy at birth for different countries, female, 2000-2005",latitude of the country's capital,pair0056,/Users/aj9225/Local/meta-learning-ecological-priors-from-llms/functionlearning/data/cause-effects/pairs/pair0056.txt,2,50.5,56.25,quota,44428472
56,19,[43.0],8.47,43.0,8.47,"life expectancy at birth for different countries, female, 2000-2005",latitude of the country's capital,"life expectancy at birth for different countries, female, 2000-2005",latitude of the country's capital,pair0056,/Users/aj9225/Local/meta-learning-ecological-priors-from-llms/functionlearning/data/cause-effects/pairs/pair0056.txt,0,39.0,44.75,quota,44428472
56,20,[59.0],33.32,59.0,33.32,"life expectancy at birth for different countries, female, 2000-2005",latitude of the country's capital,"life expectancy at birth for different countries, female, 2000-2005",latitude of the country's capital,pair0056,/Users/aj9225/Local/meta-learning-ecological-priors-from-llms/functionlearning/data/cause-effects/pairs/pair0056.txt,3,56.25,62.0,quota,44428472
56,21,[64.0],33.68,64.0,33.68,"life expectancy at birth for different countries, female, 2000-2005",latitude of the country's capital,"life expectancy at birth for different countries, female, 2000-2005",latitude of the country's capital,pair0056,/Users/aj9225/Local/meta-learning-ecological-priors-from-llms/functionlearning/data/cause-effects/pairs/pair0056.txt,4,62.0,67.75,quota,44428472
56,22,[80.0],-20.87,80.0,-20.87,"life expectancy at birth for different countries, female, 2000-2005",latitude of the country's capital,"life expectancy at birth for different countries, female, 2000-2005",latitude of the country's capital,pair0056,/Users/aj9225/Local/meta-learning-ecological-priors-from-llms/functionlearning/data/cause-effects/pairs/pair0056.txt,7,79.25,85.0,quota,44428472
56,23,[47.0],11.86,47.0,11.86,"life expectancy at birth for different countries, female, 2000-2005",latitude of the country's capital,"life expectancy at birth for different countries, female, 2000-2005",latitude of the country's capital,pair0056,/Users/aj9225/Local/meta-learning-ecological-priors-from-llms/functionlearning/data/cause-effects/pairs/pair0056.txt,1,44.75,50.5,quota,44428472
64,0,[40.0],54.0,40.0,54.0,"Population with sustainable access to improved drinking water sources (%) total, 2006","Infant mortality rate (per 1 000 live births) both sexes, 2006","Population with sustainable access to improved drinking water sources (%) total, 2006","Infant mortality rate (per 1 000 live births) both sexes, 2006",pair0064,/Users/aj9225/Local/meta-learning-ecological-priors-from-llms/functionlearning/data/cause-effects/pairs/pair0064.txt,1,31.75,41.5,quota,2176971622
64,1,[46.0],129.0,46.0,129.0,"Population with sustainable access to improved drinking water sources (%) total, 2006","Infant mortality rate (per 1 000 live births) both sexes, 2006","Population with sustainable access to improved drinking water sources (%) total, 2006","Infant mortality rate (per 1 000 live births) both sexes, 2006",pair0064,/Users/aj9225/Local/meta-learning-ecological-priors-from-llms/functionlearning/data/cause-effects/pairs/pair0064.txt,2,41.5,51.25,quota,2176971622
64,2,[77.0],37.0,77.0,37.0,"Population with sustainable access to improved drinking water sources (%) total, 2006","Infant mortality rate (per 1 000 live births) both sexes, 2006","Population with sustainable access to improved drinking water sources (%) total, 2006","Infant mortality rate (per 1 000 live births) both sexes, 2006",pair0064,/Users/aj9225/Local/meta-learning-ecological-priors-from-llms/functionlearning/data/cause-effects/pairs/pair0064.txt,5,70.75,80.5,quota,2176971622
64,3,[64.0],78.0,64.0,78.0,"Population with sustainable access to improved drinking water sources (%) total, 2006","Infant mortality rate (per 1 000 live births) both sexes, 2006","Population with sustainable access to improved drinking water sources (%) total, 2006","Infant mortality rate (per 1 000 live births) both sexes, 2006",pair0064,/Users/aj9225/Local/meta-learning-ecological-priors-from-llms/functionlearning/data/cause-effects/pairs/pair0064.txt,4,61.0,70.75,quota,2176971622
64,4,[81.0],55.0,81.0,55.0,"Population with sustainable access to improved drinking water sources (%) total, 2006","Infant mortality rate (per 1 000 live births) both sexes, 2006","Population with sustainable access to improved drinking water sources (%) total, 2006","Infant mortality rate (per 1 000 live births) both sexes, 2006",pair0064,/Users/aj9225/Local/meta-learning-ecological-priors-from-llms/functionlearning/data/cause-effects/pairs/pair0064.txt,6,80.5,90.25,quota,2176971622
64,5,[99.0],7.0,99.0,7.0,"Population with sustainable access to improved drinking water sources (%) total, 2006","Infant mortality rate (per 1 000 live births) both sexes, 2006","Population with sustainable access to improved drinking water sources (%) total, 2006","Infant mortality rate (per 1 000 live births) both sexes, 2006",pair0064,/Users/aj9225/Local/meta-learning-ecological-priors-from-llms/functionlearning/data/cause-effects/pairs/pair0064.txt,7,90.25,100.0,quota,2176971622
64,6,[53.0],159.0,53.0,159.0,"Population with sustainable access to improved drinking water sources (%) total, 2006","Infant mortality rate (per 1 000 live births) both sexes, 2006","Population with sustainable access to improved drinking water sources (%) total, 2006","Infant mortality rate (per 1 000 live births) both sexes, 2006",pair0064,/Users/aj9225/Local/meta-learning-ecological-priors-from-llms/functionlearning/data/cause-effects/pairs/pair0064.txt,3,51.25,61.0,quota,2176971622
64,7,[47.0],16.0,47.0,16.0,"Population with sustainable access to improved drinking water sources (%) total, 2006","Infant mortality rate (per 1 000 live births) both sexes, 2006","Population with sustainable access to improved drinking water sources (%) total, 2006","Infant mortality rate (per 1 000 live births) both sexes, 2006",pair0064,/Users/aj9225/Local/meta-learning-ecological-priors-from-llms/functionlearning/data/cause-effects/pairs/pair0064.txt,2,41.5,51.25,quota,2176971622
64,8,[77.0],60.0,77.0,60.0,"Population with sustainable access to improved drinking water sources (%) total, 2006","Infant mortality rate (per 1 000 live births) both sexes, 2006","Population with sustainable access to improved drinking water sources (%) total, 2006","Infant mortality rate (per 1 000 live births) both sexes, 2006",pair0064,/Users/aj9225/Local/meta-learning-ecological-priors-from-llms/functionlearning/data/cause-effects/pairs/pair0064.txt,5,70.75,80.5,quota,2176971622
64,9,[66.0],75.0,66.0,75.0,"Population with sustainable access to improved drinking water sources (%) total, 2006","Infant mortality rate (per 1 000 live births) both sexes, 2006","Population with sustainable access to improved drinking water sources (%) total, 2006","Infant mortality rate (per 1 000 live births) both sexes, 2006",pair0064,/Users/aj9225/Local/meta-learning-ecological-priors-from-llms/functionlearning/data/cause-effects/pairs/pair0064.txt,4,61.0,70.75,redistributed,2176971622
64,10,[70.0],62.0,70.0,62.0,"Population with sustainable access to improved drinking water sources (%) total, 2006","Infant mortality rate (per 1 000 live births) both sexes, 2006","Population with sustainable access to improved drinking water sources (%) total, 2006","Infant mortality rate (per 1 000 live births) both sexes, 2006",pair0064,/Users/aj9225/Local/meta-learning-ecological-priors-from-llms/functionlearning/data/cause-effects/pairs/pair0064.txt,4,61.0,70.75,quota,2176971622
64,11,[88.0],20.0,88.0,20.0,"Population with sustainable access to improved drinking water sources (%) total, 2006","Infant mortality rate (per 1 000 live births) both sexes, 2006","Population with sustainable access to improved drinking water sources (%) total, 2006","Infant mortality rate (per 1 000 live births) both sexes, 2006",pair0064,/Users/aj9225/Local/meta-learning-ecological-priors-from-llms/functionlearning/data/cause-effects/pairs/pair0064.txt,6,80.5,90.25,quota,2176971622
64,12,[58.0],60.0,58.0,60.0,"Population with sustainable access to improved drinking water sources (%) total, 2006","Infant mortality rate (per 1 000 live births) both sexes, 2006","Population with sustainable access to improved drinking water sources (%) total, 2006","Infant mortality rate (per 1 000 live births) both sexes, 2006",pair0064,/Users/aj9225/Local/meta-learning-ecological-priors-from-llms/functionlearning/data/cause-effects/pairs/pair0064.txt,3,51.25,61.0,quota,2176971622
64,13,[60.0],59.0,60.0,59.0,"Population with sustainable access to improved drinking water sources (%) total, 2006","Infant mortality rate (per 1 000 live births) both sexes, 2006","Population with sustainable access to improved drinking water sources (%) total, 2006","Infant mortality rate (per 1 000 live births) both sexes, 2006",pair0064,/Users/aj9225/Local/meta-learning-ecological-priors-from-llms/functionlearning/data/cause-effects/pairs/pair0064.txt,3,51.25,61.0,redistributed,2176971622
64,14,[80.0],52.0,80.0,52.0,"Population with sustainable access to improved drinking water sources (%) total, 2006","Infant mortality rate (per 1 000 live births) both sexes, 2006","Population with sustainable access to improved drinking water sources (%) total, 2006","Infant mortality rate (per 1 000 live births) both sexes, 2006",pair0064,/Users/aj9225/Local/meta-learning-ecological-priors-from-llms/functionlearning/data/cause-effects/pairs/pair0064.txt,5,70.75,80.5,quota,2176971622
64,15,[100.0],4.0,100.0,4.0,"Population with sustainable access to improved drinking water sources (%) total, 2006","Infant mortality rate (per 1 000 live births) both sexes, 2006","Population with sustainable access to improved drinking water sources (%) total, 2006","Infant mortality rate (per 1 000 live births) both sexes, 2006",pair0064,/Users/aj9225/Local/meta-learning-ecological-priors-from-llms/functionlearning/data/cause-effects/pairs/pair0064.txt,7,90.25,100.0,quota,2176971622
64,16,[51.0],154.0,51.0,154.0,"Population with sustainable access to improved drinking water sources (%) total, 2006","Infant mortality rate (per 1 000 live births) both sexes, 2006","Population with sustainable access to improved drinking water sources (%) total, 2006","Infant mortality rate (per 1 000 live births) both sexes, 2006",pair0064,/Users/aj9225/Local/meta-learning-ecological-priors-from-llms/functionlearning/data/cause-effects/pairs/pair0064.txt,2,41.5,51.25,redistributed,2176971622
64,17,[60.0],78.0,60.0,78.0,"Population with sustainable access to improved drinking water sources (%) total, 2006","Infant mortality rate (per 1 000 live births) both sexes, 2006","Population with sustainable access to improved drinking water sources (%) total, 2006","Infant mortality rate (per 1 000 live births) both sexes, 2006",pair0064,/Users/aj9225/Local/meta-learning-ecological-priors-from-llms/functionlearning/data/cause-effects/pairs/pair0064.txt,3,51.25,61.0,quota,2176971622
64,18,[70.0],55.0,70.0,55.0,"Population with sustainable access to improved drinking water sources (%) total, 2006","Infant mortality rate (per 1 000 live births) both sexes, 2006","Population with sustainable access to improved drinking water sources (%) total, 2006","Infant mortality rate (per 1 000 live births) both sexes, 2006",pair0064,/Users/aj9225/Local/meta-learning-ecological-priors-from-llms/functionlearning/data/cause-effects/pairs/pair0064.txt,4,61.0,70.75,quota,2176971622
64,19,[100.0],3.0,100.0,3.0,"Population with sustainable access to improved drinking water sources (%) total, 2006","Infant mortality rate (per 1 000 live births) both sexes, 2006","Population with sustainable access to improved drinking water sources (%) total, 2006","Infant mortality rate (per 1 000 live births) both sexes, 2006",pair0064,/Users/aj9225/Local/meta-learning-ecological-priors-from-llms/functionlearning/data/cause-effects/pairs/pair0064.txt,7,90.25,100.0,quota,2176971622
64,20,[22.0],165.0,22.0,165.0,"Population with sustainable access to improved drinking water sources (%) total, 2006","Infant mortality rate (per 1 000 live births) both sexes, 2006","Population with sustainable access to improved drinking water sources (%) total, 2006","Infant mortality rate (per 1 000 live births) both sexes, 2006",pair0064,/Users/aj9225/Local/meta-learning-ecological-priors-from-llms/functionlearning/data/cause-effects/pairs/pair0064.txt,0,22.0,31.75,quota,2176971622
64,21,[29.0],90.0,29.0,90.0,"Population with sustainable access to improved drinking water sources (%) total, 2006","Infant mortality rate (per 1 000 live births) both sexes, 2006","Population with sustainable access to improved drinking water sources (%) total, 2006","Infant mortality rate (per 1 000 live births) both sexes, 2006",pair0064,/Users/aj9225/Local/meta-learning-ecological-priors-from-llms/functionlearning/data/cause-effects/pairs/pair0064.txt,0,22.0,31.75,quota,2176971622
64,22,[42.0],77.0,42.0,77.0,"Population with sustainable access to improved drinking water sources (%) total, 2006","Infant mortality rate (per 1 000 live births) both sexes, 2006","Population with sustainable access to improved drinking water sources (%) total, 2006","Infant mortality rate (per 1 000 live births) both sexes, 2006",pair0064,/Users/aj9225/Local/meta-learning-ecological-priors-from-llms/functionlearning/data/cause-effects/pairs/pair0064.txt,2,41.5,51.25,quota,2176971622
64,23,[86.0],50.0,86.0,50.0,"Population with sustainable access to improved drinking water sources (%) total, 2006","Infant mortality rate (per 1 000 live births) both sexes, 2006","Population with sustainable access to improved drinking water sources (%) total, 2006","Infant mortality rate (per 1 000 live births) both sexes, 2006",pair0064,/Users/aj9225/Local/meta-learning-ecological-priors-from-llms/functionlearning/data/cause-effects/pairs/pair0064.txt,6,80.5,90.25,quota,2176971622
66,0,[-0.014168289],-0.023752969,-0.014168289,-0.023752969,stock returns of Hutchison (0013.HK),stock return of Cheung kong (0001.HK),stock returns of Hutchison (0013.HK),stock return of Cheung kong (0001.HK),pair0066,/Users/aj9225/Local/meta-learning-ecological-priors-from-llms/functionlearning/data/cause-effects/pairs/pair0066.txt,4,-0.023159118000000006,0.003916219999999998,quota,866284576
66,1,[-0.0064859856],-0.010953158,-0.0064859856,-0.010953158,stock returns of Hutchison (0013.HK),stock return of Cheung kong (0001.HK),stock returns of Hutchison (0013.HK),stock return of Cheung kong (0001.HK),pair0066,/Users/aj9225/Local/meta-learning-ecological-priors-from-llms/functionlearning/data/cause-effects/pairs/pair0066.txt,4,-0.023159118000000006,0.003916219999999998,quota,866284576
66,2,[-0.057036578],-0.052366566,-0.057036578,-0.052366566,stock returns of Hutchison (0013.HK),stock return of Cheung kong (0001.HK),stock returns of Hutchison (0013.HK),stock return of Cheung kong (0001.HK),pair0066,/Users/aj9225/Local/meta-learning-ecological-priors-from-llms/functionlearning/data/cause-effects/pairs/pair0066.txt,2,-0.077309794,-0.05023445600000001,quota,866284576
66,3,[-0.10653938],-0.10610296,-0.10653938,-0.10610296,stock returns of Hutchison (0013.HK),stock return of Cheung kong (0001.HK),stock returns of Hutchison (0013.HK),stock return of Cheung kong (0001.HK),pair0066,/Users/aj9225/Local/meta-learning-ecological-priors-from-llms/functionlearning/data/cause-effects/pairs/pair0066.txt,0,-0.13146047,-0.10438513199999999,quota,866284576
66,4,[-0.055120953],-0.030951471,-0.055120953,-0.030951471,stock returns of Hutchison (0013.HK),stock return of Cheung kong (0001.HK),stock returns of Hutchison (0013.HK),stock return of Cheung kong (0001.HK),pair0066,/Users/aj9225/Local/meta-learning-ecological-priors-from-llms/functionlearning/data/cause-effects/pairs/pair0066.txt,2,-0.077309794,-0.05023445600000001,quota,866284576
66,5,[-0.060360853],0.034589426,-0.060360853,0.034589426,stock returns of Hutchison (0013.HK),stock return of Cheung kong (0001.HK),stock returns of Hutchison (0013.HK),stock return of Cheung kong (0001.HK),pair0066,/Users/aj9225/Local/meta-learning-ecological-priors-from-llms/functionlearning/data/cause-effects/pairs/pair0066.txt,2,-0.077309794,-0.05023445600000001,redistributed,866284576
66,6,[-0.044601413],-0.050805687,-0.044601413,-0.050805687,stock returns of Hutchison (0013.HK),stock return of Cheung kong (0001.HK),stock returns of Hutchison (0013.HK),stock return of Cheung kong (0001.HK),pair0066,/Users/aj9225/Local/meta-learning-ecological-priors-from-llms/functionlearning/data/cause-effects/pairs/pair0066.txt,3,-0.05023445600000001,-0.023159118000000006,quota,866284576
66,7,[-0.028358518],-0.032998565,-0.028358518,-0.032998565,stock returns of Hutchison (0013.HK),stock return of Cheung kong (0001.HK),stock returns of Hutchison (0013.HK),stock return of Cheung kong (0001.HK),pair0066,/Users/aj9225/Local/meta-learning-ecological-priors-from-llms/functionlearning/data/cause-effects/pairs/pair0066.txt,3,-0.05023445600000001,-0.023159118000000006,quota,866284576
66,8,[0.019957983],0.0,0.019957983,0.0,stock returns of Hutchison (0013.HK),stock return of Cheung kong (0001.HK),stock returns of Hutchison (0013.HK),stock return of Cheung kong (0001.HK),pair0066,/Users/aj9225/Local/meta-learning-ecological-priors-from-llms/functionlearning/data/cause-effects/pairs/pair0066.txt,5,0.003916219999999998,0.030991557999999975,quota,866284576
66,9,[-0.13146047],-0.10730202,-0.13146047,-0.10730202,stock returns of Hutchison (0013.HK),stock return of Cheung kong (0001.HK),stock returns of Hutchison (0013.HK),stock return of Cheung kong (0001.HK),pair0066,/Users/aj9225/Local/meta-learning-ecological-priors-from-llms/functionlearning/data/cause-effects/pairs/pair0066.txt,0,-0.13146047,-0.10438513199999999,quota,866284576
66,10,[-0.029915334],-0.043223696,-0.029915334,-0.043223696,stock returns of Hutchison (0013.HK),stock return of Cheung kong (0001.HK),stock returns of Hutchison (0013.HK),stock return of Cheung kong (0001.HK),pair0066,/Users/aj9225/Local/meta-learning-ecological-priors-from-llms/functionlearning/data/cause-effects/pairs/pair0066.txt,3,-0.05023445600000001,-0.023159118000000006,redistributed,866284576
66,11,[-0.067399025],-0.053744997,-0.067399025,-0.053744997,stock returns of Hutchison (0013.HK),stock return of Cheung kong (0001.HK),stock returns of Hutchison (0013.HK),stock return of Cheung kong (0001.HK),pair0066,/Users/aj9225/Local/meta-learning-ecological-priors-from-llms/functionlearning/data/cause-effects/pairs/pair0066.txt,2,-0.077309794,-0.05023445600000001,quota,866284576
66,12,[-0.034751543],-0.031086578,-0.034751543,-0.031086578,stock returns of Hutchison (0013.HK),stock return of Cheung kong (0001.HK),stock returns of Hutchison (0013.HK),stock return of Cheung kong (0001.HK),pair0066,/Users/aj9225/Local/meta-learning-ecological-priors-from-llms/functionlearning/data/cause-effects/pairs/pair0066.txt,3,-0.05023445600000001,-0.023159118000000006,quota,866284576
66,13,[0.031550718],0.03636096,0.031550718,0.03636096,stock returns of Hutchison (0013.HK),stock return of Cheung kong (0001.HK),stock returns of Hutchison (0013.HK),stock return of Cheung kong (0001.HK),pair0066,/Users/aj9225/Local/meta-learning-ecological-priors-from-llms/functionlearning/data/cause-effects/pairs/pair0066.txt,6,0.030991557999999975,0.05806689599999998,quota,866284576
66,14,[-0.022546419],-0.027603306,-0.022546419,-0.027603306,stock returns of Hutchison (0013.HK),stock return of Cheung kong (0001.HK),stock returns of Hutchison (0013.HK),stock return of Cheung kong (0001.HK),pair0066,/Users/aj9225/Local/meta-learning-ecological-priors-from-llms/functionlearning/data/cause-effects/pairs/pair0066.txt,4,-0.023159118000000006,0.003916219999999998,redistributed,866284576
66,15,[0.066646286],0.032750445,0.066646286,0.032750445,stock returns of Hutchison (0013.HK),stock return of Cheung kong (0001.HK),stock returns of Hutchison (0013.HK),stock return of Cheung kong (0001.HK),pair0066,/Users/aj9225/Local/meta-learning-ecological-priors-from-llms/functionlearning/data/cause-effects/pairs/pair0066.txt,7,0.05806689599999998,0.085142234,quota,866284576
66,16,[0.069624573],0.028150715,0.069624573,0.028150715,stock returns of Hutchison (0013.HK),stock return of Cheung kong (0001.HK),stock returns of Hutchison (0013.HK),stock return of Cheung kong (0001.HK),pair0066,/Users/aj9225/Local/meta-learning-ecological-priors-from-llms/functionlearning/data/cause-effects/pairs/pair0066.txt,7,0.05806689599999998,0.085142234,quota,866284576
66,17,[0.085142234],0.033384582,0.085142234,0.033384582,stock returns of Hutchison (0013.HK),stock return of Cheung kong (0001.HK),stock returns of Hutchison (0013.HK),stock return of Cheung kong (0001.HK),pair0066,/Users/aj9225/Local/meta-learning-ecological-priors-from-llms/functionlearning/data/cause-effects/pairs/pair0066.txt,7,0.05806689599999998,0.085142234,quota,866284576
66,18,[0.0082756291],0.01119117,0.0082756291,0.01119117,stock returns of Hutchison (0013.HK),stock return of Cheung kong (0001.HK),stock returns of Hutchison (0013.HK),stock return of Cheung kong (0001.HK),pair0066,/Users/aj9225/Local/meta-learning-ecological-priors-from-llms/functionlearning/data/cause-effects/pairs/pair0066.txt,5,0.003916219999999998,0.030991557999999975,redistributed,866284576
66,19,[0.0072265939],0.003217315,0.0072265939,0.003217315,stock returns of Hutchison (0013.HK),stock return of Cheung kong (0001.HK),stock returns of Hutchison (0013.HK),stock return of Cheung kong (0001.HK),pair0066,/Users/aj9225/Local/meta-learning-ecological-priors-from-llms/functionlearning/data/cause-effects/pairs/pair0066.txt,5,0.003916219999999998,0.030991557999999975,quota,866284576
66,20,[0.039985326],0.066448939,0.039985326,0.066448939,stock returns of Hutchison (0013.HK),stock return of Cheung kong (0001.HK),stock returns of Hutchison (0013.HK),stock return of Cheung kong (0001.HK),pair0066,/Users/aj9225/Local/meta-learning-ecological-priors-from-llms/functionlearning/data/cause-effects/pairs/pair0066.txt,6,0.030991557999999975,0.05806689599999998,quota,866284576
66,21,[0.04974524],0.06376254,0.04974524,0.06376254,stock returns of Hutchison (0013.HK),stock return of Cheung kong (0001.HK),stock returns of Hutchison (0013.HK),stock return of Cheung kong (0001.HK),pair0066,/Users/aj9225/Local/meta-learning-ecological-priors-from-llms/functionlearning/data/cause-effects/pairs/pair0066.txt,6,0.030991557999999975,0.05806689599999998,quota,866284576
66,22,[0.025784272],0.0370489,0.025784272,0.0370489,stock returns of Hutchison (0013.HK),stock return of Cheung kong (0001.HK),stock returns of Hutchison (0013.HK),stock return of Cheung kong (0001.HK),pair0066,/Users/aj9225/Local/meta-learning-ecological-priors-from-llms/functionlearning/data/cause-effects/pairs/pair0066.txt,5,0.003916219999999998,0.030991557999999975,quota,866284576
66,23,[0.0],0.010236724,0.0,0.010236724,stock returns of Hutchison (0013.HK),stock return of Cheung kong (0001.HK),stock returns of Hutchison (0013.HK),stock return of Cheung kong (0001.HK),pair0066,/Users/aj9225/Local/meta-learning-ecological-priors-from-llms/functionlearning/data/cause-effects/pairs/pair0066.txt,4,-0.023159118000000006,0.003916219999999998,quota,866284576
67,0,[0.028824834],0.06212766,0.028824834,0.06212766,stock returns of Cheung kong (0001.HK),stock return of Sun Hung Kai Prop. (0016.HK),stock returns of Cheung kong (0001.HK),stock return of Sun Hung Kai Prop. (0016.HK),pair0067,/Users/aj9225/Local/meta-learning-ecological-priors-from-llms/functionlearning/data/cause-effects/pairs/pair0067.txt,5,0.010016555625000007,0.033480270749999985,quota,1516557213
67,1,[-0.016977929],-0.028741093,-0.016977929,-0.028741093,stock returns of Cheung kong (0001.HK),stock return of Sun Hung Kai Prop. (0016.HK),stock returns of Cheung kong (0001.HK),stock return of Sun Hung Kai Prop. (0016.HK),pair0067,/Users/aj9225/Local/meta-learning-ecological-priors-from-llms/functionlearning/data/cause-effects/pairs/pair0067.txt,3,-0.036910874625000006,-0.0134471595,quota,1516557213
67,2,[-0.056875],-0.045506692,-0.056875,-0.045506692,stock returns of Cheung kong (0001.HK),stock return of Sun Hung Kai Prop. (0016.HK),stock returns of Cheung kong (0001.HK),stock return of Sun Hung Kai Prop. (0016.HK),pair0067,/Users/aj9225/Local/meta-learning-ecological-priors-from-llms/functionlearning/data/cause-effects/pairs/pair0067.txt,2,-0.06037458975,-0.036910874625000006,quota,1516557213
67,3,[0.03636096],0.059814499,0.03636096,0.059814499,stock returns of Cheung kong (0001.HK),stock return of Sun Hung Kai Prop. (0016.HK),stock returns of Cheung kong (0001.HK),stock return of Sun Hung Kai Prop. (0016.HK),pair0067,/Users/aj9225/Local/meta-learning-ecological-priors-from-llms/functionlearning/data/cause-effects/pairs/pair0067.txt,6,0.033480270749999985,0.05694398587499999,quota,1516557213
67,4,[-0.050805687],-0.065003145,-0.050805687,-0.065003145,stock returns of Cheung kong (0001.HK),stock return of Sun Hung Kai Prop. (0016.HK),stock returns of Cheung kong (0001.HK),stock return of Sun Hung Kai Prop. (0016.HK),pair0067,/Users/aj9225/Local/meta-learning-ecological-priors-from-llms/functionlearning/data/cause-effects/pairs/pair0067.txt,2,-0.06037458975,-0.036910874625000006,quota,1516557213
67,5,[-0.10730202],-0.082865694,-0.10730202,-0.082865694,stock returns of Cheung kong (0001.HK),stock return of Sun Hung Kai Prop. (0016.HK),stock returns of Cheung kong (0001.HK),stock return of Sun Hung Kai Prop. (0016.HK),pair0067,/Users/aj9225/Local/meta-learning-ecological-priors-from-llms/functionlearning/data/cause-effects/pairs/pair0067.txt,0,-0.10730202,-0.08383830487499999,quota,1516557213
67,6,[-0.0080906149],0.003565592,-0.0080906149,0.003565592,stock returns of Cheung kong (0001.HK),stock return of Sun Hung Kai Prop. (0016.HK),stock returns of Cheung kong (0001.HK),stock return of Sun Hung Kai Prop. (0016.HK),pair0067,/Users/aj9225/Local/meta-learning-ecological-priors-from-llms/functionlearning/data/cause-effects/pairs/pair0067.txt,4,-0.0134471595,0.010016555625000007,quota,1516557213
67,7,[0.080407701],0.017191977,0.080407701,0.017191977,stock returns of Cheung kong (0001.HK),stock return of Sun Hung Kai Prop. (0016.HK),stock returns of Cheung kong (0001.HK),stock return of Sun Hung Kai Prop. (0016.HK),pair0067,/Users/aj9225/Local/meta-learning-ecological-priors-from-llms/functionlearning/data/cause-effects/pairs/pair0067.txt,7,0.05694398587499999,0.080407701,quota,1516557213
67,8,[-0.068831627],-0.065380344,-0.068831627,-0.065380344,stock returns of Cheung kong (0001.HK),stock return of Sun Hung Kai Prop. (0016.HK),stock returns of Cheung kong (0001.HK),stock return of Sun Hung Kai Prop. (0016.HK),pair0067,/Users/aj9225/Local/meta-learning-ecological-priors-from-llms/functionlearning/data/cause-effects/pairs/pair0067.txt,1,-0.08383830487499999,-0.06037458975,quota,1516557213
67,9,[0.019567456],0.045244691,0.019567456,0.045244691,stock returns of Cheung kong (0001.HK),stock return of Sun Hung Kai Prop. (0016.HK),stock returns of Cheung kong (0001.HK),stock return of Sun Hung Kai Prop. (0016.HK),pair0067,/Users/aj9225/Local/meta-learning-ecological-priors-from-llms/functionlearning/data/cause-effects/pairs/pair0067.txt,5,0.010016555625000007,0.033480270749999985,quota,1516557213
67,10,[-0.024208566],-0.030419468,-0.024208566,-0.030419468,stock returns of Cheung kong (0001.HK),stock return of Sun Hung Kai Prop. (0016.HK),stock returns of Cheung kong (0001.HK),stock return of Sun Hung Kai Prop. (0016.HK),pair0067,/Users/aj9225/Local/meta-learning-ecological-priors-from-llms/functionlearning/data/cause-effects/pairs/pair0067.txt,3,-0.036910874625000006,-0.0134471595,quota,1516557213
67,11,[-0.007685069],-0.013726051,-0.007685069,-0.013726051,stock returns of Cheung kong (0001.HK),stock return of Sun Hung Kai Prop. (0016.HK),stock returns of Cheung kong (0001.HK),stock return of Sun Hung Kai Prop. (0016.HK),pair0067,/Users/aj9225/Local/meta-learning-ecological-priors-from-llms/functionlearning/data/cause-effects/pairs/pair0067.txt,4,-0.0134471595,0.010016555625000007,quota,1516557213
67,12,[0.060144928],0.041644562,0.060144928,0.041644562,stock returns of Cheung kong (0001.HK),stock return of Sun Hung Kai Prop. (0016.HK),stock returns of Cheung kong (0001.HK),stock return of Sun Hung Kai Prop. (0016.HK),pair0067,/Users/aj9225/Local/meta-learning-ecological-priors-from-llms/functionlearning/data/cause-effects/pairs/pair0067.txt,7,0.05694398587499999,0.080407701,quota,1516557213
67,13,[0.013318535],-0.010472918,0.013318535,-0.010472918,stock returns of Cheung kong (0001.HK),stock return of Sun Hung Kai Prop. (0016.HK),stock returns of Cheung kong (0001.HK),stock return of Sun Hung Kai Prop. (0016.HK),pair0067,/Users/aj9225/Local/meta-learning-ecological-priors-from-llms/functionlearning/data/cause-effects/pairs/pair0067.txt,5,0.010016555625000007,0.033480270749999985,quota,1516557213
67,14,[0.040828333],0.023633213,0.040828333,0.023633213,stock returns of Cheung kong (0001.HK),stock return of Sun Hung Kai Prop. (0016.HK),stock returns of Cheung kong (0001.HK),stock return of Sun Hung Kai Prop. (0016.HK),pair0067,/Users/aj9225/Local/meta-learning-ecological-priors-from-llms/functionlearning/data/cause-effects/pairs/pair0067.txt,6,0.033480270749999985,0.05694398587499999,quota,1516557213
67,15,[0.038893409],0.039533475,0.038893409,0.039533475,stock returns of Cheung kong (0001.HK),stock return of Sun Hung Kai Prop. (0016.HK),stock returns of Cheung kong (0001.HK),stock return of Sun Hung Kai Prop. (0016.HK),pair0067,/Users/aj9225/Local/meta-learning-ecological-priors-from-llms/functionlearning/data/cause-effects/pairs/pair0067.txt,6,0.033480270749999985,0.05694398587499999,quota,1516557213
67,16,[-0.019480519],-0.012489356,-0.019480519,-0.012489356,stock returns of Cheung kong (0001.HK),stock return of Sun Hung Kai Prop. (0016.HK),stock returns of Cheung kong (0001.HK),stock return of Sun Hung Kai Prop. (0016.HK),pair0067,/Users/aj9225/Local/meta-learning-ecological-priors-from-llms/functionlearning/data/cause-effects/pairs/pair0067.txt,3,-0.036910874625000006,-0.0134471595,quota,1516557213
67,17,[-0.10610296],-0.038737446,-0.10610296,-0.038737446,stock returns of Cheung kong (0001.HK),stock return of Sun Hung Kai Prop. (0016.HK),stock returns of Cheung kong (0001.HK),stock return of Sun Hung Kai Prop. (0016.HK),pair0067,/Users/aj9225/Local/meta-learning-ecological-priors-from-llms/functionlearning/data/cause-effects/pairs/pair0067.txt,0,-0.10730202,-0.08383830487499999,quota,1516557213
67,18,[0.071512585],0.063922518,0.071512585,0.063922518,stock returns of Cheung kong (0001.HK),stock return of Sun Hung Kai Prop. (0016.HK),stock returns of Cheung kong (0001.HK),stock return of Sun Hung Kai Prop. (0016.HK),pair0067,/Users/aj9225/Local/meta-learning-ecological-priors-from-llms/functionlearning/data/cause-effects/pairs/pair0067.txt,7,0.05694398587499999,0.080407701,quota,1516557213
67,19,[-0.09063745],-0.07310374,-0.09063745,-0.07310374,stock returns of Cheung kong (0001.HK),stock return of Sun Hung Kai Prop. (0016.HK),stock returns of Cheung kong (0001.HK),stock return of Sun Hung Kai Prop. (0016.HK),pair0067,/Users/aj9225/Local/meta-learning-ecological-priors-from-llms/functionlearning/data/cause-effects/pairs/pair0067.txt,0,-0.10730202,-0.08383830487499999,quota,1516557213
67,20,[-0.030297292],-0.036298365,-0.030297292,-0.036298365,stock returns of Cheung kong (0001.HK),stock return of Sun Hung Kai Prop. (0016.HK),stock returns of Cheung kong (0001.HK),stock return of Sun Hung Kai Prop. (0016.HK),pair0067,/Users/aj9225/Local/meta-learning-ecological-priors-from-llms/functionlearning/data/cause-effects/pairs/pair0067.txt,3,-0.036910874625000006,-0.0134471595,redistributed,1516557213
67,21,[0.004677472],-0.03296891,0.004677472,-0.03296891,stock returns of Cheung kong (0001.HK),stock return of Sun Hung Kai Prop. (0016.HK),stock returns of Cheung kong (0001.HK),stock return of Sun Hung Kai Prop. (0016.HK),pair0067,/Users/aj9225/Local/meta-learning-ecological-priors-from-llms/functionlearning/data/cause-effects/pairs/pair0067.txt,4,-0.0134471595,0.010016555625000007,quota,1516557213
67,22,[-0.044993324],-0.038945373,-0.044993324,-0.038945373,stock returns of Cheung kong (0001.HK),stock return of Sun Hung Kai Prop. (0016.HK),stock returns of Cheung kong (0001.HK),stock return of Sun Hung Kai Prop. (0016.HK),pair0067,/Users/aj9225/Local/meta-learning-ecological-priors-from-llms/functionlearning/data/cause-effects/pairs/pair0067.txt,2,-0.06037458975,-0.036910874625000006,quota,1516557213
67,23,[-0.044849144],-0.02673247,-0.044849144,-0.02673247,stock returns of Cheung kong (0001.HK),stock return of Sun Hung Kai Prop. (0016.HK),stock returns of Cheung kong (0001.HK),stock return of Sun Hung Kai Prop. (0016.HK),pair0067,/Users/aj9225/Local/meta-learning-ecological-priors-from-llms/functionlearning/data/cause-effects/pairs/pair0067.txt,2,-0.06037458975,-0.036910874625000006,redistributed,1516557213
68,0,[16037552.0],135.0,16037552.0,135.0,bytes sent at minute t,open http connections during that minute,bytes sent at minute t,open http connections during that minute,pair0068,/Users/aj9225/Local/meta-learning-ecological-priors-from-llms/functionlearning/data/cause-effects/pairs/pair0068.txt,6,14897368.25,17379186.625,quota,252728148
68,1,[4227301.0],64.0,4227301.0,64.0,bytes sent at minute t,open http connections during that minute,bytes sent at minute t,open http connections during that minute,pair0068,/Users/aj9225/Local/meta-learning-ecological-priors-from-llms/functionlearning/data/cause-effects/pairs/pair0068.txt,1,2488276.375,4970094.75,quota,252728148
68,2,[5351814.0],63.0,5351814.0,63.0,bytes sent at minute t,open http connections during that minute,bytes sent at minute t,open http connections during that minute,pair0068,/Users/aj9225/Local/meta-learning-ecological-priors-from-llms/functionlearning/data/cause-effects/pairs/pair0068.txt,2,4970094.75,7451913.125,quota,252728148
68,3,[18930567.0],267.0,18930567.0,267.0,bytes sent at minute t,open http connections during that minute,bytes sent at minute t,open http connections during that minute,pair0068,/Users/aj9225/Local/meta-learning-ecological-priors-from-llms/functionlearning/data/cause-effects/pairs/pair0068.txt,7,17379186.625,19861005.0,quota,252728148
68,4,[6138010.0],93.0,6138010.0,93.0,bytes sent at minute t,open http connections during that minute,bytes sent at minute t,open http connections during that minute,pair0068,/Users/aj9225/Local/meta-learning-ecological-priors-from-llms/functionlearning/data/cause-effects/pairs/pair0068.txt,2,4970094.75,7451913.125,redistributed,252728148
68,5,[3792132.0],94.0,3792132.0,94.0,bytes sent at minute t,open http connections during that minute,bytes sent at minute t,open http connections during that minute,pair0068,/Users/aj9225/Local/meta-learning-ecological-priors-from-llms/functionlearning/data/cause-effects/pairs/pair0068.txt,1,2488276.375,4970094.75,redistributed,252728148
68,6,[3240945.0],120.0,3240945.0,120.0,bytes sent at minute t,open http connections during that minute,bytes sent at minute t,open http connections during that minute,pair0068,/Users/aj9225/Local/meta-learning-ecological-priors-from-llms/functionlearning/data/cause-effects/pairs/pair0068.txt,1,2488276.375,4970094.75,redistributed,252728148
68,7,[6076479.0],101.0,6076479.0,101.0,bytes sent at minute t,open http connections during that minute,bytes sent at minute t,open http connections during that minute,pair0068,/Users/aj9225/Local/meta-learning-ecological-priors-from-llms/functionlearning/data/cause-effects/pairs/pair0068.txt,2,4970094.75,7451913.125,quota,252728148
68,8,[228757.0],15.0,228757.0,15.0,bytes sent at minute t,open http connections during that minute,bytes sent at minute t,open http connections during that minute,pair0068,/Users/aj9225/Local/meta-learning-ecological-priors-from-llms/functionlearning/data/cause-effects/pairs/pair0068.txt,0,6458.0,2488276.375,redistributed,252728148
68,9,[19861005.0],356.0,19861005.0,356.0,bytes sent at minute t,open http connections during that minute,bytes sent at minute t,open http connections during that minute,pair0068,/Users/aj9225/Local/meta-learning-ecological-priors-from-llms/functionlearning/data/cause-effects/pairs/pair0068.txt,7,17379186.625,19861005.0,quota,252728148
68,10,[5704291.0],631.0,5704291.0,631.0,bytes sent at minute t,open http connections during that minute,bytes sent at minute t,open http connections during that minute,pair0068,/Users/aj9225/Local/meta-learning-ecological-priors-from-llms/functionlearning/data/cause-effects/pairs/pair0068.txt,2,4970094.75,7451913.125,redistributed,252728148
68,11,[8325981.0],159.0,8325981.0,159.0,bytes sent at minute t,open http connections during that minute,bytes sent at minute t,open http connections during that minute,pair0068,/Users/aj9225/Local/meta-learning-ecological-priors-from-llms/functionlearning/data/cause-effects/pairs/pair0068.txt,3,7451913.125,9933731.5,quota,252728148
68,12,[12684651.0],175.0,12684651.0,175.0,bytes sent at minute t,open http connections during that minute,bytes sent at minute t,open http connections during that minute,pair0068,/Users/aj9225/Local/meta-learning-ecological-priors-from-llms/functionlearning/data/cause-effects/pairs/pair0068.txt,5,12415549.875,14897368.25,quota,252728148
68,13,[14191950.0],210.0,14191950.0,210.0,bytes sent at minute t,open http connections during that minute,bytes sent at minute t,open http connections during that minute,pair0068,/Users/aj9225/Local/meta-learning-ecological-priors-from-llms/functionlearning/data/cause-effects/pairs/pair0068.txt,5,12415549.875,14897368.25,quota,252728148
68,14,[228653.0],15.0,228653.0,15.0,bytes sent at minute t,open http connections during that minute,bytes sent at minute t,open http connections during that minute,pair0068,/Users/aj9225/Local/meta-learning-ecological-priors-from-llms/functionlearning/data/cause-effects/pairs/pair0068.txt,0,6458.0,2488276.375,quota,252728148
68,15,[11325990.0],93.0,11325990.0,93.0,bytes sent at minute t,open http connections during that minute,bytes sent at minute t,open http connections during that minute,pair0068,/Users/aj9225/Local/meta-learning-ecological-priors-from-llms/functionlearning/data/cause-effects/pairs/pair0068.txt,4,9933731.5,12415549.875,quota,252728148
68,16,[3340592.0],43.0,3340592.0,43.0,bytes sent at minute t,open http connections during that minute,bytes sent at minute t,open http connections during that minute,pair0068,/Users/aj9225/Local/meta-learning-ecological-priors-from-llms/functionlearning/data/cause-effects/pairs/pair0068.txt,1,2488276.375,4970094.75,redistributed,252728148
68,17,[229740.0],17.0,229740.0,17.0,bytes sent at minute t,open http connections during that minute,bytes sent at minute t,open http connections during that minute,pair0068,/Users/aj9225/Local/meta-learning-ecological-priors-from-llms/functionlearning/data/cause-effects/pairs/pair0068.txt,0,6458.0,2488276.375,redistributed,252728148
68,18,[229517.0],17.0,229517.0,17.0,bytes sent at minute t,open http connections during that minute,bytes sent at minute t,open http connections during that minute,pair0068,/Users/aj9225/Local/meta-learning-ecological-priors-from-llms/functionlearning/data/cause-effects/pairs/pair0068.txt,0,6458.0,2488276.375,quota,252728148
68,19,[229581.0],17.0,229581.0,17.0,bytes sent at minute t,open http connections during that minute,bytes sent at minute t,open http connections during that minute,pair0068,/Users/aj9225/Local/meta-learning-ecological-priors-from-llms/functionlearning/data/cause-effects/pairs/pair0068.txt,0,6458.0,2488276.375,redistributed,252728148
68,20,[231860.0],18.0,231860.0,18.0,bytes sent at minute t,open http connections during that minute,bytes sent at minute t,open http connections during that minute,pair0068,/Users/aj9225/Local/meta-learning-ecological-priors-from-llms/functionlearning/data/cause-effects/pairs/pair0068.txt,0,6458.0,2488276.375,quota,252728148
68,21,[4231991.0],42.0,4231991.0,42.0,bytes sent at minute t,open http connections during that minute,bytes sent at minute t,open http connections during that minute,pair0068,/Users/aj9225/Local/meta-learning-ecological-priors-from-llms/functionlearning/data/cause-effects/pairs/pair0068.txt,1,2488276.375,4970094.75,quota,252728148
68,22,[2986945.0],65.0,2986945.0,65.0,bytes sent at minute t,open http connections during that minute,bytes sent at minute t,open http connections during that minute,pair0068,/Users/aj9225/Local/meta-learning-ecological-priors-from-llms/functionlearning/data/cause-effects/pairs/pair0068.txt,1,2488276.375,4970094.75,quota,252728148
68,23,[5459689.0],53.0,5459689.0,53.0,bytes sent at minute t,open http connections during that minute,bytes sent at minute t,open http connections during that minute,pair0068,/Users/aj9225/Local/meta-learning-ecological-priors-from-llms/functionlearning/data/cause-effects/pairs/pair0068.txt,2,4970094.75,7451913.125,quota,252728148
73,0,[52.60899],8524.019738,52.60899,8524.019738,CO2 emissions for different countries in different years,Energy use (kg of oil equivalent per capita) for different countries in different years,CO2 emissions for different countries in different years,Energy use (kg of oil equivalent per capita) for different countries in different years,pair0073,/Users/aj9225/Local/meta-learning-ecological-priors-from-llms/functionlearning/data/cause-effects/pairs/pair0073.txt,4,42.2456595,52.807074375,quota,1857357998
73,1,[58.572403],3871.486277,58.572403,3871.486277,CO2 emissions for different countries in different years,Energy use (kg of oil equivalent per capita) for different countries in different years,CO2 emissions for different countries in different years,Energy use (kg of oil equivalent per capita) for different countries in different years,pair0073,/Users/aj9225/Local/meta-learning-ecological-priors-from-llms/functionlearning/data/cause-effects/pairs/pair0073.txt,5,52.807074375,63.36848925,quota,1857357998
73,2,[14.413277],5397.912018,14.413277,5397.912018,CO2 emissions for different countries in different years,Energy use (kg of oil equivalent per capita) for different countries in different years,CO2 emissions for different countries in different years,Energy use (kg of oil equivalent per capita) for different countries in different years,pair0073,/Users/aj9225/Local/meta-learning-ecological-priors-from-llms/functionlearning/data/cause-effects/pairs/pair0073.txt,1,10.561414875,21.12282975,quota,1857357998
73,3,[28.311774],9449.544748,28.311774,9449.544748,CO2 emissions for different countries in different years,Energy use (kg of oil equivalent per capita) for different countries in different years,CO2 emissions for different countries in different years,Energy use (kg of oil equivalent per capita) for different countries in different years,pair0073,/Users/aj9225/Local/meta-learning-ecological-priors-from-llms/functionlearning/data/cause-effects/pairs/pair0073.txt,2,21.12282975,31.684244625,quota,1857357998
73,4,[6.970155],1060.385767,6.970155,1060.385767,CO2 emissions for different countries in different years,Energy use (kg of oil equivalent per capita) for different countries in different years,CO2 emissions for different countries in different years,Energy use (kg of oil equivalent per capita) for different countries in different years,pair0073,/Users/aj9225/Local/meta-learning-ecological-priors-from-llms/functionlearning/data/cause-effects/pairs/pair0073.txt,0,0.0,10.561414875,quota,1857357998
73,5,[66.631805],1248.096125,66.631805,1248.096125,CO2 emissions for different countries in different years,Energy use (kg of oil equivalent per capita) for different countries in different years,CO2 emissions for different countries in different years,Energy use (kg of oil equivalent per capita) for different countries in different years,pair0073,/Users/aj9225/Local/meta-learning-ecological-priors-from-llms/functionlearning/data/cause-effects/pairs/pair0073.txt,6,63.36848925,73.92990412500001,quota,1857357998
73,6,[5.306117],2389.940208,5.306117,2389.940208,CO2 emissions for different countries in different years,Energy use (kg of oil equivalent per capita) for different countries in different years,CO2 emissions for different countries in different years,Energy use (kg of oil equivalent per capita) for different countries in different years,pair0073,/Users/aj9225/Local/meta-learning-ecological-priors-from-llms/functionlearning/data/cause-effects/pairs/pair0073.txt,0,0.0,10.561414875,quota,1857357998
73,7,[51.163649],16599.773839,51.163649,16599.773839,CO2 emissions for different countries in different years,Energy use (kg of oil equivalent per capita) for different countries in different years,CO2 emissions for different countries in different years,Energy use (kg of oil equivalent per capita) for different countries in different years,pair0073,/Users/aj9225/Local/meta-learning-ecological-priors-from-llms/functionlearning/data/cause-effects/pairs/pair0073.txt,4,42.2456595,52.807074375,quota,1857357998
73,8,[8.189342],3389.236783,8.189342,3389.236783,CO2 emissions for different countries in different years,Energy use (kg of oil equivalent per capita) for different countries in different years,CO2 emissions for different countries in different years,Energy use (kg of oil equivalent per capita) for different countries in different years,pair0073,/Users/aj9225/Local/meta-learning-ecological-priors-from-llms/functionlearning/data/cause-effects/pairs/pair0073.txt,0,0.0,10.561414875,quota,1857357998
73,9,[32.533881],10601.941748,32.533881,10601.941748,CO2 emissions for different countries in different years,Energy use (kg of oil equivalent per capita) for different countries in different years,CO2 emissions for different countries in different years,Energy use (kg of oil equivalent per capita) for different countries in different years,pair0073,/Users/aj9225/Local/meta-learning-ecological-priors-from-llms/functionlearning/data/cause-effects/pairs/pair0073.txt,3,31.684244625,42.2456595,quota,1857357998
73,10,[36.433117],11135.215453,36.433117,11135.215453,CO2 emissions for different countries in different years,Energy use (kg of oil equivalent per capita) for different countries in different years,CO2 emissions for different countries in different years,Energy use (kg of oil equivalent per capita) for different countries in different years,pair0073,/Users/aj9225/Local/meta-learning-ecological-priors-from-llms/functionlearning/data/cause-effects/pairs/pair0073.txt,3,31.684244625,42.2456595,quota,1857357998
73,11,[60.823178],19596.30532,60.823178,19596.30532,CO2 emissions for different countries in different years,Energy use (kg of oil equivalent per capita) for different countries in different years,CO2 emissions for different countries in different years,Energy use (kg of oil equivalent per capita) for different countries in different years,pair0073,/Users/aj9225/Local/meta-learning-ecological-priors-from-llms/functionlearning/data/cause-effects/pairs/pair0073.txt,5,52.807074375,63.36848925,quota,1857357998
73,12,[79.659668],3834.907063,79.659668,3834.907063,CO2 emissions for different countries in different years,Energy use (kg of oil equivalent per capita) for different countries in different years,CO2 emissions for different countries in different years,Energy use (kg of oil equivalent per capita) for different countries in different years,pair0073,/Users/aj9225/Local/meta-learning-ecological-priors-from-llms/functionlearning/data/cause-effects/pairs/pair0073.txt,7,73.92990412500001,84.491319,quota,1857357998
73,13,[84.491319],9884.734632,84.491319,9884.734632,CO2 emissions for different countries in different years,Energy use (kg of oil equivalent per capita) for different countries in different years,CO2 emissions for different countries in different years,Energy use (kg of oil equivalent per capita) for different countries in different years,pair0073,/Users/aj9225/Local/meta-learning-ecological-priors-from-llms/functionlearning/data/cause-effects/pairs/pair0073.txt,7,73.92990412500001,84.491319,quota,1857357998
73,14,[30.407458],9601.895151,30.407458,9601.895151,CO2 emissions for different countries in different years,Energy use (kg of oil equivalent per capita) for different countries in different years,CO2 emissions for different countries in different years,Energy use (kg of oil equivalent per capita) for different countries in different years,pair0073,/Users/aj9225/Local/meta-learning-ecological-priors-from-llms/functionlearning/data/cause-effects/pairs/pair0073.txt,2,21.12282975,31.684244625,quota,1857357998
73,15,[52.121433],9663.942826,52.121433,9663.942826,CO2 emissions for different countries in different years,Energy use (kg of oil equivalent per capita) for different countries in different years,CO2 emissions for different countries in different years,Energy use (kg of oil equivalent per capita) for different countries in different years,pair0073,/Users/aj9225/Local/meta-learning-ecological-priors-from-llms/functionlearning/data/cause-effects/pairs/pair0073.txt,4,42.2456595,52.807074375,quota,1857357998
73,16,[11.144924],3043.611642,11.144924,3043.611642,CO2 emissions for different countries in different years,Energy use (kg of oil equivalent per capita) for different countries in different years,CO2 emissions for different countries in different years,Energy use (kg of oil equivalent per capita) for different countries in different years,pair0073,/Users/aj9225/Local/meta-learning-ecological-priors-from-llms/functionlearning/data/cause-effects/pairs/pair0073.txt,1,10.561414875,21.12282975,quota,1857357998
73,17,[15.602246],4726.044582,15.602246,4726.044582,CO2 emissions for different countries in different years,Energy use (kg of oil equivalent per capita) for different countries in different years,CO2 emissions for different countries in different years,Energy use (kg of oil equivalent per capita) for different countries in different years,pair0073,/Users/aj9225/Local/meta-learning-ecological-priors-from-llms/functionlearning/data/cause-effects/pairs/pair0073.txt,1,10.561414875,21.12282975,quota,1857357998
73,18,[32.45431],9293.308021,32.45431,9293.308021,CO2 emissions for different countries in different years,Energy use (kg of oil equivalent per capita) for different countries in different years,CO2 emissions for different countries in different years,Energy use (kg of oil equivalent per capita) for different countries in different years,pair0073,/Users/aj9225/Local/meta-learning-ecological-priors-from-llms/functionlearning/data/cause-effects/pairs/pair0073.txt,3,31.684244625,42.2456595,quota,1857357998
73,19,[65.581769],7932.135479,65.581769,7932.135479,CO2 emissions for different countries in different years,Energy use (kg of oil equivalent per capita) for different countries in different years,CO2 emissions for different countries in different years,Energy use (kg of oil equivalent per capita) for different countries in different years,pair0073,/Users/aj9225/Local/meta-learning-ecological-priors-from-llms/functionlearning/data/cause-effects/pairs/pair0073.txt,6,63.36848925,73.92990412500001,quota,1857357998
73,20,[54.559953],5969.730942,54.559953,5969.730942,CO2 emissions for different countries in different years,Energy use (kg of oil equivalent per capita) for different countries in different years,CO2 emissions for different countries in different years,Energy use (kg of oil equivalent per capita) for different countries in different years,pair0073,/Users/aj9225/Local/meta-learning-ecological-priors-from-llms/functionlearning/data/cause-effects/pairs/pair0073.txt,5,52.807074375,63.36848925,quota,1857357998
73,21,[27.637601],14981.681584,27.637601,14981.681584,CO2 emissions for different countries in different years,Energy use (kg of oil equivalent per capita) for different countries in different years,CO2 emissions for different countries in different years,Energy use (kg of oil equivalent per capita) for different countries in different years,pair0073,/Users/aj9225/Local/meta-learning-ecological-priors-from-llms/functionlearning/data/cause-effects/pairs/pair0073.txt,2,21.12282975,31.684244625,quota,1857357998
73,22,[73.917242],3340.240914,73.917242,3340.240914,CO2 emissions for different countries in different years,Energy use (kg of oil equivalent per capita) for different countries in different years,CO2 emissions for different countries in different years,Energy use (kg of oil equivalent per capita) for different countries in different years,pair0073,/Users/aj9225/Local/meta-learning-ecological-priors-from-llms/functionlearning/data/cause-effects/pairs/pair0073.txt,6,63.36848925,73.92990412500001,quota,1857357998
73,23,[74.653383],7586.460332,74.653383,7586.460332,CO2 emissions for different countries in different years,Energy use (kg of oil equivalent per capita) for different countries in different years,CO2 emissions for different countries in different years,Energy use (kg of oil equivalent per capita) for different countries in different years,pair0073,/Users/aj9225/Local/meta-learning-ecological-priors-from-llms/functionlearning/data/cause-effects/pairs/pair0073.txt,7,73.92990412500001,84.491319,quota,1857357998
74,0,[20560.0],79.0,20560.0,79.0,GNI (Gross national income) per capita for different countries (in US$),life expectancy at birth for different countries,GNI (Gross national income) per capita for different countries (in US$),life expectancy at birth for different countries,pair0074,/Users/aj9225/Local/meta-learning-ecological-priors-from-llms/functionlearning/data/cause-effects/pairs/pair0074.txt,1,11006.25,21872.5,quota,1168814009
74,1,[26210.0],77.0,26210.0,77.0,GNI (Gross national income) per capita for different countries (in US$),life expectancy at birth for different countries,GNI (Gross national income) per capita for different countries (in US$),life expectancy at birth for different countries,pair0074,/Users/aj9225/Local/meta-learning-ecological-priors-from-llms/functionlearning/data/cause-effects/pairs/pair0074.txt,2,21872.5,32738.75,quota,1168814009
74,2,[45390.0],79.0,45390.0,79.0,GNI (Gross national income) per capita for different countries (in US$),life expectancy at birth for different countries,GNI (Gross national income) per capita for different countries (in US$),life expectancy at birth for different countries,pair0074,/Users/aj9225/Local/meta-learning-ecological-priors-from-llms/functionlearning/data/cause-effects/pairs/pair0074.txt,4,43605.0,54471.25,quota,1168814009
74,3,[59130.0],78.0,59130.0,78.0,GNI (Gross national income) per capita for different countries (in US$),life expectancy at birth for different countries,GNI (Gross national income) per capita for different countries (in US$),life expectancy at birth for different countries,pair0074,/Users/aj9225/Local/meta-learning-ecological-priors-from-llms/functionlearning/data/cause-effects/pairs/pair0074.txt,5,54471.25,65337.5,quota,1168814009
74,4,[750.0],65.0,750.0,65.0,GNI (Gross national income) per capita for different countries (in US$),life expectancy at birth for different countries,GNI (Gross national income) per capita for different countries (in US$),life expectancy at birth for different countries,pair0074,/Users/aj9225/Local/meta-learning-ecological-priors-from-llms/functionlearning/data/cause-effects/pairs/pair0074.txt,0,140.0,11006.25,quota,1168814009
74,5,[4990.0],69.0,4990.0,69.0,GNI (Gross national income) per capita for different countries (in US$),life expectancy at birth for different countries,GNI (Gross national income) per capita for different countries (in US$),life expectancy at birth for different countries,pair0074,/Users/aj9225/Local/meta-learning-ecological-priors-from-llms/functionlearning/data/cause-effects/pairs/pair0074.txt,0,140.0,11006.25,quota,1168814009
74,6,[44330.0],80.0,44330.0,80.0,GNI (Gross national income) per capita for different countries (in US$),life expectancy at birth for different countries,GNI (Gross national income) per capita for different countries (in US$),life expectancy at birth for different countries,pair0074,/Users/aj9225/Local/meta-learning-ecological-priors-from-llms/functionlearning/data/cause-effects/pairs/pair0074.txt,4,43605.0,54471.25,redistributed,1168814009
74,7,[50940.0],81.0,50940.0,81.0,GNI (Gross national income) per capita for different countries (in US$),life expectancy at birth for different countries,GNI (Gross national income) per capita for different countries (in US$),life expectancy at birth for different countries,pair0074,/Users/aj9225/Local/meta-learning-ecological-priors-from-llms/functionlearning/data/cause-effects/pairs/pair0074.txt,4,43605.0,54471.25,quota,1168814009
74,8,[87070.0],81.0,87070.0,81.0,GNI (Gross national income) per capita for different countries (in US$),life expectancy at birth for different countries,GNI (Gross national income) per capita for different countries (in US$),life expectancy at birth for different countries,pair0074,/Users/aj9225/Local/meta-learning-ecological-priors-from-llms/functionlearning/data/cause-effects/pairs/pair0074.txt,7,76203.75,87070.0,quota,1168814009
74,9,[84890.0],80.0,84890.0,80.0,GNI (Gross national income) per capita for different countries (in US$),life expectancy at birth for different countries,GNI (Gross national income) per capita for different countries (in US$),life expectancy at birth for different countries,pair0074,/Users/aj9225/Local/meta-learning-ecological-priors-from-llms/functionlearning/data/cause-effects/pairs/pair0074.txt,7,76203.75,87070.0,quota,1168814009
74,10,[14270.0],73.0,14270.0,73.0,GNI (Gross national income) per capita for different countries (in US$),life expectancy at birth for different countries,GNI (Gross national income) per capita for different countries (in US$),life expectancy at birth for different countries,pair0074,/Users/aj9225/Local/meta-learning-ecological-priors-from-llms/functionlearning/data/cause-effects/pairs/pair0074.txt,1,11006.25,21872.5,redistributed,1168814009
74,11,[42440.0],80.0,42440.0,80.0,GNI (Gross national income) per capita for different countries (in US$),life expectancy at birth for different countries,GNI (Gross national income) per capita for different countries (in US$),life expectancy at birth for different countries,pair0074,/Users/aj9225/Local/meta-learning-ecological-priors-from-llms/functionlearning/data/cause-effects/pairs/pair0074.txt,3,32738.75,43605.0,redistributed,1168814009
74,12,[11860.0],73.0,11860.0,73.0,GNI (Gross national income) per capita for different countries (in US$),life expectancy at birth for different countries,GNI (Gross national income) per capita for different countries (in US$),life expectancy at birth for different countries,pair0074,/Users/aj9225/Local/meta-learning-ecological-priors-from-llms/functionlearning/data/cause-effects/pairs/pair0074.txt,1,11006.25,21872.5,quota,1168814009
74,13,[38210.0],83.0,38210.0,83.0,GNI (Gross national income) per capita for different countries (in US$),life expectancy at birth for different countries,GNI (Gross national income) per capita for different countries (in US$),life expectancy at birth for different countries,pair0074,/Users/aj9225/Local/meta-learning-ecological-priors-from-llms/functionlearning/data/cause-effects/pairs/pair0074.txt,3,32738.75,43605.0,quota,1168814009
74,14,[6400.0],72.0,6400.0,72.0,GNI (Gross national income) per capita for different countries (in US$),life expectancy at birth for different countries,GNI (Gross national income) per capita for different countries (in US$),life expectancy at birth for different countries,pair0074,/Users/aj9225/Local/meta-learning-ecological-priors-from-llms/functionlearning/data/cause-effects/pairs/pair0074.txt,0,140.0,11006.25,redistributed,1168814009
74,15,[48120.0],80.0,48120.0,80.0,GNI (Gross national income) per capita for different countries (in US$),life expectancy at birth for different countries,GNI (Gross national income) per capita for different countries (in US$),life expectancy at birth for different countries,pair0074,/Users/aj9225/Local/meta-learning-ecological-priors-from-llms/functionlearning/data/cause-effects/pairs/pair0074.txt,4,43605.0,54471.25,quota,1168814009
74,16,[11590.0],74.0,11590.0,74.0,GNI (Gross national income) per capita for different countries (in US$),life expectancy at birth for different countries,GNI (Gross national income) per capita for different countries (in US$),life expectancy at birth for different countries,pair0074,/Users/aj9225/Local/meta-learning-ecological-priors-from-llms/functionlearning/data/cause-effects/pairs/pair0074.txt,1,11006.25,21872.5,quota,1168814009
74,17,[9980.0],76.0,9980.0,76.0,GNI (Gross national income) per capita for different countries (in US$),life expectancy at birth for different countries,GNI (Gross national income) per capita for different countries (in US$),life expectancy at birth for different countries,pair0074,/Users/aj9225/Local/meta-learning-ecological-priors-from-llms/functionlearning/data/cause-effects/pairs/pair0074.txt,0,140.0,11006.25,quota,1168814009
74,18,[35240.0],81.0,35240.0,81.0,GNI (Gross national income) per capita for different countries (in US$),life expectancy at birth for different countries,GNI (Gross national income) per capita for different countries (in US$),life expectancy at birth for different countries,pair0074,/Users/aj9225/Local/meta-learning-ecological-priors-from-llms/functionlearning/data/cause-effects/pairs/pair0074.txt,3,32738.75,43605.0,quota,1168814009
74,19,[65330.0],82.0,65330.0,82.0,GNI (Gross national income) per capita for different countries (in US$),life expectancy at birth for different countries,GNI (Gross national income) per capita for different countries (in US$),life expectancy at birth for different countries,pair0074,/Users/aj9225/Local/meta-learning-ecological-priors-from-llms/functionlearning/data/cause-effects/pairs/pair0074.txt,5,54471.25,65337.5,quota,1168814009
74,20,[41730.0],81.0,41730.0,81.0,GNI (Gross national income) per capita for different countries (in US$),life expectancy at birth for different countries,GNI (Gross national income) per capita for different countries (in US$),life expectancy at birth for different countries,pair0074,/Users/aj9225/Local/meta-learning-ecological-priors-from-llms/functionlearning/data/cause-effects/pairs/pair0074.txt,3,32738.75,43605.0,quota,1168814009
74,21,[24010.0],78.0,24010.0,78.0,GNI (Gross national income) per capita for different countries (in US$),life expectancy at birth for different countries,GNI (Gross national income) per capita for different countries (in US$),life expectancy at birth for different countries,pair0074,/Users/aj9225/Local/meta-learning-ecological-priors-from-llms/functionlearning/data/cause-effects/pairs/pair0074.txt,2,21872.5,32738.75,quota,1168814009
74,22,[24700.0],81.0,24700.0,81.0,GNI (Gross national income) per capita for different countries (in US$),life expectancy at birth for different countries,GNI (Gross national income) per capita for different countries (in US$),life expectancy at birth for different countries,pair0074,/Users/aj9225/Local/meta-learning-ecological-priors-from-llms/functionlearning/data/cause-effects/pairs/pair0074.txt,2,21872.5,32738.75,redistributed,1168814009
74,23,[28650.0],79.0,28650.0,79.0,GNI (Gross national income) per capita for different countries (in US$),life expectancy at birth for different countries,GNI (Gross national income) per capita for different countries (in US$),life expectancy at birth for different countries,pair0074,/Users/aj9225/Local/meta-learning-ecological-priors-from-llms/functionlearning/data/cause-effects/pairs/pair0074.txt,2,21872.5,32738.75,quota,1168814009
75,0,[41.0],2010.0,41.0,2010.0,under 5 mortality rate for different countries (deaths per 1000 live births),GNI (Gross national income) per capita for different countries (in US$),under 5 mortality rate for different countries (deaths per 1000 live births),GNI (Gross national income) per capita for different countries (in US$),pair0075,/Users/aj9225/Local/meta-learning-ecological-priors-from-llms/functionlearning/data/cause-effects/pairs/pair0075.txt,1,33.875,65.75,redistributed,3284735462
75,1,[146.0],390.0,146.0,390.0,under 5 mortality rate for different countries (deaths per 1000 live births),GNI (Gross national income) per capita for different countries (in US$),under 5 mortality rate for different countries (deaths per 1000 live births),GNI (Gross national income) per capita for different countries (in US$),pair0075,/Users/aj9225/Local/meta-learning-ecological-priors-from-llms/functionlearning/data/cause-effects/pairs/pair0075.txt,4,129.5,161.375,quota,3284735462
75,2,[3.0],84890.0,3.0,84890.0,under 5 mortality rate for different countries (deaths per 1000 live births),GNI (Gross national income) per capita for different countries (in US$),under 5 mortality rate for different countries (deaths per 1000 live births),GNI (Gross national income) per capita for different countries (in US$),pair0075,/Users/aj9225/Local/meta-learning-ecological-priors-from-llms/functionlearning/data/cause-effects/pairs/pair0075.txt,0,2.0,33.875,redistributed,3284735462
75,3,[167.0],330.0,167.0,330.0,under 5 mortality rate for different countries (deaths per 1000 live births),GNI (Gross national income) per capita for different countries (in US$),under 5 mortality rate for different countries (deaths per 1000 live births),GNI (Gross national income) per capita for different countries (in US$),pair0075,/Users/aj9225/Local/meta-learning-ecological-priors-from-llms/functionlearning/data/cause-effects/pairs/pair0075.txt,5,161.375,193.25,quota,3284735462
75,4,[100.0],290.0,100.0,290.0,under 5 mortality rate for different countries (deaths per 1000 live births),GNI (Gross national income) per capita for different countries (in US$),under 5 mortality rate for different countries (deaths per 1000 live births),GNI (Gross national income) per capita for different countries (in US$),pair0075,/Users/aj9225/Local/meta-learning-ecological-priors-from-llms/functionlearning/data/cause-effects/pairs/pair0075.txt,3,97.625,129.5,quota,3284735462
75,5,[194.0],320.0,194.0,320.0,under 5 mortality rate for different countries (deaths per 1000 live births),GNI (Gross national income) per capita for different countries (in US$),under 5 mortality rate for different countries (deaths per 1000 live births),GNI (Gross national income) per capita for different countries (in US$),pair0075,/Users/aj9225/Local/meta-learning-ecological-priors-from-llms/functionlearning/data/cause-effects/pairs/pair0075.txt,6,193.25,225.125,quota,3284735462
75,6,[61.0],750.0,61.0,750.0,under 5 mortality rate for different countries (deaths per 1000 live births),GNI (Gross national income) per capita for different countries (in US$),under 5 mortality rate for different countries (deaths per 1000 live births),GNI (Gross national income) per capita for different countries (in US$),pair0075,/Users/aj9225/Local/meta-learning-ecological-priors-from-llms/functionlearning/data/cause-effects/pairs/pair0075.txt,1,33.875,65.75,quota,3284735462
75,7,[127.0],1970.0,127.0,1970.0,under 5 mortality rate for different countries (deaths per 1000 live births),GNI (Gross national income) per capita for different countries (in US$),under 5 mortality rate for different countries (deaths per 1000 live births),GNI (Gross national income) per capita for different countries (in US$),pair0075,/Users/aj9225/Local/meta-learning-ecological-priors-from-llms/functionlearning/data/cause-effects/pairs/pair0075.txt,3,97.625,129.5,quota,3284735462
75,8,[79.0],1080.0,79.0,1080.0,under 5 mortality rate for different countries (deaths per 1000 live births),GNI (Gross national income) per capita for different countries (in US$),under 5 mortality rate for different countries (deaths per 1000 live births),GNI (Gross national income) per capita for different countries (in US$),pair0075,/Users/aj9225/Local/meta-learning-ecological-priors-from-llms/functionlearning/data/cause-effects/pairs/pair0075.txt,2,65.75,97.625,quota,3284735462
75,9,[54.0],520.0,54.0,520.0,under 5 mortality rate for different countries (deaths per 1000 live births),GNI (Gross national income) per capita for different countries (in US$),under 5 mortality rate for different countries (deaths per 1000 live births),GNI (Gross national income) per capita for different countries (in US$),pair0075,/Users/aj9225/Local/meta-learning-ecological-priors-from-llms/functionlearning/data/cause-effects/pairs/pair0075.txt,1,33.875,65.75,quota,3284735462
75,10,[199.0],150.0,199.0,150.0,under 5 mortality rate for different countries (deaths per 1000 live births),GNI (Gross national income) per capita for different countries (in US$),under 5 mortality rate for different countries (deaths per 1000 live births),GNI (Gross national income) per capita for different countries (in US$),pair0075,/Users/aj9225/Local/meta-learning-ecological-priors-from-llms/functionlearning/data/cause-effects/pairs/pair0075.txt,6,193.25,225.125,quota,3284735462
75,11,[186.0],1160.0,186.0,1160.0,under 5 mortality rate for different countries (deaths per 1000 live births),GNI (Gross national income) per capita for different countries (in US$),under 5 mortality rate for different countries (deaths per 1000 live births),GNI (Gross national income) per capita for different countries (in US$),pair0075,/Users/aj9225/Local/meta-learning-ecological-priors-from-llms/functionlearning/data/cause-effects/pairs/pair0075.txt,5,161.375,193.25,quota,3284735462
75,12,[200.0],140.0,200.0,140.0,under 5 mortality rate for different countries (deaths per 1000 live births),GNI (Gross national income) per capita for different countries (in US$),under 5 mortality rate for different countries (deaths per 1000 live births),GNI (Gross national income) per capita for different countries (in US$),pair0075,/Users/aj9225/Local/meta-learning-ecological-priors-from-llms/functionlearning/data/cause-effects/pairs/pair0075.txt,6,193.25,225.125,quota,3284735462
75,13,[76.0],1001.0,76.0,1001.0,under 5 mortality rate for different countries (deaths per 1000 live births),GNI (Gross national income) per capita for different countries (in US$),under 5 mortality rate for different countries (deaths per 1000 live births),GNI (Gross national income) per capita for different countries (in US$),pair0075,/Users/aj9225/Local/meta-learning-ecological-priors-from-llms/functionlearning/data/cause-effects/pairs/pair0075.txt,2,65.75,97.625,quota,3284735462
75,14,[6.0],27940.0,6.0,27940.0,under 5 mortality rate for different countries (deaths per 1000 live births),GNI (Gross national income) per capita for different countries (in US$),under 5 mortality rate for different countries (deaths per 1000 live births),GNI (Gross national income) per capita for different countries (in US$),pair0075,/Users/aj9225/Local/meta-learning-ecological-priors-from-llms/functionlearning/data/cause-effects/pairs/pair0075.txt,0,2.0,33.875,quota,3284735462
75,15,[131.0],1150.0,131.0,1150.0,under 5 mortality rate for different countries (deaths per 1000 live births),GNI (Gross national income) per capita for different countries (in US$),under 5 mortality rate for different countries (deaths per 1000 live births),GNI (Gross national income) per capita for different countries (in US$),pair0075,/Users/aj9225/Local/meta-learning-ecological-priors-from-llms/functionlearning/data/cause-effects/pairs/pair0075.txt,4,129.5,161.375,quota,3284735462
75,16,[69.0],1010.0,69.0,1010.0,under 5 mortality rate for different countries (deaths per 1000 live births),GNI (Gross national income) per capita for different countries (in US$),under 5 mortality rate for different countries (deaths per 1000 live births),GNI (Gross national income) per capita for different countries (in US$),pair0075,/Users/aj9225/Local/meta-learning-ecological-priors-from-llms/functionlearning/data/cause-effects/pairs/pair0075.txt,2,65.75,97.625,quota,3284735462
75,17,[257.0],250.0,257.0,250.0,under 5 mortality rate for different countries (deaths per 1000 live births),GNI (Gross national income) per capita for different countries (in US$),under 5 mortality rate for different countries (deaths per 1000 live births),GNI (Gross national income) per capita for different countries (in US$),pair0075,/Users/aj9225/Local/meta-learning-ecological-priors-from-llms/functionlearning/data/cause-effects/pairs/pair0075.txt,7,225.125,257.0,quota,3284735462
75,18,[39.0],2340.0,39.0,2340.0,under 5 mortality rate for different countries (deaths per 1000 live births),GNI (Gross national income) per capita for different countries (in US$),under 5 mortality rate for different countries (deaths per 1000 live births),GNI (Gross national income) per capita for different countries (in US$),pair0075,/Users/aj9225/Local/meta-learning-ecological-priors-from-llms/functionlearning/data/cause-effects/pairs/pair0075.txt,1,33.875,65.75,quota,3284735462
75,19,[17.0],9980.0,17.0,9980.0,under 5 mortality rate for different countries (deaths per 1000 live births),GNI (Gross national income) per capita for different countries (in US$),under 5 mortality rate for different countries (deaths per 1000 live births),GNI (Gross national income) per capita for different countries (in US$),pair0075,/Users/aj9225/Local/meta-learning-ecological-priors-from-llms/functionlearning/data/cause-effects/pairs/pair0075.txt,0,2.0,33.875,quota,3284735462
75,20,[169.0],480.0,169.0,480.0,under 5 mortality rate for different countries (deaths per 1000 live births),GNI (Gross national income) per capita for different countries (in US$),under 5 mortality rate for different countries (deaths per 1000 live births),GNI (Gross national income) per capita for different countries (in US$),pair0075,/Users/aj9225/Local/meta-learning-ecological-priors-from-llms/functionlearning/data/cause-effects/pairs/pair0075.txt,5,161.375,193.25,quota,3284735462
75,21,[148.0],950.0,148.0,950.0,under 5 mortality rate for different countries (deaths per 1000 live births),GNI (Gross national income) per capita for different countries (in US$),under 5 mortality rate for different countries (deaths per 1000 live births),GNI (Gross national income) per capita for different countries (in US$),pair0075,/Users/aj9225/Local/meta-learning-ecological-priors-from-llms/functionlearning/data/cause-effects/pairs/pair0075.txt,4,129.5,161.375,quota,3284735462
75,22,[33.0],4390.0,33.0,4390.0,under 5 mortality rate for different countries (deaths per 1000 live births),GNI (Gross national income) per capita for different countries (in US$),under 5 mortality rate for different countries (deaths per 1000 live births),GNI (Gross national income) per capita for different countries (in US$),pair0075,/Users/aj9225/Local/meta-learning-ecological-priors-from-llms/functionlearning/data/cause-effects/pairs/pair0075.txt,0,2.0,33.875,quota,3284735462
75,23,[112.0],410.0,112.0,410.0,under 5 mortality rate for different countries (deaths per 1000 live births),GNI (Gross national income) per capita for different countries (in US$),under 5 mortality rate for different countries (deaths per 1000 live births),GNI (Gross national income) per capita for different countries (in US$),pair0075,/Users/aj9225/Local/meta-learning-ecological-priors-from-llms/functionlearning/data/cause-effects/pairs/pair0075.txt,3,97.625,129.5,quota,3284735462
76,0,[-7.0],-6.4,-7.0,-6.4,the average annual rate of change of population;,the average annual rate of change of total dietary consumption for total population (kcal/day),the average annual rate of change of population;,the average annual rate of change of total dietary consumption for total population (kcal/day),pair0076,/Users/aj9225/Local/meta-learning-ecological-priors-from-llms/functionlearning/data/cause-effects/pairs/pair0076.txt,0,-7.2,-5.4625,quota,4170242908
76,1,[-2.6],-1.9,-2.6,-1.9,the average annual rate of change of population;,the average annual rate of change of total dietary consumption for total population (kcal/day),the average annual rate of change of population;,the average annual rate of change of total dietary consumption for total population (kcal/day),pair0076,/Users/aj9225/Local/meta-learning-ecological-priors-from-llms/functionlearning/data/cause-effects/pairs/pair0076.txt,2,-3.725,-1.9874999999999998,quota,4170242908
76,2,[3.0],6.0,3.0,6.0,the average annual rate of change of population;,the average annual rate of change of total dietary consumption for total population (kcal/day),the average annual rate of change of population;,the average annual rate of change of total dietary consumption for total population (kcal/day),pair0076,/Users/aj9225/Local/meta-learning-ecological-priors-from-llms/functionlearning/data/cause-effects/pairs/pair0076.txt,5,1.4874999999999998,3.2250000000000005,quota,4170242908
76,3,[-2.0],-3.5,-2.0,-3.5,the average annual rate of change of population;,the average annual rate of change of total dietary consumption for total population (kcal/day),the average annual rate of change of population;,the average annual rate of change of total dietary consumption for total population (kcal/day),pair0076,/Users/aj9225/Local/meta-learning-ecological-priors-from-llms/functionlearning/data/cause-effects/pairs/pair0076.txt,2,-3.725,-1.9874999999999998,quota,4170242908
76,4,[-0.4],-1.2,-0.4,-1.2,the average annual rate of change of population;,the average annual rate of change of total dietary consumption for total population (kcal/day),the average annual rate of change of population;,the average annual rate of change of total dietary consumption for total population (kcal/day),pair0076,/Users/aj9225/Local/meta-learning-ecological-priors-from-llms/functionlearning/data/cause-effects/pairs/pair0076.txt,3,-1.9874999999999998,-0.25,quota,4170242908
76,5,[-0.3],-1.2,-0.3,-1.2,the average annual rate of change of population;,the average annual rate of change of total dietary consumption for total population (kcal/day),the average annual rate of change of population;,the average annual rate of change of total dietary consumption for total population (kcal/day),pair0076,/Users/aj9225/Local/meta-learning-ecological-priors-from-llms/functionlearning/data/cause-effects/pairs/pair0076.txt,3,-1.9874999999999998,-0.25,quota,4170242908
76,6,[-5.6],-5.5,-5.6,-5.5,the average annual rate of change of population;,the average annual rate of change of total dietary consumption for total population (kcal/day),the average annual rate of change of population;,the average annual rate of change of total dietary consumption for total population (kcal/day),pair0076,/Users/aj9225/Local/meta-learning-ecological-priors-from-llms/functionlearning/data/cause-effects/pairs/pair0076.txt,0,-7.2,-5.4625,redistributed,4170242908
76,7,[5.4],5.2,5.4,5.2,the average annual rate of change of population;,the average annual rate of change of total dietary consumption for total population (kcal/day),the average annual rate of change of population;,the average annual rate of change of total dietary consumption for total population (kcal/day),pair0076,/Users/aj9225/Local/meta-learning-ecological-priors-from-llms/functionlearning/data/cause-effects/pairs/pair0076.txt,7,4.9624999999999995,6.7,quota,4170242908
76,8,[0.2],2.4,0.2,2.4,the average annual rate of change of population;,the average annual rate of change of total dietary consumption for total population (kcal/day),the average annual rate of change of population;,the average annual rate of change of total dietary consumption for total population (kcal/day),pair0076,/Users/aj9225/Local/meta-learning-ecological-priors-from-llms/functionlearning/data/cause-effects/pairs/pair0076.txt,4,-0.25,1.4874999999999998,quota,4170242908
76,9,[0.9],0.7,0.9,0.7,the average annual rate of change of population;,the average annual rate of change of total dietary consumption for total population (kcal/day),the average annual rate of change of population;,the average annual rate of change of total dietary consumption for total population (kcal/day),pair0076,/Users/aj9225/Local/meta-learning-ecological-priors-from-llms/functionlearning/data/cause-effects/pairs/pair0076.txt,4,-0.25,1.4874999999999998,quota,4170242908
76,10,[-5.9],-5.6,-5.9,-5.6,the average annual rate of change of population;,the average annual rate of change of total dietary consumption for total population (kcal/day),the average annual rate of change of population;,the average annual rate of change of total dietary consumption for total population (kcal/day),pair0076,/Users/aj9225/Local/meta-learning-ecological-priors-from-llms/functionlearning/data/cause-effects/pairs/pair0076.txt,0,-7.2,-5.4625,quota,4170242908
76,11,[4.3],4.3,4.3,4.3,the average annual rate of change of population;,the average annual rate of change of total dietary consumption for total population (kcal/day),the average annual rate of change of population;,the average annual rate of change of total dietary consumption for total population (kcal/day),pair0076,/Users/aj9225/Local/meta-learning-ecological-priors-from-llms/functionlearning/data/cause-effects/pairs/pair0076.txt,6,3.2250000000000005,4.9624999999999995,quota,4170242908
76,12,[1.5],1.6,1.5,1.6,the average annual rate of change of population;,the average annual rate of change of total dietary consumption for total population (kcal/day),the average annual rate of change of population;,the average annual rate of change of total dietary consumption for total population (kcal/day),pair0076,/Users/aj9225/Local/meta-learning-ecological-priors-from-llms/functionlearning/data/cause-effects/pairs/pair0076.txt,5,1.4874999999999998,3.2250000000000005,quota,4170242908
76,13,[3.4],4.0,3.4,4.0,the average annual rate of change of population;,the average annual rate of change of total dietary consumption for total population (kcal/day),the average annual rate of change of population;,the average annual rate of change of total dietary consumption for total population (kcal/day),pair0076,/Users/aj9225/Local/meta-learning-ecological-priors-from-llms/functionlearning/data/cause-effects/pairs/pair0076.txt,6,3.2250000000000005,4.9624999999999995,quota,4170242908
76,14,[-3.8],-6.0,-3.8,-6.0,the average annual rate of change of population;,the average annual rate of change of total dietary consumption for total population (kcal/day),the average annual rate of change of population;,the average annual rate of change of total dietary consumption for total population (kcal/day),pair0076,/Users/aj9225/Local/meta-learning-ecological-priors-from-llms/functionlearning/data/cause-effects/pairs/pair0076.txt,1,-5.4625,-3.725,quota,4170242908
76,15,[-2.4],-2.8,-2.4,-2.8,the average annual rate of change of population;,the average annual rate of change of total dietary consumption for total population (kcal/day),the average annual rate of change of population;,the average annual rate of change of total dietary consumption for total population (kcal/day),pair0076,/Users/aj9225/Local/meta-learning-ecological-priors-from-llms/functionlearning/data/cause-effects/pairs/pair0076.txt,2,-3.725,-1.9874999999999998,quota,4170242908
76,16,[-7.2],-9.9,-7.2,-9.9,the average annual rate of change of population;,the average annual rate of change of total dietary consumption for total population (kcal/day),the average annual rate of change of population;,the average annual rate of change of total dietary consumption for total population (kcal/day),pair0076,/Users/aj9225/Local/meta-learning-ecological-priors-from-llms/functionlearning/data/cause-effects/pairs/pair0076.txt,0,-7.2,-5.4625,quota,4170242908
76,17,[3.8],1.9,3.8,1.9,the average annual rate of change of population;,the average annual rate of change of total dietary consumption for total population (kcal/day),the average annual rate of change of population;,the average annual rate of change of total dietary consumption for total population (kcal/day),pair0076,/Users/aj9225/Local/meta-learning-ecological-priors-from-llms/functionlearning/data/cause-effects/pairs/pair0076.txt,6,3.2250000000000005,4.9624999999999995,quota,4170242908
76,18,[5.0],4.0,5.0,4.0,the average annual rate of change of population;,the average annual rate of change of total dietary consumption for total population (kcal/day),the average annual rate of change of population;,the average annual rate of change of total dietary consumption for total population (kcal/day),pair0076,/Users/aj9225/Local/meta-learning-ecological-priors-from-llms/functionlearning/data/cause-effects/pairs/pair0076.txt,7,4.9624999999999995,6.7,quota,4170242908
76,19,[0.3],0.1,0.3,0.1,the average annual rate of change of population;,the average annual rate of change of total dietary consumption for total population (kcal/day),the average annual rate of change of population;,the average annual rate of change of total dietary consumption for total population (kcal/day),pair0076,/Users/aj9225/Local/meta-learning-ecological-priors-from-llms/functionlearning/data/cause-effects/pairs/pair0076.txt,4,-0.25,1.4874999999999998,quota,4170242908
76,20,[6.7],11.7,6.7,11.7,the average annual rate of change of population;,the average annual rate of change of total dietary consumption for total population (kcal/day),the average annual rate of change of population;,the average annual rate of change of total dietary consumption for total population (kcal/day),pair0076,/Users/aj9225/Local/meta-learning-ecological-priors-from-llms/functionlearning/data/cause-effects/pairs/pair0076.txt,7,4.9624999999999995,6.7,quota,4170242908
76,21,[1.6],1.8,1.6,1.8,the average annual rate of change of population;,the average annual rate of change of total dietary consumption for total population (kcal/day),the average annual rate of change of population;,the average annual rate of change of total dietary consumption for total population (kcal/day),pair0076,/Users/aj9225/Local/meta-learning-ecological-priors-from-llms/functionlearning/data/cause-effects/pairs/pair0076.txt,5,1.4874999999999998,3.2250000000000005,quota,4170242908
76,22,[-1.4],-1.2,-1.4,-1.2,the average annual rate of change of population;,the average annual rate of change of total dietary consumption for total population (kcal/day),the average annual rate of change of population;,the average annual rate of change of total dietary consumption for total population (kcal/day),pair0076,/Users/aj9225/Local/meta-learning-ecological-priors-from-llms/functionlearning/data/cause-effects/pairs/pair0076.txt,3,-1.9874999999999998,-0.25,quota,4170242908
76,23,[-2.7],-4.2,-2.7,-4.2,the average annual rate of change of population;,the average annual rate of change of total dietary consumption for total population (kcal/day),the average annual rate of change of population;,the average annual rate of change of total dietary consumption for total population (kcal/day),pair0076,/Users/aj9225/Local/meta-learning-ecological-priors-from-llms/functionlearning/data/cause-effects/pairs/pair0076.txt,2,-3.725,-1.9874999999999998,redistributed,4170242908
78,0,[277.5],11.493,277.5,11.493,PPFD (Photosynthetic Photon Flux Density),NEP (Net Ecosystem Productivity),PPFD (Photosynthetic Photon Flux Density),NEP (Net Ecosystem Productivity),pair0078,/Users/aj9225/Local/meta-learning-ecological-priors-from-llms/functionlearning/data/cause-effects/pairs/pair0078.txt,1,222.87499999999997,441.54999999999995,quota,2770353207
78,1,[861.8],22.376,861.8,22.376,PPFD (Photosynthetic Photon Flux Density),NEP (Net Ecosystem Productivity),PPFD (Photosynthetic Photon Flux Density),NEP (Net Ecosystem Productivity),pair0078,/Users/aj9225/Local/meta-learning-ecological-priors-from-llms/functionlearning/data/cause-effects/pairs/pair0078.txt,3,660.225,878.9,quota,2770353207
78,2,[1723.9],15.901,1723.9,15.901,PPFD (Photosynthetic Photon Flux Density),NEP (Net Ecosystem Productivity),PPFD (Photosynthetic Photon Flux Density),NEP (Net Ecosystem Productivity),pair0078,/Users/aj9225/Local/meta-learning-ecological-priors-from-llms/functionlearning/data/cause-effects/pairs/pair0078.txt,7,1534.925,1753.6,quota,2770353207
78,3,[1343.5],27.06,1343.5,27.06,PPFD (Photosynthetic Photon Flux Density),NEP (Net Ecosystem Productivity),PPFD (Photosynthetic Photon Flux Density),NEP (Net Ecosystem Productivity),pair0078,/Users/aj9225/Local/meta-learning-ecological-priors-from-llms/functionlearning/data/cause-effects/pairs/pair0078.txt,6,1316.25,1534.925,quota,2770353207
78,4,[681.5],23.544,681.5,23.544,PPFD (Photosynthetic Photon Flux Density),NEP (Net Ecosystem Productivity),PPFD (Photosynthetic Photon Flux Density),NEP (Net Ecosystem Productivity),pair0078,/Users/aj9225/Local/meta-learning-ecological-priors-from-llms/functionlearning/data/cause-effects/pairs/pair0078.txt,3,660.225,878.9,quota,2770353207
78,5,[341.6],14.543,341.6,14.543,PPFD (Photosynthetic Photon Flux Density),NEP (Net Ecosystem Productivity),PPFD (Photosynthetic Photon Flux Density),NEP (Net Ecosystem Productivity),pair0078,/Users/aj9225/Local/meta-learning-ecological-priors-from-llms/functionlearning/data/cause-effects/pairs/pair0078.txt,1,222.87499999999997,441.54999999999995,quota,2770353207
78,6,[165.9],3.593,165.9,3.593,PPFD (Photosynthetic Photon Flux Density),NEP (Net Ecosystem Productivity),PPFD (Photosynthetic Photon Flux Density),NEP (Net Ecosystem Productivity),pair0078,/Users/aj9225/Local/meta-learning-ecological-priors-from-llms/functionlearning/data/cause-effects/pairs/pair0078.txt,0,4.2,222.87499999999997,quota,2770353207
78,7,[444.9],20.284,444.9,20.284,PPFD (Photosynthetic Photon Flux Density),NEP (Net Ecosystem Productivity),PPFD (Photosynthetic Photon Flux Density),NEP (Net Ecosystem Productivity),pair0078,/Users/aj9225/Local/meta-learning-ecological-priors-from-llms/functionlearning/data/cause-effects/pairs/pair0078.txt,2,441.54999999999995,660.225,quota,2770353207
78,8,[522.0],13.449,522.0,13.449,PPFD (Photosynthetic Photon Flux Density),NEP (Net Ecosystem Productivity),PPFD (Photosynthetic Photon Flux Density),NEP (Net Ecosystem Productivity),pair0078,/Users/aj9225/Local/meta-learning-ecological-priors-from-llms/functionlearning/data/cause-effects/pairs/pair0078.txt,2,441.54999999999995,660.225,quota,2770353207
78,9,[989.7],21.226,989.7,21.226,PPFD (Photosynthetic Photon Flux Density),NEP (Net Ecosystem Productivity),PPFD (Photosynthetic Photon Flux Density),NEP (Net Ecosystem Productivity),pair0078,/Users/aj9225/Local/meta-learning-ecological-priors-from-llms/functionlearning/data/cause-effects/pairs/pair0078.txt,4,878.9,1097.575,quota,2770353207
78,10,[1151.2],20.065,1151.2,20.065,PPFD (Photosynthetic Photon Flux Density),NEP (Net Ecosystem Productivity),PPFD (Photosynthetic Photon Flux Density),NEP (Net Ecosystem Productivity),pair0078,/Users/aj9225/Local/meta-learning-ecological-priors-from-llms/functionlearning/data/cause-effects/pairs/pair0078.txt,5,1097.575,1316.25,quota,2770353207
78,11,[1271.1],11.002,1271.1,11.002,PPFD (Photosynthetic Photon Flux Density),NEP (Net Ecosystem Productivity),PPFD (Photosynthetic Photon Flux Density),NEP (Net Ecosystem Productivity),pair0078,/Users/aj9225/Local/meta-learning-ecological-priors-from-llms/functionlearning/data/cause-effects/pairs/pair0078.txt,5,1097.575,1316.25,quota,2770353207
78,12,[1619.8],19.823,1619.8,19.823,PPFD (Photosynthetic Photon Flux Density),NEP (Net Ecosystem Productivity),PPFD (Photosynthetic Photon Flux Density),NEP (Net Ecosystem Productivity),pair0078,/Users/aj9225/Local/meta-learning-ecological-priors-from-llms/functionlearning/data/cause-effects/pairs/pair0078.txt,7,1534.925,1753.6,quota,2770353207
78,13,[1060.5],22.844,1060.5,22.844,PPFD (Photosynthetic Photon Flux Density),NEP (Net Ecosystem Productivity),PPFD (Photosynthetic Photon Flux Density),NEP (Net Ecosystem Productivity),pair0078,/Users/aj9225/Local/meta-learning-ecological-priors-from-llms/functionlearning/data/cause-effects/pairs/pair0078.txt,4,878.9,1097.575,quota,2770353207
78,14,[951.5],15.181,951.5,15.181,PPFD (Photosynthetic Photon Flux Density),NEP (Net Ecosystem Productivity),PPFD (Photosynthetic Photon Flux Density),NEP (Net Ecosystem Productivity),pair0078,/Users/aj9225/Local/meta-learning-ecological-priors-from-llms/functionlearning/data/cause-effects/pairs/pair0078.txt,4,878.9,1097.575,quota,2770353207
78,15,[1431.7],21.672,1431.7,21.672,PPFD (Photosynthetic Photon Flux Density),NEP (Net Ecosystem Productivity),PPFD (Photosynthetic Photon Flux Density),NEP (Net Ecosystem Productivity),pair0078,/Users/aj9225/Local/meta-learning-ecological-priors-from-llms/functionlearning/data/cause-effects/pairs/pair0078.txt,6,1316.25,1534.925,quota,2770353207
78,16,[276.3],8.613,276.3,8.613,PPFD (Photosynthetic Photon Flux Density),NEP (Net Ecosystem Productivity),PPFD (Photosynthetic Photon Flux Density),NEP (Net Ecosystem Productivity),pair0078,/Users/aj9225/Local/meta-learning-ecological-priors-from-llms/functionlearning/data/cause-effects/pairs/pair0078.txt,1,222.87499999999997,441.54999999999995,quota,2770353207
78,17,[688.6],20.922,688.6,20.922,PPFD (Photosynthetic Photon Flux Density),NEP (Net Ecosystem Productivity),PPFD (Photosynthetic Photon Flux Density),NEP (Net Ecosystem Productivity),pair0078,/Users/aj9225/Local/meta-learning-ecological-priors-from-llms/functionlearning/data/cause-effects/pairs/pair0078.txt,3,660.225,878.9,quota,2770353207
78,18,[1730.6],18.937,1730.6,18.937,PPFD (Photosynthetic Photon Flux Density),NEP (Net Ecosystem Productivity),PPFD (Photosynthetic Photon Flux Density),NEP (Net Ecosystem Productivity),pair0078,/Users/aj9225/Local/meta-learning-ecological-priors-from-llms/functionlearning/data/cause-effects/pairs/pair0078.txt,7,1534.925,1753.6,quota,2770353207
78,19,[1247.9],20.82,1247.9,20.82,PPFD (Photosynthetic Photon Flux Density),NEP (Net Ecosystem Productivity),PPFD (Photosynthetic Photon Flux Density),NEP (Net Ecosystem Productivity),pair0078,/Users/aj9225/Local/meta-learning-ecological-priors-from-llms/functionlearning/data/cause-effects/pairs/pair0078.txt,5,1097.575,1316.25,quota,2770353207
78,20,[1478.5],16.438,1478.5,16.438,PPFD (Photosynthetic Photon Flux Density),NEP (Net Ecosystem Productivity),PPFD (Photosynthetic Photon Flux Density),NEP (Net Ecosystem Productivity),pair0078,/Users/aj9225/Local/meta-learning-ecological-priors-from-llms/functionlearning/data/cause-effects/pairs/pair0078.txt,6,1316.25,1534.925,quota,2770353207
78,21,[128.6],4.516,128.6,4.516,PPFD (Photosynthetic Photon Flux Density),NEP (Net Ecosystem Productivity),PPFD (Photosynthetic Photon Flux Density),NEP (Net Ecosystem Productivity),pair0078,/Users/aj9225/Local/meta-learning-ecological-priors-from-llms/functionlearning/data/cause-effects/pairs/pair0078.txt,0,4.2,222.87499999999997,quota,2770353207
78,22,[182.4],5.641,182.4,5.641,PPFD (Photosynthetic Photon Flux Density),NEP (Net Ecosystem Productivity),PPFD (Photosynthetic Photon Flux Density),NEP (Net Ecosystem Productivity),pair0078,/Users/aj9225/Local/meta-learning-ecological-priors-from-llms/functionlearning/data/cause-effects/pairs/pair0078.txt,0,4.2,222.87499999999997,quota,2770353207
78,23,[565.3],20.471,565.3,20.471,PPFD (Photosynthetic Photon Flux Density),NEP (Net Ecosystem Productivity),PPFD (Photosynthetic Photon Flux Density),NEP (Net Ecosystem Productivity),pair0078,/Users/aj9225/Local/meta-learning-ecological-priors-from-llms/functionlearning/data/cause-effects/pairs/pair0078.txt,2,441.54999999999995,660.225,quota,2770353207
84,0,[8.9914],10.0805,8.9914,10.0805,the natural logarithm of employment in 1980 in 3102 counties in US;,the natural logorithm of the corresponding population,the natural logarithm of employment in 1980 in 3102 counties in US;,the natural logorithm of the corresponding population,pair0084,/Users/aj9225/Local/meta-learning-ecological-priors-from-llms/functionlearning/data/cause-effects/pairs/pair0084.txt,3,8.0267625,9.43345,quota,3279369385
84,1,[10.3192],11.1368,10.3192,11.1368,the natural logarithm of employment in 1980 in 3102 counties in US;,the natural logorithm of the corresponding population,the natural logarithm of employment in 1980 in 3102 counties in US;,the natural logorithm of the corresponding population,pair0084,/Users/aj9225/Local/meta-learning-ecological-priors-from-llms/functionlearning/data/cause-effects/pairs/pair0084.txt,4,9.43345,10.8401375,quota,3279369385
84,2,[5.6664],6.4846,5.6664,6.4846,the natural logarithm of employment in 1980 in 3102 counties in US;,the natural logorithm of the corresponding population,the natural logarithm of employment in 1980 in 3102 counties in US;,the natural logorithm of the corresponding population,pair0084,/Users/aj9225/Local/meta-learning-ecological-priors-from-llms/functionlearning/data/cause-effects/pairs/pair0084.txt,1,5.2133875,6.620075,quota,3279369385
84,3,[8.6473],9.6543,8.6473,9.6543,the natural logarithm of employment in 1980 in 3102 counties in US;,the natural logorithm of the corresponding population,the natural logarithm of employment in 1980 in 3102 counties in US;,the natural logorithm of the corresponding population,pair0084,/Users/aj9225/Local/meta-learning-ecological-priors-from-llms/functionlearning/data/cause-effects/pairs/pair0084.txt,3,8.0267625,9.43345,quota,3279369385
84,4,[11.0678],11.9314,11.0678,11.9314,the natural logarithm of employment in 1980 in 3102 counties in US;,the natural logorithm of the corresponding population,the natural logarithm of employment in 1980 in 3102 counties in US;,the natural logorithm of the corresponding population,pair0084,/Users/aj9225/Local/meta-learning-ecological-priors-from-llms/functionlearning/data/cause-effects/pairs/pair0084.txt,5,10.8401375,12.246824999999998,quota,3279369385
84,5,[13.6885],14.6647,13.6885,14.6647,the natural logarithm of employment in 1980 in 3102 counties in US;,the natural logorithm of the corresponding population,the natural logarithm of employment in 1980 in 3102 counties in US;,the natural logorithm of the corresponding population,pair0084,/Users/aj9225/Local/meta-learning-ecological-priors-from-llms/functionlearning/data/cause-effects/pairs/pair0084.txt,7,13.653512499999998,15.0602,quota,3279369385
84,6,[10.9354],11.6511,10.9354,11.6511,the natural logarithm of employment in 1980 in 3102 counties in US;,the natural logorithm of the corresponding population,the natural logarithm of employment in 1980 in 3102 counties in US;,the natural logorithm of the corresponding population,pair0084,/Users/aj9225/Local/meta-learning-ecological-priors-from-llms/functionlearning/data/cause-effects/pairs/pair0084.txt,5,10.8401375,12.246824999999998,quota,3279369385
84,7,[3.8067],4.5109,3.8067,4.5109,the natural logarithm of employment in 1980 in 3102 counties in US;,the natural logorithm of the corresponding population,the natural logarithm of employment in 1980 in 3102 counties in US;,the natural logorithm of the corresponding population,pair0084,/Users/aj9225/Local/meta-learning-ecological-priors-from-llms/functionlearning/data/cause-effects/pairs/pair0084.txt,0,3.8067,5.2133875,quota,3279369385
84,8,[12.2793],13.1287,12.2793,13.1287,the natural logarithm of employment in 1980 in 3102 counties in US;,the natural logorithm of the corresponding population,the natural logarithm of employment in 1980 in 3102 counties in US;,the natural logorithm of the corresponding population,pair0084,/Users/aj9225/Local/meta-learning-ecological-priors-from-llms/functionlearning/data/cause-effects/pairs/pair0084.txt,6,12.246824999999998,13.653512499999998,quota,3279369385
84,9,[13.79],14.4745,13.79,14.4745,the natural logarithm of employment in 1980 in 3102 counties in US;,the natural logorithm of the corresponding population,the natural logarithm of employment in 1980 in 3102 counties in US;,the natural logorithm of the corresponding population,pair0084,/Users/aj9225/Local/meta-learning-ecological-priors-from-llms/functionlearning/data/cause-effects/pairs/pair0084.txt,7,13.653512499999998,15.0602,quota,3279369385
84,10,[6.0615],6.8804,6.0615,6.8804,the natural logarithm of employment in 1980 in 3102 counties in US;,the natural logorithm of the corresponding population,the natural logarithm of employment in 1980 in 3102 counties in US;,the natural logorithm of the corresponding population,pair0084,/Users/aj9225/Local/meta-learning-ecological-priors-from-llms/functionlearning/data/cause-effects/pairs/pair0084.txt,1,5.2133875,6.620075,quota,3279369385
84,11,[14.0183],14.695,14.0183,14.695,the natural logarithm of employment in 1980 in 3102 counties in US;,the natural logorithm of the corresponding population,the natural logarithm of employment in 1980 in 3102 counties in US;,the natural logorithm of the corresponding population,pair0084,/Users/aj9225/Local/meta-learning-ecological-priors-from-llms/functionlearning/data/cause-effects/pairs/pair0084.txt,7,13.653512499999998,15.0602,quota,3279369385
84,12,[6.612],7.7182,6.612,7.7182,the natural logarithm of employment in 1980 in 3102 counties in US;,the natural logorithm of the corresponding population,the natural logarithm of employment in 1980 in 3102 counties in US;,the natural logorithm of the corresponding population,pair0084,/Users/aj9225/Local/meta-learning-ecological-priors-from-llms/functionlearning/data/cause-effects/pairs/pair0084.txt,1,5.2133875,6.620075,quota,3279369385
84,13,[6.1924],7.0536,6.1924,7.0536,the natural logarithm of employment in 1980 in 3102 counties in US;,the natural logorithm of the corresponding population,the natural logarithm of employment in 1980 in 3102 counties in US;,the natural logorithm of the corresponding population,pair0084,/Users/aj9225/Local/meta-learning-ecological-priors-from-llms/functionlearning/data/cause-effects/pairs/pair0084.txt,1,5.2133875,6.620075,redistributed,3279369385
84,14,[7.2682],8.1044,7.2682,8.1044,the natural logarithm of employment in 1980 in 3102 counties in US;,the natural logorithm of the corresponding population,the natural logarithm of employment in 1980 in 3102 counties in US;,the natural logorithm of the corresponding population,pair0084,/Users/aj9225/Local/meta-learning-ecological-priors-from-llms/functionlearning/data/cause-effects/pairs/pair0084.txt,2,6.620075,8.0267625,quota,3279369385
84,15,[12.4172],13.2268,12.4172,13.2268,the natural logarithm of employment in 1980 in 3102 counties in US;,the natural logorithm of the corresponding population,the natural logarithm of employment in 1980 in 3102 counties in US;,the natural logorithm of the corresponding population,pair0084,/Users/aj9225/Local/meta-learning-ecological-priors-from-llms/functionlearning/data/cause-effects/pairs/pair0084.txt,6,12.246824999999998,13.653512499999998,quota,3279369385
84,16,[11.3567],12.0786,11.3567,12.0786,the natural logarithm of employment in 1980 in 3102 counties in US;,the natural logorithm of the corresponding population,the natural logarithm of employment in 1980 in 3102 counties in US;,the natural logorithm of the corresponding population,pair0084,/Users/aj9225/Local/meta-learning-ecological-priors-from-llms/functionlearning/data/cause-effects/pairs/pair0084.txt,5,10.8401375,12.246824999999998,quota,3279369385
84,17,[7.3408],8.1339,7.3408,8.1339,the natural logarithm of employment in 1980 in 3102 counties in US;,the natural logorithm of the corresponding population,the natural logarithm of employment in 1980 in 3102 counties in US;,the natural logorithm of the corresponding population,pair0084,/Users/aj9225/Local/meta-learning-ecological-priors-from-llms/functionlearning/data/cause-effects/pairs/pair0084.txt,2,6.620075,8.0267625,quota,3279369385
84,18,[7.1468],8.1143,7.1468,8.1143,the natural logarithm of employment in 1980 in 3102 counties in US;,the natural logorithm of the corresponding population,the natural logarithm of employment in 1980 in 3102 counties in US;,the natural logorithm of the corresponding population,pair0084,/Users/aj9225/Local/meta-learning-ecological-priors-from-llms/functionlearning/data/cause-effects/pairs/pair0084.txt,2,6.620075,8.0267625,redistributed,3279369385
84,19,[10.0294],10.9415,10.0294,10.9415,the natural logarithm of employment in 1980 in 3102 counties in US;,the natural logorithm of the corresponding population,the natural logarithm of employment in 1980 in 3102 counties in US;,the natural logorithm of the corresponding population,pair0084,/Users/aj9225/Local/meta-learning-ecological-priors-from-llms/functionlearning/data/cause-effects/pairs/pair0084.txt,4,9.43345,10.8401375,quota,3279369385
84,20,[7.1686],8.1716,7.1686,8.1716,the natural logarithm of employment in 1980 in 3102 counties in US;,the natural logorithm of the corresponding population,the natural logarithm of employment in 1980 in 3102 counties in US;,the natural logorithm of the corresponding population,pair0084,/Users/aj9225/Local/meta-learning-ecological-priors-from-llms/functionlearning/data/cause-effects/pairs/pair0084.txt,2,6.620075,8.0267625,quota,3279369385
84,21,[9.4578],10.3957,9.4578,10.3957,the natural logarithm of employment in 1980 in 3102 counties in US;,the natural logorithm of the corresponding population,the natural logarithm of employment in 1980 in 3102 counties in US;,the natural logorithm of the corresponding population,pair0084,/Users/aj9225/Local/meta-learning-ecological-priors-from-llms/functionlearning/data/cause-effects/pairs/pair0084.txt,4,9.43345,10.8401375,quota,3279369385
84,22,[12.7334],13.5714,12.7334,13.5714,the natural logarithm of employment in 1980 in 3102 counties in US;,the natural logorithm of the corresponding population,the natural logarithm of employment in 1980 in 3102 counties in US;,the natural logorithm of the corresponding population,pair0084,/Users/aj9225/Local/meta-learning-ecological-priors-from-llms/functionlearning/data/cause-effects/pairs/pair0084.txt,6,12.246824999999998,13.653512499999998,quota,3279369385
84,23,[8.1185],9.0406,8.1185,9.0406,the natural logarithm of employment in 1980 in 3102 counties in US;,the natural logorithm of the corresponding population,the natural logarithm of employment in 1980 in 3102 counties in US;,the natural logorithm of the corresponding population,pair0084,/Users/aj9225/Local/meta-learning-ecological-priors-from-llms/functionlearning/data/cause-effects/pairs/pair0084.txt,3,8.0267625,9.43345,quota,3279369385
93,0,[4.87796831130981],2.67850565910339,4.87796831130981,2.67850565910339,average precipitation over 1948 to 2004 in mm/day,average runoff in over 1948 to 2004 mm/day,average precipitation over 1948 to 2004 in mm/day,average runoff in over 1948 to 2004 mm/day,pair0093,/Users/aj9225/Local/meta-learning-ecological-priors-from-llms/functionlearning/data/cause-effects/pairs/pair0093.txt,4,4.129751026630402,4.987532243132591,quota,3755067385
93,1,[7.40177249908447],7.23734998703003,7.40177249908447,7.23734998703003,average precipitation over 1948 to 2004 in mm/day,average runoff in over 1948 to 2004 mm/day,average precipitation over 1948 to 2004 in mm/day,average runoff in over 1948 to 2004 mm/day,pair0093,/Users/aj9225/Local/meta-learning-ecological-priors-from-llms/functionlearning/data/cause-effects/pairs/pair0093.txt,7,6.7030946761369705,7.56087589263916,quota,3755067385
93,2,[2.76639342308044],0.834145545959473,2.76639342308044,0.834145545959473,average precipitation over 1948 to 2004 in mm/day,average runoff in over 1948 to 2004 mm/day,average precipitation over 1948 to 2004 in mm/day,average runoff in over 1948 to 2004 mm/day,pair0093,/Users/aj9225/Local/meta-learning-ecological-priors-from-llms/functionlearning/data/cause-effects/pairs/pair0093.txt,2,2.4141885936260223,3.271969810128212,quota,3755067385
93,3,[5.13952302932739],3.45956826210022,5.13952302932739,3.45956826210022,average precipitation over 1948 to 2004 in mm/day,average runoff in over 1948 to 2004 mm/day,average precipitation over 1948 to 2004 in mm/day,average runoff in over 1948 to 2004 mm/day,pair0093,/Users/aj9225/Local/meta-learning-ecological-priors-from-llms/functionlearning/data/cause-effects/pairs/pair0093.txt,5,4.987532243132591,5.845313459634781,quota,3755067385
93,4,[1.41962599754333],0.0190663002431393,1.41962599754333,0.0190663002431393,average precipitation over 1948 to 2004 in mm/day,average runoff in over 1948 to 2004 mm/day,average precipitation over 1948 to 2004 in mm/day,average runoff in over 1948 to 2004 mm/day,pair0093,/Users/aj9225/Local/meta-learning-ecological-priors-from-llms/functionlearning/data/cause-effects/pairs/pair0093.txt,0,0.698626160621643,1.5564073771238327,quota,3755067385
93,5,[4.11561918258667],1.39923584461212,4.11561918258667,1.39923584461212,average precipitation over 1948 to 2004 in mm/day,average runoff in over 1948 to 2004 mm/day,average precipitation over 1948 to 2004 in mm/day,average runoff in over 1948 to 2004 mm/day,pair0093,/Users/aj9225/Local/meta-learning-ecological-priors-from-llms/functionlearning/data/cause-effects/pairs/pair0093.txt,3,3.271969810128212,4.129751026630402,quota,3755067385
93,6,[5.3733229637146],2.35758757591248,5.3733229637146,2.35758757591248,average precipitation over 1948 to 2004 in mm/day,average runoff in over 1948 to 2004 mm/day,average precipitation over 1948 to 2004 in mm/day,average runoff in over 1948 to 2004 mm/day,pair0093,/Users/aj9225/Local/meta-learning-ecological-priors-from-llms/functionlearning/data/cause-effects/pairs/pair0093.txt,5,4.987532243132591,5.845313459634781,quota,3755067385
93,7,[6.49640417098999],5.85448837280273,6.49640417098999,5.85448837280273,average precipitation over 1948 to 2004 in mm/day,average runoff in over 1948 to 2004 mm/day,average precipitation over 1948 to 2004 in mm/day,average runoff in over 1948 to 2004 mm/day,pair0093,/Users/aj9225/Local/meta-learning-ecological-priors-from-llms/functionlearning/data/cause-effects/pairs/pair0093.txt,6,5.845313459634781,6.7030946761369705,quota,3755067385
93,8,[4.47200965881348],2.68841886520386,4.47200965881348,2.68841886520386,average precipitation over 1948 to 2004 in mm/day,average runoff in over 1948 to 2004 mm/day,average precipitation over 1948 to 2004 in mm/day,average runoff in over 1948 to 2004 mm/day,pair0093,/Users/aj9225/Local/meta-learning-ecological-priors-from-llms/functionlearning/data/cause-effects/pairs/pair0093.txt,4,4.129751026630402,4.987532243132591,quota,3755067385
93,9,[2.39649605751038],0.553647875785828,2.39649605751038,0.553647875785828,average precipitation over 1948 to 2004 in mm/day,average runoff in over 1948 to 2004 mm/day,average precipitation over 1948 to 2004 in mm/day,average runoff in over 1948 to 2004 mm/day,pair0093,/Users/aj9225/Local/meta-learning-ecological-priors-from-llms/functionlearning/data/cause-effects/pairs/pair0093.txt,1,1.5564073771238327,2.4141885936260223,redistributed,3755067385
93,10,[3.99944400787354],2.37991738319397,3.99944400787354,2.37991738319397,average precipitation over 1948 to 2004 in mm/day,average runoff in over 1948 to 2004 mm/day,average precipitation over 1948 to 2004 in mm/day,average runoff in over 1948 to 2004 mm/day,pair0093,/Users/aj9225/Local/meta-learning-ecological-priors-from-llms/functionlearning/data/cause-effects/pairs/pair0093.txt,3,3.271969810128212,4.129751026630402,quota,3755067385
93,11,[1.04478681087494],0.0479011349380016,1.04478681087494,0.0479011349380016,average precipitation over 1948 to 2004 in mm/day,average runoff in over 1948 to 2004 mm/day,average precipitation over 1948 to 2004 in mm/day,average runoff in over 1948 to 2004 mm/day,pair0093,/Users/aj9225/Local/meta-learning-ecological-priors-from-llms/functionlearning/data/cause-effects/pairs/pair0093.txt,0,0.698626160621643,1.5564073771238327,quota,3755067385
93,12,[4.307701587677],3.1143844127655,4.307701587677,3.1143844127655,average precipitation over 1948 to 2004 in mm/day,average runoff in over 1948 to 2004 mm/day,average precipitation over 1948 to 2004 in mm/day,average runoff in over 1948 to 2004 mm/day,pair0093,/Users/aj9225/Local/meta-learning-ecological-priors-from-llms/functionlearning/data/cause-effects/pairs/pair0093.txt,4,4.129751026630402,4.987532243132591,quota,3755067385
93,13,[2.99892783164978],1.38589119911194,2.99892783164978,1.38589119911194,average precipitation over 1948 to 2004 in mm/day,average runoff in over 1948 to 2004 mm/day,average precipitation over 1948 to 2004 in mm/day,average runoff in over 1948 to 2004 mm/day,pair0093,/Users/aj9225/Local/meta-learning-ecological-priors-from-llms/functionlearning/data/cause-effects/pairs/pair0093.txt,2,2.4141885936260223,3.271969810128212,quota,3755067385
93,14,[2.13315486907959],0.540233790874481,2.13315486907959,0.540233790874481,average precipitation over 1948 to 2004 in mm/day,average runoff in over 1948 to 2004 mm/day,average precipitation over 1948 to 2004 in mm/day,average runoff in over 1948 to 2004 mm/day,pair0093,/Users/aj9225/Local/meta-learning-ecological-priors-from-llms/functionlearning/data/cause-effects/pairs/pair0093.txt,1,1.5564073771238327,2.4141885936260223,quota,3755067385
93,15,[7.56087589263916],6.06071996688843,7.56087589263916,6.06071996688843,average precipitation over 1948 to 2004 in mm/day,average runoff in over 1948 to 2004 mm/day,average precipitation over 1948 to 2004 in mm/day,average runoff in over 1948 to 2004 mm/day,pair0093,/Users/aj9225/Local/meta-learning-ecological-priors-from-llms/functionlearning/data/cause-effects/pairs/pair0093.txt,7,6.7030946761369705,7.56087589263916,quota,3755067385
93,16,[2.673095703125],1.02551209926605,2.673095703125,1.02551209926605,average precipitation over 1948 to 2004 in mm/day,average runoff in over 1948 to 2004 mm/day,average precipitation over 1948 to 2004 in mm/day,average runoff in over 1948 to 2004 mm/day,pair0093,/Users/aj9225/Local/meta-learning-ecological-priors-from-llms/functionlearning/data/cause-effects/pairs/pair0093.txt,2,2.4141885936260223,3.271969810128212,quota,3755067385
93,17,[5.31867265701294],3.25460267066956,5.31867265701294,3.25460267066956,average precipitation over 1948 to 2004 in mm/day,average runoff in over 1948 to 2004 mm/day,average precipitation over 1948 to 2004 in mm/day,average runoff in over 1948 to 2004 mm/day,pair0093,/Users/aj9225/Local/meta-learning-ecological-priors-from-llms/functionlearning/data/cause-effects/pairs/pair0093.txt,5,4.987532243132591,5.845313459634781,quota,3755067385
93,18,[2.38839197158813],0.617472112178802,2.38839197158813,0.617472112178802,average precipitation over 1948 to 2004 in mm/day,average runoff in over 1948 to 2004 mm/day,average precipitation over 1948 to 2004 in mm/day,average runoff in over 1948 to 2004 mm/day,pair0093,/Users/aj9225/Local/meta-learning-ecological-priors-from-llms/functionlearning/data/cause-effects/pairs/pair0093.txt,1,1.5564073771238327,2.4141885936260223,quota,3755067385
93,19,[2.24455714225769],0.647181570529938,2.24455714225769,0.647181570529938,average precipitation over 1948 to 2004 in mm/day,average runoff in over 1948 to 2004 mm/day,average precipitation over 1948 to 2004 in mm/day,average runoff in over 1948 to 2004 mm/day,pair0093,/Users/aj9225/Local/meta-learning-ecological-priors-from-llms/functionlearning/data/cause-effects/pairs/pair0093.txt,1,1.5564073771238327,2.4141885936260223,quota,3755067385
93,20,[1.17645597457886],0.0640128552913666,1.17645597457886,0.0640128552913666,average precipitation over 1948 to 2004 in mm/day,average runoff in over 1948 to 2004 mm/day,average precipitation over 1948 to 2004 in mm/day,average runoff in over 1948 to 2004 mm/day,pair0093,/Users/aj9225/Local/meta-learning-ecological-priors-from-llms/functionlearning/data/cause-effects/pairs/pair0093.txt,0,0.698626160621643,1.5564073771238327,redistributed,3755067385
93,21,[6.87908935546875],6.82231473922729,6.87908935546875,6.82231473922729,average precipitation over 1948 to 2004 in mm/day,average runoff in over 1948 to 2004 mm/day,average precipitation over 1948 to 2004 in mm/day,average runoff in over 1948 to 2004 mm/day,pair0093,/Users/aj9225/Local/meta-learning-ecological-priors-from-llms/functionlearning/data/cause-effects/pairs/pair0093.txt,7,6.7030946761369705,7.56087589263916,quota,3755067385
93,22,[1.1154967546463],0.0311575289815664,1.1154967546463,0.0311575289815664,average precipitation over 1948 to 2004 in mm/day,average runoff in over 1948 to 2004 mm/day,average precipitation over 1948 to 2004 in mm/day,average runoff in over 1948 to 2004 mm/day,pair0093,/Users/aj9225/Local/meta-learning-ecological-priors-from-llms/functionlearning/data/cause-effects/pairs/pair0093.txt,0,0.698626160621643,1.5564073771238327,quota,3755067385
93,23,[3.84283709526062],1.52369046211243,3.84283709526062,1.52369046211243,average precipitation over 1948 to 2004 in mm/day,average runoff in over 1948 to 2004 mm/day,average precipitation over 1948 to 2004 in mm/day,average runoff in over 1948 to 2004 mm/day,pair0093,/Users/aj9225/Local/meta-learning-ecological-priors-from-llms/functionlearning/data/cause-effects/pairs/pair0093.txt,3,3.271969810128212,4.129751026630402,quota,3755067385
98,0,[0.0045454545454545],0.0010504201680672,0.0045454545454545,0.0010504201680672,speed at the beginning,speed at the end,speed at the beginning,speed at the end,pair0098,/Users/aj9225/Local/meta-learning-ecological-priors-from-llms/functionlearning/data/cause-effects/pairs/pair0098.txt,2,0.00392211148025095,0.004591177556293775,quota,1838766695
98,1,[0.0056179775280898],0.0014684287812041,0.0056179775280898,0.0014684287812041,speed at the beginning,speed at the end,speed at the beginning,speed at the end,pair0098,/Users/aj9225/Local/meta-learning-ecological-priors-from-llms/functionlearning/data/cause-effects/pairs/pair0098.txt,4,0.005260243632336599,0.005929309708379425,quota,1838766695
98,2,[0.0063291139240506],0.0016750418760469,0.0063291139240506,0.0016750418760469,speed at the beginning,speed at the end,speed at the beginning,speed at the end,pair0098,/Users/aj9225/Local/meta-learning-ecological-priors-from-llms/functionlearning/data/cause-effects/pairs/pair0098.txt,5,0.005929309708379425,0.0065983757844222495,quota,1838766695
98,3,[0.0067567567567567],0.0018726591760299,0.0067567567567567,0.0018726591760299,speed at the beginning,speed at the end,speed at the beginning,speed at the end,pair0098,/Users/aj9225/Local/meta-learning-ecological-priors-from-llms/functionlearning/data/cause-effects/pairs/pair0098.txt,6,0.0065983757844222495,0.007267441860465074,quota,1838766695
98,4,[0.0036764705882352],0.0009276437847866,0.0036764705882352,0.0009276437847866,speed at the beginning,speed at the end,speed at the beginning,speed at the end,pair0098,/Users/aj9225/Local/meta-learning-ecological-priors-from-llms/functionlearning/data/cause-effects/pairs/pair0098.txt,1,0.003253045404208125,0.00392211148025095,quota,1838766695
98,5,[0.0034129692832764],0.0008312551953449,0.0034129692832764,0.0008312551953449,speed at the beginning,speed at the end,speed at the beginning,speed at the end,pair0098,/Users/aj9225/Local/meta-learning-ecological-priors-from-llms/functionlearning/data/cause-effects/pairs/pair0098.txt,1,0.003253045404208125,0.00392211148025095,quota,1838766695
98,6,[0.0034013605442176],0.0007968127490039,0.0034013605442176,0.0007968127490039,speed at the beginning,speed at the end,speed at the beginning,speed at the end,pair0098,/Users/aj9225/Local/meta-learning-ecological-priors-from-llms/functionlearning/data/cause-effects/pairs/pair0098.txt,1,0.003253045404208125,0.00392211148025095,quota,1838766695
98,7,[0.0050251256281407],0.0011792452830188,0.0050251256281407,0.0011792452830188,speed at the beginning,speed at the end,speed at the beginning,speed at the end,pair0098,/Users/aj9225/Local/meta-learning-ecological-priors-from-llms/functionlearning/data/cause-effects/pairs/pair0098.txt,3,0.004591177556293775,0.005260243632336599,quota,1838766695
98,8,[0.0063694267515923],0.0016207455429497,0.0063694267515923,0.0016207455429497,speed at the beginning,speed at the end,speed at the beginning,speed at the end,pair0098,/Users/aj9225/Local/meta-learning-ecological-priors-from-llms/functionlearning/data/cause-effects/pairs/pair0098.txt,5,0.005929309708379425,0.0065983757844222495,quota,1838766695
98,9,[0.0068493150684931],0.0017035775127768,0.0068493150684931,0.0017035775127768,speed at the beginning,speed at the end,speed at the beginning,speed at the end,pair0098,/Users/aj9225/Local/meta-learning-ecological-priors-from-llms/functionlearning/data/cause-effects/pairs/pair0098.txt,6,0.0065983757844222495,0.007267441860465074,quota,1838766695
98,10,[0.0052910052910052],0.0013642564802182,0.0052910052910052,0.0013642564802182,speed at the beginning,speed at the end,speed at the beginning,speed at the end,pair0098,/Users/aj9225/Local/meta-learning-ecological-priors-from-llms/functionlearning/data/cause-effects/pairs/pair0098.txt,4,0.005260243632336599,0.005929309708379425,quota,1838766695
98,11,[0.0055865921787709],0.0014925373134328,0.0055865921787709,0.0014925373134328,speed at the beginning,speed at the end,speed at the beginning,speed at the end,pair0098,/Users/aj9225/Local/meta-learning-ecological-priors-from-llms/functionlearning/data/cause-effects/pairs/pair0098.txt,4,0.005260243632336599,0.005929309708379425,quota,1838766695
98,12,[0.0050251256281407],0.0012422360248447,0.0050251256281407,0.0012422360248447,speed at the beginning,speed at the end,speed at the beginning,speed at the end,pair0098,/Users/aj9225/Local/meta-learning-ecological-priors-from-llms/functionlearning/data/cause-effects/pairs/pair0098.txt,3,0.004591177556293775,0.005260243632336599,quota,1838766695
98,13,[0.0025839793281653],0.0007293946024799,0.0025839793281653,0.0007293946024799,speed at the beginning,speed at the end,speed at the beginning,speed at the end,pair0098,/Users/aj9225/Local/meta-learning-ecological-priors-from-llms/functionlearning/data/cause-effects/pairs/pair0098.txt,0,0.0025839793281653,0.003253045404208125,quota,1838766695
98,14,[0.0068027210884353],0.0018050541516245,0.0068027210884353,0.0018050541516245,speed at the beginning,speed at the end,speed at the beginning,speed at the end,pair0098,/Users/aj9225/Local/meta-learning-ecological-priors-from-llms/functionlearning/data/cause-effects/pairs/pair0098.txt,6,0.0065983757844222495,0.007267441860465074,quota,1838766695
98,15,[0.0047846889952153],0.0011235955056179,0.0047846889952153,0.0011235955056179,speed at the beginning,speed at the end,speed at the beginning,speed at the end,pair0098,/Users/aj9225/Local/meta-learning-ecological-priors-from-llms/functionlearning/data/cause-effects/pairs/pair0098.txt,3,0.004591177556293775,0.005260243632336599,quota,1838766695
98,16,[0.0072992700729927],0.0017361111111111,0.0072992700729927,0.0017361111111111,speed at the beginning,speed at the end,speed at the beginning,speed at the end,pair0098,/Users/aj9225/Local/meta-learning-ecological-priors-from-llms/functionlearning/data/cause-effects/pairs/pair0098.txt,7,0.007267441860465074,0.0079365079365079,quota,1838766695
98,17,[0.0045454545454545],0.0010845986984815,0.0045454545454545,0.0010845986984815,speed at the beginning,speed at the end,speed at the beginning,speed at the end,pair0098,/Users/aj9225/Local/meta-learning-ecological-priors-from-llms/functionlearning/data/cause-effects/pairs/pair0098.txt,2,0.00392211148025095,0.004591177556293775,quota,1838766695
98,18,[0.004524886877828],0.0010869565217391,0.004524886877828,0.0010869565217391,speed at the beginning,speed at the end,speed at the beginning,speed at the end,pair0098,/Users/aj9225/Local/meta-learning-ecological-priors-from-llms/functionlearning/data/cause-effects/pairs/pair0098.txt,2,0.00392211148025095,0.004591177556293775,quota,1838766695
98,19,[0.0059523809523809],0.0014947683109118,0.0059523809523809,0.0014947683109118,speed at the beginning,speed at the end,speed at the beginning,speed at the end,pair0098,/Users/aj9225/Local/meta-learning-ecological-priors-from-llms/functionlearning/data/cause-effects/pairs/pair0098.txt,5,0.005929309708379425,0.0065983757844222495,quota,1838766695
98,20,[0.0079365079365079],0.0019120458891013,0.0079365079365079,0.0019120458891013,speed at the beginning,speed at the end,speed at the beginning,speed at the end,pair0098,/Users/aj9225/Local/meta-learning-ecological-priors-from-llms/functionlearning/data/cause-effects/pairs/pair0098.txt,7,0.007267441860465074,0.0079365079365079,quota,1838766695
98,21,[0.0029761904761904],0.0006775067750677,0.0029761904761904,0.0006775067750677,speed at the beginning,speed at the end,speed at the beginning,speed at the end,pair0098,/Users/aj9225/Local/meta-learning-ecological-priors-from-llms/functionlearning/data/cause-effects/pairs/pair0098.txt,0,0.0025839793281653,0.003253045404208125,quota,1838766695
98,22,[0.0028089887640449],0.0006285355122564,0.0028089887640449,0.0006285355122564,speed at the beginning,speed at the end,speed at the beginning,speed at the end,pair0098,/Users/aj9225/Local/meta-learning-ecological-priors-from-llms/functionlearning/data/cause-effects/pairs/pair0098.txt,0,0.0025839793281653,0.003253045404208125,quota,1838766695
98,23,[0.0073529411764705],0.0018726591760299,0.0073529411764705,0.0018726591760299,speed at the beginning,speed at the end,speed at the beginning,speed at the end,pair0098,/Users/aj9225/Local/meta-learning-ecological-priors-from-llms/functionlearning/data/cause-effects/pairs/pair0098.txt,7,0.007267441860465074,0.0079365079365079,quota,1838766695
100,0,[5.29832],3.4012,5.29832,3.4012,"logarithm of the second column ('syct', cycle time in nanoseconds)","logarithm of the seventh column ('perf', published performance on a benchmark mix relative to an IBM 370/158-3)","logarithm of the second column ('syct', cycle time in nanoseconds)","logarithm of the seventh column ('perf', published performance on a benchmark mix relative to an IBM 370/158-3)",pair0100,/Users/aj9225/Local/meta-learning-ecological-priors-from-llms/functionlearning/data/cause-effects/pairs/pair0100.txt,4,5.073214999999999,5.63321625,quota,1897843652
100,1,[5.76832],3.29584,5.76832,3.29584,"logarithm of the second column ('syct', cycle time in nanoseconds)","logarithm of the seventh column ('perf', published performance on a benchmark mix relative to an IBM 370/158-3)","logarithm of the second column ('syct', cycle time in nanoseconds)","logarithm of the seventh column ('perf', published performance on a benchmark mix relative to an IBM 370/158-3)",pair0100,/Users/aj9225/Local/meta-learning-ecological-priors-from-llms/functionlearning/data/cause-effects/pairs/pair0100.txt,5,5.63321625,6.193217499999999,quota,1897843652
100,2,[3.95124],4.86753,3.95124,4.86753,"logarithm of the second column ('syct', cycle time in nanoseconds)","logarithm of the seventh column ('perf', published performance on a benchmark mix relative to an IBM 370/158-3)","logarithm of the second column ('syct', cycle time in nanoseconds)","logarithm of the seventh column ('perf', published performance on a benchmark mix relative to an IBM 370/158-3)",pair0100,/Users/aj9225/Local/meta-learning-ecological-priors-from-llms/functionlearning/data/cause-effects/pairs/pair0100.txt,1,3.39321125,3.9532125,quota,1897843652
100,3,[4.75359],4.2485,4.75359,4.2485,"logarithm of the second column ('syct', cycle time in nanoseconds)","logarithm of the seventh column ('perf', published performance on a benchmark mix relative to an IBM 370/158-3)","logarithm of the second column ('syct', cycle time in nanoseconds)","logarithm of the seventh column ('perf', published performance on a benchmark mix relative to an IBM 370/158-3)",pair0100,/Users/aj9225/Local/meta-learning-ecological-priors-from-llms/functionlearning/data/cause-effects/pairs/pair0100.txt,3,4.51321375,5.073214999999999,quota,1897843652
100,4,[6.68461],2.48491,6.68461,2.48491,"logarithm of the second column ('syct', cycle time in nanoseconds)","logarithm of the seventh column ('perf', published performance on a benchmark mix relative to an IBM 370/158-3)","logarithm of the second column ('syct', cycle time in nanoseconds)","logarithm of the seventh column ('perf', published performance on a benchmark mix relative to an IBM 370/158-3)",pair0100,/Users/aj9225/Local/meta-learning-ecological-priors-from-llms/functionlearning/data/cause-effects/pairs/pair0100.txt,6,6.193217499999999,6.75321875,quota,1897843652
100,5,[4.7185],2.07944,4.7185,2.07944,"logarithm of the second column ('syct', cycle time in nanoseconds)","logarithm of the seventh column ('perf', published performance on a benchmark mix relative to an IBM 370/158-3)","logarithm of the second column ('syct', cycle time in nanoseconds)","logarithm of the seventh column ('perf', published performance on a benchmark mix relative to an IBM 370/158-3)",pair0100,/Users/aj9225/Local/meta-learning-ecological-priors-from-llms/functionlearning/data/cause-effects/pairs/pair0100.txt,3,4.51321375,5.073214999999999,quota,1897843652
100,6,[3.13549],7.04229,3.13549,7.04229,"logarithm of the second column ('syct', cycle time in nanoseconds)","logarithm of the seventh column ('perf', published performance on a benchmark mix relative to an IBM 370/158-3)","logarithm of the second column ('syct', cycle time in nanoseconds)","logarithm of the seventh column ('perf', published performance on a benchmark mix relative to an IBM 370/158-3)",pair0100,/Users/aj9225/Local/meta-learning-ecological-priors-from-llms/functionlearning/data/cause-effects/pairs/pair0100.txt,0,2.83321,3.39321125,quota,1897843652
100,7,[6.80239],3.09104,6.80239,3.09104,"logarithm of the second column ('syct', cycle time in nanoseconds)","logarithm of the seventh column ('perf', published performance on a benchmark mix relative to an IBM 370/158-3)","logarithm of the second column ('syct', cycle time in nanoseconds)","logarithm of the seventh column ('perf', published performance on a benchmark mix relative to an IBM 370/158-3)",pair0100,/Users/aj9225/Local/meta-learning-ecological-priors-from-llms/functionlearning/data/cause-effects/pairs/pair0100.txt,7,6.75321875,7.31322,quota,1897843652
100,8,[5.19296],2.63906,5.19296,2.63906,"logarithm of the second column ('syct', cycle time in nanoseconds)","logarithm of the seventh column ('perf', published performance on a benchmark mix relative to an IBM 370/158-3)","logarithm of the second column ('syct', cycle time in nanoseconds)","logarithm of the seventh column ('perf', published performance on a benchmark mix relative to an IBM 370/158-3)",pair0100,/Users/aj9225/Local/meta-learning-ecological-priors-from-llms/functionlearning/data/cause-effects/pairs/pair0100.txt,4,5.073214999999999,5.63321625,quota,1897843652
100,9,[6.68461],3.09104,6.68461,3.09104,"logarithm of the second column ('syct', cycle time in nanoseconds)","logarithm of the seventh column ('perf', published performance on a benchmark mix relative to an IBM 370/158-3)","logarithm of the second column ('syct', cycle time in nanoseconds)","logarithm of the seventh column ('perf', published performance on a benchmark mix relative to an IBM 370/158-3)",pair0100,/Users/aj9225/Local/meta-learning-ecological-priors-from-llms/functionlearning/data/cause-effects/pairs/pair0100.txt,6,6.193217499999999,6.75321875,quota,1897843652
100,10,[5.76832],3.49651,5.76832,3.49651,"logarithm of the second column ('syct', cycle time in nanoseconds)","logarithm of the seventh column ('perf', published performance on a benchmark mix relative to an IBM 370/158-3)","logarithm of the second column ('syct', cycle time in nanoseconds)","logarithm of the seventh column ('perf', published performance on a benchmark mix relative to an IBM 370/158-3)",pair0100,/Users/aj9225/Local/meta-learning-ecological-priors-from-llms/functionlearning/data/cause-effects/pairs/pair0100.txt,5,5.63321625,6.193217499999999,quota,1897843652
100,11,[6.17379],1.79176,6.17379,1.79176,"logarithm of the second column ('syct', cycle time in nanoseconds)","logarithm of the seventh column ('perf', published performance on a benchmark mix relative to an IBM 370/158-3)","logarithm of the second column ('syct', cycle time in nanoseconds)","logarithm of the seventh column ('perf', published performance on a benchmark mix relative to an IBM 370/158-3)",pair0100,/Users/aj9225/Local/meta-learning-ecological-priors-from-llms/functionlearning/data/cause-effects/pairs/pair0100.txt,5,5.63321625,6.193217499999999,quota,1897843652
100,12,[5.22036],4.33073,5.22036,4.33073,"logarithm of the second column ('syct', cycle time in nanoseconds)","logarithm of the seventh column ('perf', published performance on a benchmark mix relative to an IBM 370/158-3)","logarithm of the second column ('syct', cycle time in nanoseconds)","logarithm of the seventh column ('perf', published performance on a benchmark mix relative to an IBM 370/158-3)",pair0100,/Users/aj9225/Local/meta-learning-ecological-priors-from-llms/functionlearning/data/cause-effects/pairs/pair0100.txt,4,5.073214999999999,5.63321625,quota,1897843652
100,13,[4.31749],4.15888,4.31749,4.15888,"logarithm of the second column ('syct', cycle time in nanoseconds)","logarithm of the seventh column ('perf', published performance on a benchmark mix relative to an IBM 370/158-3)","logarithm of the second column ('syct', cycle time in nanoseconds)","logarithm of the seventh column ('perf', published performance on a benchmark mix relative to an IBM 370/158-3)",pair0100,/Users/aj9225/Local/meta-learning-ecological-priors-from-llms/functionlearning/data/cause-effects/pairs/pair0100.txt,2,3.9532125,4.51321375,quota,1897843652
100,14,[3.63759],4.94164,3.63759,4.94164,"logarithm of the second column ('syct', cycle time in nanoseconds)","logarithm of the seventh column ('perf', published performance on a benchmark mix relative to an IBM 370/158-3)","logarithm of the second column ('syct', cycle time in nanoseconds)","logarithm of the seventh column ('perf', published performance on a benchmark mix relative to an IBM 370/158-3)",pair0100,/Users/aj9225/Local/meta-learning-ecological-priors-from-llms/functionlearning/data/cause-effects/pairs/pair0100.txt,1,3.39321125,3.9532125,quota,1897843652
100,15,[7.31322],2.89037,7.31322,2.89037,"logarithm of the second column ('syct', cycle time in nanoseconds)","logarithm of the seventh column ('perf', published performance on a benchmark mix relative to an IBM 370/158-3)","logarithm of the second column ('syct', cycle time in nanoseconds)","logarithm of the seventh column ('perf', published performance on a benchmark mix relative to an IBM 370/158-3)",pair0100,/Users/aj9225/Local/meta-learning-ecological-priors-from-llms/functionlearning/data/cause-effects/pairs/pair0100.txt,7,6.75321875,7.31322,quota,1897843652
100,16,[3.91202],5.98394,3.91202,5.98394,"logarithm of the second column ('syct', cycle time in nanoseconds)","logarithm of the seventh column ('perf', published performance on a benchmark mix relative to an IBM 370/158-3)","logarithm of the second column ('syct', cycle time in nanoseconds)","logarithm of the seventh column ('perf', published performance on a benchmark mix relative to an IBM 370/158-3)",pair0100,/Users/aj9225/Local/meta-learning-ecological-priors-from-llms/functionlearning/data/cause-effects/pairs/pair0100.txt,1,3.39321125,3.9532125,quota,1897843652
100,17,[4.04305],5.46806,4.04305,5.46806,"logarithm of the second column ('syct', cycle time in nanoseconds)","logarithm of the seventh column ('perf', published performance on a benchmark mix relative to an IBM 370/158-3)","logarithm of the second column ('syct', cycle time in nanoseconds)","logarithm of the seventh column ('perf', published performance on a benchmark mix relative to an IBM 370/158-3)",pair0100,/Users/aj9225/Local/meta-learning-ecological-priors-from-llms/functionlearning/data/cause-effects/pairs/pair0100.txt,2,3.9532125,4.51321375,quota,1897843652
100,18,[4.31749],4.96981,4.31749,4.96981,"logarithm of the second column ('syct', cycle time in nanoseconds)","logarithm of the seventh column ('perf', published performance on a benchmark mix relative to an IBM 370/158-3)","logarithm of the second column ('syct', cycle time in nanoseconds)","logarithm of the seventh column ('perf', published performance on a benchmark mix relative to an IBM 370/158-3)",pair0100,/Users/aj9225/Local/meta-learning-ecological-priors-from-llms/functionlearning/data/cause-effects/pairs/pair0100.txt,2,3.9532125,4.51321375,quota,1897843652
100,19,[6.55108],3.17805,6.55108,3.17805,"logarithm of the second column ('syct', cycle time in nanoseconds)","logarithm of the seventh column ('perf', published performance on a benchmark mix relative to an IBM 370/158-3)","logarithm of the second column ('syct', cycle time in nanoseconds)","logarithm of the seventh column ('perf', published performance on a benchmark mix relative to an IBM 370/158-3)",pair0100,/Users/aj9225/Local/meta-learning-ecological-priors-from-llms/functionlearning/data/cause-effects/pairs/pair0100.txt,6,6.193217499999999,6.75321875,quota,1897843652
100,20,[4.96284],3.4012,4.96284,3.4012,"logarithm of the second column ('syct', cycle time in nanoseconds)","logarithm of the seventh column ('perf', published performance on a benchmark mix relative to an IBM 370/158-3)","logarithm of the second column ('syct', cycle time in nanoseconds)","logarithm of the seventh column ('perf', published performance on a benchmark mix relative to an IBM 370/158-3)",pair0100,/Users/aj9225/Local/meta-learning-ecological-priors-from-llms/functionlearning/data/cause-effects/pairs/pair0100.txt,3,4.51321375,5.073214999999999,quota,1897843652
100,21,[2.83321],4.60517,2.83321,4.60517,"logarithm of the second column ('syct', cycle time in nanoseconds)","logarithm of the seventh column ('perf', published performance on a benchmark mix relative to an IBM 370/158-3)","logarithm of the second column ('syct', cycle time in nanoseconds)","logarithm of the seventh column ('perf', published performance on a benchmark mix relative to an IBM 370/158-3)",pair0100,/Users/aj9225/Local/meta-learning-ecological-priors-from-llms/functionlearning/data/cause-effects/pairs/pair0100.txt,0,2.83321,3.39321125,quota,1897843652
100,22,[2.83321],4.89035,2.83321,4.89035,"logarithm of the second column ('syct', cycle time in nanoseconds)","logarithm of the seventh column ('perf', published performance on a benchmark mix relative to an IBM 370/158-3)","logarithm of the second column ('syct', cycle time in nanoseconds)","logarithm of the seventh column ('perf', published performance on a benchmark mix relative to an IBM 370/158-3)",pair0100,/Users/aj9225/Local/meta-learning-ecological-priors-from-llms/functionlearning/data/cause-effects/pairs/pair0100.txt,0,2.83321,3.39321125,quota,1897843652
100,23,[7.31322],2.48491,7.31322,2.48491,"logarithm of the second column ('syct', cycle time in nanoseconds)","logarithm of the seventh column ('perf', published performance on a benchmark mix relative to an IBM 370/158-3)","logarithm of the second column ('syct', cycle time in nanoseconds)","logarithm of the seventh column ('perf', published performance on a benchmark mix relative to an IBM 370/158-3)",pair0100,/Users/aj9225/Local/meta-learning-ecological-priors-from-llms/functionlearning/data/cause-effects/pairs/pair0100.txt,7,6.75321875,7.31322,quota,1897843652
